<<<<<<< HEAD
2026-01-29T09:35:48.976-05:00  INFO 15576 --- [restartedMain] org.proyecto.nvidiacorp.Application      : Starting Application using Java 17.0.14 with PID 15576 (D:\Users\LOQ\Desktop\Proyecto_NvidiaCorp\target\classes started by LOQ in D:\Users\LOQ\Desktop\Proyecto_NvidiaCorp)
2026-01-29T09:35:48.989-05:00  INFO 15576 --- [restartedMain] org.proyecto.nvidiacorp.Application      : No active profile set, falling back to 1 default profile: "default"
2026-01-29T09:35:49.144-05:00  INFO 15576 --- [restartedMain] .e.DevToolsPropertyDefaultsPostProcessor : Devtools property defaults active! Set 'spring.devtools.add-properties' to 'false' to disable
2026-01-29T09:35:49.144-05:00  INFO 15576 --- [restartedMain] .e.DevToolsPropertyDefaultsPostProcessor : For additional web related logging consider setting the 'logging.level.web' property to 'DEBUG'
2026-01-29T09:35:52.693-05:00  INFO 15576 --- [restartedMain] .s.d.r.c.RepositoryConfigurationDelegate : Bootstrapping Spring Data JPA repositories in DEFAULT mode.
2026-01-29T09:35:53.039-05:00  INFO 15576 --- [restartedMain] .s.d.r.c.RepositoryConfigurationDelegate : Finished Spring Data repository scanning in 325 ms. Found 8 JPA repository interfaces.
2026-01-29T09:35:55.709-05:00  INFO 15576 --- [restartedMain] o.s.b.w.embedded.tomcat.TomcatWebServer  : Tomcat initialized with port 8080 (http)
2026-01-29T09:35:55.765-05:00  INFO 15576 --- [restartedMain] o.apache.catalina.core.StandardService   : Starting service [Tomcat]
2026-01-29T09:35:55.765-05:00  INFO 15576 --- [restartedMain] o.apache.catalina.core.StandardEngine    : Starting Servlet engine: [Apache Tomcat/10.1.40]
2026-01-29T09:35:55.959-05:00  INFO 15576 --- [restartedMain] o.a.c.c.C.[Tomcat].[localhost].[/]       : Initializing Spring embedded WebApplicationContext
2026-01-29T09:35:55.961-05:00  INFO 15576 --- [restartedMain] w.s.c.ServletWebServerApplicationContext : Root WebApplicationContext: initialization completed in 6815 ms
2026-01-29T09:35:57.406-05:00  INFO 15576 --- [restartedMain] o.a.c.c.C.[Tomcat].[localhost].[/]       : Initializing AtmosphereFramework
2026-01-29T09:35:59.849-05:00  INFO 15576 --- [restartedMain] c.v.f.s.VaadinServletContextInitializer  : Search for subclasses and classes with annotations took 1913 ms
2026-01-29T09:36:00.758-05:00  INFO 15576 --- [restartedMain] c.v.b.d.startup.DevModeStartupListener   : Starting dev-mode updaters in D:\Users\LOQ\Desktop\Proyecto_NvidiaCorp folder.
2026-01-29T09:36:00.910-05:00  INFO 15576 --- [restartedMain] c.v.f.s.f.s.FullDependenciesScanner      : Visited 111 classes. Took 82 ms.
2026-01-29T09:36:02.543-05:00  INFO 15576 --- [vaadin-dev-server-1] c.v.f.s.frontend.TaskUpdatePackages      : Skipping `npm install` because the frontend packages are already installed in the folder 'D:\Users\LOQ\Desktop\Proyecto_NvidiaCorp\node_modules' and the hash in the file 'D:\Users\LOQ\Desktop\Proyecto_NvidiaCorp\node_modules\.vaadin\vaadin.json' is the same as in 'package.json'
2026-01-29T09:36:02.543-05:00  INFO 15576 --- [vaadin-dev-server-1] c.v.f.s.frontend.TaskCopyFrontendFiles   : Copying frontend resources from jar files ...
2026-01-29T09:36:02.629-05:00  INFO 15576 --- [restartedMain] o.hibernate.jpa.internal.util.LogHelper  : HHH000204: Processing PersistenceUnitInfo [name: default]
2026-01-29T09:36:02.869-05:00  INFO 15576 --- [restartedMain] org.hibernate.Version                    : HHH000412: Hibernate ORM core version 6.6.13.Final
2026-01-29T09:36:03.163-05:00  INFO 15576 --- [restartedMain] o.h.c.internal.RegionFactoryInitiator    : HHH000026: Second-level cache disabled
2026-01-29T09:36:03.918-05:00  INFO 15576 --- [restartedMain] o.s.o.j.p.SpringPersistenceUnitInfo      : No LoadTimeWeaver setup: ignoring JPA class transformer
2026-01-29T09:36:03.967-05:00  INFO 15576 --- [restartedMain] com.zaxxer.hikari.HikariDataSource       : HikariPool-1 - Starting...
2026-01-29T09:36:04.149-05:00  INFO 15576 --- [restartedMain] com.zaxxer.hikari.pool.HikariPool        : HikariPool-1 - Added connection org.mariadb.jdbc.Connection@7a60bce5
2026-01-29T09:36:04.154-05:00  INFO 15576 --- [restartedMain] com.zaxxer.hikari.HikariDataSource       : HikariPool-1 - Start completed.
2026-01-29T09:36:04.197-05:00  WARN 15576 --- [restartedMain] org.hibernate.orm.deprecation            : HHH90000025: MariaDBDialect does not need to be specified explicitly using 'hibernate.dialect' (remove the property setting and it will be selected by default)
2026-01-29T09:36:04.233-05:00  INFO 15576 --- [restartedMain] org.hibernate.orm.connections.pooling    : HHH10001005: Database info:
	Database JDBC URL [Connecting through datasource 'HikariDataSource (HikariPool-1)']
	Database driver: undefined/unknown
	Database version: 10.4.32
=======
2026-01-29T04:19:24.353-05:00  WARN 24516 --- [HikariPool-1 housekeeper] com.zaxxer.hikari.pool.HikariPool        : HikariPool-1 - Thread starvation or clock leap detected (housekeeper delta=10h23m52s689ms996µs101ns).
2026-01-29T08:04:01.680-05:00  WARN 24516 --- [HikariPool-1 housekeeper] com.zaxxer.hikari.pool.HikariPool        : HikariPool-1 - Thread starvation or clock leap detected (housekeeper delta=3h44m39s443ms609µs400ns).
2026-01-29T09:35:16.247-05:00  INFO 25468 --- [restartedMain] org.proyecto.nvidiacorp.Application      : Starting Application using Java 17.0.12 with PID 25468 (C:\Users\LENOVO I7\Desktop\Proyecto\Proyecto_NvidiaCorp\target\classes started by LENOVO I7 in C:\Users\LENOVO I7\Desktop\Proyecto\Proyecto_NvidiaCorp)
2026-01-29T09:35:16.264-05:00  INFO 25468 --- [restartedMain] org.proyecto.nvidiacorp.Application      : No active profile set, falling back to 1 default profile: "default"
2026-01-29T09:35:16.447-05:00  INFO 25468 --- [restartedMain] .e.DevToolsPropertyDefaultsPostProcessor : Devtools property defaults active! Set 'spring.devtools.add-properties' to 'false' to disable
2026-01-29T09:35:16.447-05:00  INFO 25468 --- [restartedMain] .e.DevToolsPropertyDefaultsPostProcessor : For additional web related logging consider setting the 'logging.level.web' property to 'DEBUG'
2026-01-29T09:35:24.573-05:00  INFO 25468 --- [restartedMain] .s.d.r.c.RepositoryConfigurationDelegate : Bootstrapping Spring Data JPA repositories in DEFAULT mode.
2026-01-29T09:35:25.599-05:00  INFO 25468 --- [restartedMain] .s.d.r.c.RepositoryConfigurationDelegate : Finished Spring Data repository scanning in 986 ms. Found 8 JPA repository interfaces.
2026-01-29T09:35:35.077-05:00  INFO 25468 --- [restartedMain] o.s.b.w.embedded.tomcat.TomcatWebServer  : Tomcat initialized with port 8080 (http)
2026-01-29T09:35:35.171-05:00  INFO 25468 --- [restartedMain] o.apache.catalina.core.StandardService   : Starting service [Tomcat]
2026-01-29T09:35:35.187-05:00  INFO 25468 --- [restartedMain] o.apache.catalina.core.StandardEngine    : Starting Servlet engine: [Apache Tomcat/10.1.40]
2026-01-29T09:35:35.922-05:00  INFO 25468 --- [restartedMain] o.a.c.c.C.[Tomcat].[localhost].[/]       : Initializing Spring embedded WebApplicationContext
2026-01-29T09:35:35.922-05:00  INFO 25468 --- [restartedMain] w.s.c.ServletWebServerApplicationContext : Root WebApplicationContext: initialization completed in 19459 ms
2026-01-29T09:35:42.935-05:00  INFO 25468 --- [restartedMain] o.a.c.c.C.[Tomcat].[localhost].[/]       : Initializing AtmosphereFramework
2026-01-29T09:35:50.021-05:00  INFO 25468 --- [restartedMain] c.v.f.s.VaadinServletContextInitializer  : Search for subclasses and classes with annotations took 5058 ms
2026-01-29T09:35:50.697-05:00  INFO 25468 --- [restartedMain] c.v.b.d.startup.DevModeStartupListener   : Starting dev-mode updaters in C:\Users\LENOVO I7\Desktop\Proyecto\Proyecto_NvidiaCorp folder.
2026-01-29T09:35:50.799-05:00  INFO 25468 --- [restartedMain] c.v.f.s.f.s.FullDependenciesScanner      : Visited 111 classes. Took 48 ms.
2026-01-29T09:35:51.352-05:00  INFO 25468 --- [vaadin-dev-server-1] c.v.f.s.frontend.TaskUpdatePackages      : Skipping `npm install` because the frontend packages are already installed in the folder 'C:\Users\LENOVO I7\Desktop\Proyecto\Proyecto_NvidiaCorp\node_modules' and the hash in the file 'C:\Users\LENOVO I7\Desktop\Proyecto\Proyecto_NvidiaCorp\node_modules\.vaadin\vaadin.json' is the same as in 'package.json'
2026-01-29T09:35:51.367-05:00  INFO 25468 --- [vaadin-dev-server-1] c.v.f.s.frontend.TaskCopyFrontendFiles   : Copying frontend resources from jar files ...
2026-01-29T09:35:51.520-05:00  INFO 25468 --- [vaadin-dev-server-1] c.v.f.s.frontend.TaskCopyFrontendFiles   : Visited 22 resources. Took 154 ms.
2026-01-29T09:35:51.781-05:00  INFO 25468 --- [restartedMain] o.hibernate.jpa.internal.util.LogHelper  : HHH000204: Processing PersistenceUnitInfo [name: default]
2026-01-29T09:35:51.982-05:00  INFO 25468 --- [restartedMain] org.hibernate.Version                    : HHH000412: Hibernate ORM core version 6.6.13.Final
2026-01-29T09:35:52.023-05:00  INFO 25468 --- [restartedMain] o.h.c.internal.RegionFactoryInitiator    : HHH000026: Second-level cache disabled
2026-01-29T09:35:52.386-05:00  INFO 25468 --- [restartedMain] o.s.o.j.p.SpringPersistenceUnitInfo      : No LoadTimeWeaver setup: ignoring JPA class transformer
2026-01-29T09:35:52.432-05:00  INFO 25468 --- [restartedMain] com.zaxxer.hikari.HikariDataSource       : HikariPool-1 - Starting...
2026-01-29T09:35:52.515-05:00  INFO 25468 --- [restartedMain] com.zaxxer.hikari.pool.HikariPool        : HikariPool-1 - Added connection org.mariadb.jdbc.Connection@74869143
2026-01-29T09:35:52.530-05:00  INFO 25468 --- [restartedMain] com.zaxxer.hikari.HikariDataSource       : HikariPool-1 - Start completed.
2026-01-29T09:35:52.562-05:00  WARN 25468 --- [restartedMain] org.hibernate.orm.deprecation            : HHH90000025: MariaDBDialect does not need to be specified explicitly using 'hibernate.dialect' (remove the property setting and it will be selected by default)
2026-01-29T09:35:52.580-05:00  INFO 25468 --- [restartedMain] org.hibernate.orm.connections.pooling    : HHH10001005: Database info:
	Database JDBC URL [Connecting through datasource 'HikariDataSource (HikariPool-1)']
	Database driver: undefined/unknown
	Database version: 12.1.2
>>>>>>> 6327fe7 (Basura)
	Autocommit mode: undefined/unknown
	Isolation level: undefined/unknown
	Minimum pool size: undefined/unknown
	Maximum pool size: undefined/unknown
<<<<<<< HEAD
2026-01-29T09:36:05.465-05:00  INFO 15576 --- [vaadin-dev-server-1] c.v.f.s.frontend.TaskCopyFrontendFiles   : Visited 22 resources. Took 2917 ms.
2026-01-29T09:36:06.237-05:00  INFO 15576 --- [restartedMain] o.h.e.t.j.p.i.JtaPlatformInitiator       : HHH000489: No JTA platform available (set 'hibernate.transaction.jta.platform' to enable JTA platform integration)
2026-01-29T09:36:06.327-05:00  INFO 15576 --- [restartedMain] j.LocalContainerEntityManagerFactoryBean : Initialized JPA EntityManagerFactory for persistence unit 'default'
2026-01-29T09:36:09.311-05:00  INFO 15576 --- [restartedMain] o.s.b.a.e.web.EndpointLinksResolver      : Exposing 1 endpoint beneath base path '/actuator'
2026-01-29T09:36:09.455-05:00  WARN 15576 --- [restartedMain] o.s.s.c.a.web.builders.WebSecurity       : You are asking Spring Security to ignore Or [Ant [pattern='/manifest.webmanifest'], Ant [pattern='/sw.js'], Ant [pattern='/sw-runtime-resources-precache.js'], Ant [pattern='/offline.html'], Ant [pattern='/offline-stub.html'], Ant [pattern='/icons/icon.png'], Ant [pattern='/themes/**'], Ant [pattern='/icons/icon-144x144.png'], Ant [pattern='/icons/icon-192x192.png'], Ant [pattern='/icons/icon-512x512.png'], Ant [pattern='/icons/icon-16x16.png'], Ant [pattern='/icons/icon-32x32.png'], Ant [pattern='/icons/icon-96x96.png'], Ant [pattern='/icons/icon-180x180.png'], Ant [pattern='/icons/icon-2048x2732.png'], Ant [pattern='/icons/icon-2732x2048.png'], Ant [pattern='/icons/icon-1668x2388.png'], Ant [pattern='/icons/icon-2388x1668.png'], Ant [pattern='/icons/icon-1668x2224.png'], Ant [pattern='/icons/icon-2224x1668.png'], Ant [pattern='/icons/icon-1620x2160.png'], Ant [pattern='/icons/icon-2160x1620.png'], Ant [pattern='/icons/icon-1536x2048.png'], Ant [pattern='/icons/icon-2048x1536.png'], Ant [pattern='/icons/icon-1284x2778.png'], Ant [pattern='/icons/icon-2778x1284.png'], Ant [pattern='/icons/icon-1170x2532.png'], Ant [pattern='/icons/icon-2532x1170.png'], Ant [pattern='/icons/icon-1125x2436.png'], Ant [pattern='/icons/icon-2436x1125.png'], Ant [pattern='/icons/icon-1242x2688.png'], Ant [pattern='/icons/icon-2688x1242.png'], Ant [pattern='/icons/icon-828x1792.png'], Ant [pattern='/icons/icon-1792x828.png'], Ant [pattern='/icons/icon-1242x2208.png'], Ant [pattern='/icons/icon-2208x1242.png'], Ant [pattern='/icons/icon-750x1334.png'], Ant [pattern='/icons/icon-1334x750.png'], Ant [pattern='/icons/icon-640x1136.png'], Ant [pattern='/icons/icon-1136x640.png'], Ant [pattern='/favicon.ico']]. This is not recommended -- please use permitAll via HttpSecurity#authorizeHttpRequests instead.
2026-01-29T09:36:09.455-05:00  WARN 15576 --- [restartedMain] o.s.s.c.a.web.builders.WebSecurity       : You are asking Spring Security to ignore Ant [pattern='static/**']. This is not recommended -- please use permitAll via HttpSecurity#authorizeHttpRequests instead.
2026-01-29T09:36:21.065-05:00  INFO 15576 --- [restartedMain] o.s.b.d.a.OptionalLiveReloadServer       : LiveReload server is running on port 35729
2026-01-29T09:36:25.193-05:00  INFO 15576 --- [restartedMain] c.v.f.s.DefaultDeploymentConfiguration   : 
Vaadin is running in DEVELOPMENT mode - do not use for production deployments.
2026-01-29T09:36:25.307-05:00  INFO 15576 --- [restartedMain] c.vaadin.flow.spring.SpringInstantiator  : The number of beans implementing 'I18NProvider' is 0. Cannot use Spring beans for I18N, falling back to the default behavior
2026-01-29T09:36:25.633-05:00  INFO 15576 --- [restartedMain] o.s.b.w.embedded.tomcat.TomcatWebServer  : Tomcat started on port 8080 (http) with context path '/'
2026-01-29T09:36:25.667-05:00  INFO 15576 --- [ForkJoinPool.commonPool-worker-1] c.v.b.devserver.AbstractDevServerRunner  : Starting Vite
2026-01-29T09:36:25.668-05:00  INFO 15576 --- [restartedMain] org.proyecto.nvidiacorp.Application      : Started Application in 37.828 seconds (process running for 39.559)
2026-01-29T09:36:25.782-05:00  INFO 15576 --- [restartedMain] o.proyecto.nvidiacorp.base.DataLoader    : =================================================
2026-01-29T09:36:25.782-05:00  INFO 15576 --- [restartedMain] o.proyecto.nvidiacorp.base.DataLoader    : ? INICIANDO CARGA MASIVA DE DATOS ?
2026-01-29T09:36:25.782-05:00  INFO 15576 --- [restartedMain] o.proyecto.nvidiacorp.base.DataLoader    : =================================================
2026-01-29T09:36:26.595-05:00  INFO 15576 --- [restartedMain] o.proyecto.nvidiacorp.base.DataLoader    : ?? Rol ya tiene datos (omitido).
2026-01-29T09:36:26.604-05:00  INFO 15576 --- [restartedMain] o.proyecto.nvidiacorp.base.DataLoader    : ?? Persona ya tiene datos (omitido).
2026-01-29T09:36:26.615-05:00  INFO 15576 --- [restartedMain] o.proyecto.nvidiacorp.base.DataLoader    : ?? Marca ya tiene datos (omitido).
2026-01-29T09:36:26.625-05:00  INFO 15576 --- [restartedMain] o.proyecto.nvidiacorp.base.DataLoader    : ?? Usuario ya tiene datos (omitido).
2026-01-29T09:36:26.632-05:00  INFO 15576 --- [restartedMain] o.proyecto.nvidiacorp.base.DataLoader    : ?? Producto ya tiene datos (omitido).
2026-01-29T09:36:26.696-05:00  WARN 15576 --- [restartedMain] o.m.jdbc.message.server.ErrorPacket      : Error: 1048-23000: Column 'entregado' cannot be null
2026-01-29T09:36:26.698-05:00  WARN 15576 --- [restartedMain] o.h.engine.jdbc.spi.SqlExceptionHelper   : SQL Error: 1048, SQLState: 23000
2026-01-29T09:36:26.698-05:00 ERROR 15576 --- [restartedMain] o.h.engine.jdbc.spi.SqlExceptionHelper   : (conn=8) Column 'entregado' cannot be null
2026-01-29T09:36:26.710-05:00 ERROR 15576 --- [restartedMain] o.proyecto.nvidiacorp.base.DataLoader    : ? ERROR cargando Factura: could not execute statement [(conn=8) Column 'entregado' cannot be null] [insert into factura (entregado,fecha,id_orden_pedido,id_persona,iva,metodo_pago,sub_total,total) values (?,?,?,?,?,?,?,?)]; SQL [insert into factura (entregado,fecha,id_orden_pedido,id_persona,iva,metodo_pago,sub_total,total) values (?,?,?,?,?,?,?,?)]; constraint [null]
2026-01-29T09:36:26.715-05:00  INFO 15576 --- [restartedMain] o.proyecto.nvidiacorp.base.DataLoader    : ?? Pago ya tiene datos (omitido).
2026-01-29T09:36:26.715-05:00  INFO 15576 --- [restartedMain] o.proyecto.nvidiacorp.base.DataLoader    : =================================================
2026-01-29T09:36:26.715-05:00  INFO 15576 --- [restartedMain] o.proyecto.nvidiacorp.base.DataLoader    : ? CARGA MASIVA FINALIZADA ?
2026-01-29T09:36:27.410-05:00  INFO 15576 --- [http-nio-8080-exec-1] o.a.c.c.C.[Tomcat].[localhost].[/]       : Initializing Spring DispatcherServlet 'dispatcherServlet'
2026-01-29T09:36:27.410-05:00  INFO 15576 --- [http-nio-8080-exec-1] o.s.web.servlet.DispatcherServlet        : Initializing Servlet 'dispatcherServlet'
2026-01-29T09:36:27.413-05:00  INFO 15576 --- [http-nio-8080-exec-1] o.s.web.servlet.DispatcherServlet        : Completed initialization in 3 ms
2026-01-29T09:36:30.328-05:00  INFO 15576 --- [ForkJoinPool.commonPool-worker-1] c.v.b.devserver.AbstractDevServerRunner  : Running Vite to compile frontend resources. This may take a moment, please stand by...
2026-01-29T09:37:28.832-05:00  INFO 15576 --- [dev-server-output] c.v.b.devserver.DevServerOutputTracker   : 
2026-01-29T09:37:28.832-05:00  INFO 15576 --- [dev-server-output] c.v.b.devserver.DevServerOutputTracker   :   VITE v6.3.4  ready in 58367 ms
2026-01-29T09:37:28.832-05:00  INFO 15576 --- [dev-server-output] c.v.b.devserver.DevServerOutputTracker   : 
2026-01-29T09:37:28.832-05:00  INFO 15576 --- [ForkJoinPool.commonPool-worker-1] c.v.b.devserver.AbstractDevServerRunner  : Started Vite. Time: 63168ms
2026-01-29T09:37:28.832-05:00  INFO 15576 --- [dev-server-output] c.v.b.devserver.DevServerOutputTracker   :   ?  Local:   http://127.0.0.1:53542/VAADIN/
2026-01-29T09:37:28.856-05:00  INFO 15576 --- [vaadin-dev-server-2] c.v.b.d.DevModeHandlerManagerImpl        : Application running at http://localhost:8080/
2026-01-29T09:37:45.622-05:00  INFO 15576 --- [dev-server-output] c.v.b.devserver.DevServerOutputTracker   : 
2026-01-29T09:37:45.622-05:00  INFO 15576 --- [dev-server-output] c.v.b.devserver.DevServerOutputTracker   :  ERROR(TypeScript)  Property 'user' does not exist on type 'AuthContextType'.
2026-01-29T09:37:45.622-05:00  INFO 15576 --- [dev-server-output] c.v.b.devserver.DevServerOutputTracker   :  FILE  D:/Users/LOQ/Desktop/Proyecto_NvidiaCorp/src/main/frontend/components/Navbar.tsx:12:11
2026-01-29T09:37:45.631-05:00  INFO 15576 --- [dev-server-output] c.v.b.devserver.DevServerOutputTracker   : 
2026-01-29T09:37:45.631-05:00  INFO 15576 --- [dev-server-output] c.v.b.devserver.DevServerOutputTracker   :     10 |   const navigate = useNavigate();
2026-01-29T09:37:45.631-05:00  INFO 15576 --- [dev-server-output] c.v.b.devserver.DevServerOutputTracker   :     11 |   const location = useLocation(); // <-- Obtiene el objeto location
2026-01-29T09:37:45.631-05:00  INFO 15576 --- [dev-server-output] c.v.b.devserver.DevServerOutputTracker   :   > 12 |   const { user } = useAuth();
2026-01-29T09:37:45.633-05:00  INFO 15576 --- [dev-server-output] c.v.b.devserver.DevServerOutputTracker   :        |           ^^^^
2026-01-29T09:37:45.633-05:00  INFO 15576 --- [dev-server-output] c.v.b.devserver.DevServerOutputTracker   :     13 |
2026-01-29T09:37:45.633-05:00  INFO 15576 --- [dev-server-output] c.v.b.devserver.DevServerOutputTracker   :     14 |   console.log("Usuario autenticado:", user); // <-- Agrega esto
2026-01-29T09:37:45.633-05:00  INFO 15576 --- [dev-server-output] c.v.b.devserver.DevServerOutputTracker   :     15 |
2026-01-29T09:37:45.633-05:00  INFO 15576 --- [dev-server-output] c.v.b.devserver.DevServerOutputTracker   : 
2026-01-29T09:37:45.633-05:00  INFO 15576 --- [dev-server-output] c.v.b.devserver.DevServerOutputTracker   :  ERROR(TypeScript)  Type 'Marca | undefined' is not assignable to type 'Marca'.
2026-01-29T09:37:45.633-05:00  INFO 15576 --- [dev-server-output] c.v.b.devserver.DevServerOutputTracker   :   Type 'undefined' is not assignable to type 'Marca'.
2026-01-29T09:37:45.633-05:00  INFO 15576 --- [dev-server-output] c.v.b.devserver.DevServerOutputTracker   :  FILE  D:/Users/LOQ/Desktop/Proyecto_NvidiaCorp/src/main/frontend/views/_producto-admin.tsx:47:68
2026-01-29T09:37:45.633-05:00  INFO 15576 --- [dev-server-output] c.v.b.devserver.DevServerOutputTracker   : 
2026-01-29T09:37:45.635-05:00  INFO 15576 --- [dev-server-output] c.v.b.devserver.DevServerOutputTracker   :     45 |         // Carga de marcas
2026-01-29T09:37:45.635-05:00  INFO 15576 --- [dev-server-output] c.v.b.devserver.DevServerOutputTracker   :     46 |         MarcaService.listAllMarcas().then(result => {
2026-01-29T09:37:45.635-05:00  INFO 15576 --- [dev-server-output] c.v.b.devserver.DevServerOutputTracker   :   > 47 |              setMarcas([{ id: 0, nombre: 'Seleccione una marca' }, ...(result || [])]);
2026-01-29T09:37:45.635-05:00  INFO 15576 --- [dev-server-output] c.v.b.devserver.DevServerOutputTracker   :        |                                                                    ^^^^^^^^^^^^^^^^^
2026-01-29T09:37:45.637-05:00  INFO 15576 --- [dev-server-output] c.v.b.devserver.DevServerOutputTracker   :     48 |         }).catch(console.error);
2026-01-29T09:37:45.639-05:00  INFO 15576 --- [dev-server-output] c.v.b.devserver.DevServerOutputTracker   :     49 |     }, []);
2026-01-29T09:37:45.639-05:00  INFO 15576 --- [dev-server-output] c.v.b.devserver.DevServerOutputTracker   :     50 |
2026-01-29T09:37:45.639-05:00  INFO 15576 --- [dev-server-output] c.v.b.devserver.DevServerOutputTracker   : 
2026-01-29T09:37:45.641-05:00  INFO 15576 --- [dev-server-output] c.v.b.devserver.DevServerOutputTracker   :  ERROR(TypeScript)  Type 'number' is not assignable to type 'string'.
2026-01-29T09:37:45.641-05:00  INFO 15576 --- [dev-server-output] c.v.b.devserver.DevServerOutputTracker   :  FILE  D:/Users/LOQ/Desktop/Proyecto_NvidiaCorp/src/main/frontend/views/_producto-admin.tsx:98:25
2026-01-29T09:37:45.644-05:00  INFO 15576 --- [dev-server-output] c.v.b.devserver.DevServerOutputTracker   : 
2026-01-29T09:37:45.644-05:00  INFO 15576 --- [dev-server-output] c.v.b.devserver.DevServerOutputTracker   :      96 |                         itemLabelPath="nombre"
2026-01-29T09:37:45.644-05:00  INFO 15576 --- [dev-server-output] c.v.b.devserver.DevServerOutputTracker   :      97 |                         itemValuePath="id"
2026-01-29T09:37:45.644-05:00  INFO 15576 --- [dev-server-output] c.v.b.devserver.DevServerOutputTracker   :   >  98 |                         value={marca.value}
2026-01-29T09:37:45.644-05:00  INFO 15576 --- [dev-server-output] c.v.b.devserver.DevServerOutputTracker   :         |                         ^^^^^
2026-01-29T09:37:45.644-05:00  INFO 15576 --- [dev-server-output] c.v.b.devserver.DevServerOutputTracker   :      99 |                         onValueChanged={e => marca.value = e.detail.value}
2026-01-29T09:37:45.644-05:00  INFO 15576 --- [dev-server-output] c.v.b.devserver.DevServerOutputTracker   :     100 |                     />
2026-01-29T09:37:45.649-05:00  INFO 15576 --- [dev-server-output] c.v.b.devserver.DevServerOutputTracker   :     101 |                     
2026-01-29T09:37:45.651-05:00  INFO 15576 --- [dev-server-output] c.v.b.devserver.DevServerOutputTracker   : 
2026-01-29T09:37:45.651-05:00  INFO 15576 --- [dev-server-output] c.v.b.devserver.DevServerOutputTracker   :  ERROR(TypeScript)  Type 'string' is not assignable to type 'number'.
2026-01-29T09:37:45.653-05:00  INFO 15576 --- [dev-server-output] c.v.b.devserver.DevServerOutputTracker   :  FILE  D:/Users/LOQ/Desktop/Proyecto_NvidiaCorp/src/main/frontend/views/_producto-admin.tsx:99:46
2026-01-29T09:37:45.653-05:00  INFO 15576 --- [dev-server-output] c.v.b.devserver.DevServerOutputTracker   : 
2026-01-29T09:37:45.653-05:00  INFO 15576 --- [dev-server-output] c.v.b.devserver.DevServerOutputTracker   :      97 |                         itemValuePath="id"
2026-01-29T09:37:45.657-05:00  INFO 15576 --- [dev-server-output] c.v.b.devserver.DevServerOutputTracker   :      98 |                         value={marca.value}
2026-01-29T09:37:45.660-05:00  INFO 15576 --- [dev-server-output] c.v.b.devserver.DevServerOutputTracker   :   >  99 |                         onValueChanged={e => marca.value = e.detail.value}
2026-01-29T09:37:45.662-05:00  INFO 15576 --- [dev-server-output] c.v.b.devserver.DevServerOutputTracker   :         |                                              ^^^^^^^^^^^
2026-01-29T09:37:45.662-05:00  INFO 15576 --- [dev-server-output] c.v.b.devserver.DevServerOutputTracker   :     100 |                     />
2026-01-29T09:37:45.662-05:00  INFO 15576 --- [dev-server-output] c.v.b.devserver.DevServerOutputTracker   :     101 |                     
2026-01-29T09:37:45.662-05:00  INFO 15576 --- [dev-server-output] c.v.b.devserver.DevServerOutputTracker   :     102 |                     <TextField label="Precio" value={precio.value.toString()} onValueChanged={e => precio.value = parseFloat(e.detail.value) || 0} />
2026-01-29T09:37:45.662-05:00  INFO 15576 --- [dev-server-output] c.v.b.devserver.DevServerOutputTracker   : 
2026-01-29T09:37:45.662-05:00  INFO 15576 --- [dev-server-output] c.v.b.devserver.DevServerOutputTracker   :  ERROR(TypeScript)  Type 'Marca | undefined' is not assignable to type 'Marca'.
2026-01-29T09:37:45.662-05:00  INFO 15576 --- [dev-server-output] c.v.b.devserver.DevServerOutputTracker   :   Type 'undefined' is not assignable to type 'Marca'.
2026-01-29T09:37:45.662-05:00  INFO 15576 --- [dev-server-output] c.v.b.devserver.DevServerOutputTracker   :  FILE  D:/Users/LOQ/Desktop/Proyecto_NvidiaCorp/src/main/frontend/views/_producto-admin.tsx:152:58
2026-01-29T09:37:45.662-05:00  INFO 15576 --- [dev-server-output] c.v.b.devserver.DevServerOutputTracker   : 
2026-01-29T09:37:45.665-05:00  INFO 15576 --- [dev-server-output] c.v.b.devserver.DevServerOutputTracker   :     150 |     useEffect(() => {
2026-01-29T09:37:45.667-05:00  INFO 15576 --- [dev-server-output] c.v.b.devserver.DevServerOutputTracker   :     151 |         MarcaService.listAllMarcas().then(result => {
2026-01-29T09:37:45.667-05:00  INFO 15576 --- [dev-server-output] c.v.b.devserver.DevServerOutputTracker   :   > 152 |              setMarcas([{ id: 0, nombre: 'Seleccione' }, ...(result || [])]);
2026-01-29T09:37:45.669-05:00  INFO 15576 --- [dev-server-output] c.v.b.devserver.DevServerOutputTracker   :         |                                                          ^^^^^^^^^^^^^^^^^
2026-01-29T09:37:45.669-05:00  INFO 15576 --- [dev-server-output] c.v.b.devserver.DevServerOutputTracker   :     153 |         });
2026-01-29T09:37:45.669-05:00  INFO 15576 --- [dev-server-output] c.v.b.devserver.DevServerOutputTracker   :     154 |     }, []);
2026-01-29T09:37:45.669-05:00  INFO 15576 --- [dev-server-output] c.v.b.devserver.DevServerOutputTracker   :     155 |
2026-01-29T09:37:45.669-05:00  INFO 15576 --- [dev-server-output] c.v.b.devserver.DevServerOutputTracker   : 
2026-01-29T09:37:45.669-05:00  INFO 15576 --- [dev-server-output] c.v.b.devserver.DevServerOutputTracker   :  ERROR(TypeScript)  Parameter 'total' implicitly has an 'any' type.
2026-01-29T09:37:45.669-05:00  INFO 15576 --- [dev-server-output] c.v.b.devserver.DevServerOutputTracker   :  FILE  D:/Users/LOQ/Desktop/Proyecto_NvidiaCorp/src/main/frontend/views/carrito-list.tsx:24:28
2026-01-29T09:37:45.669-05:00  INFO 15576 --- [dev-server-output] c.v.b.devserver.DevServerOutputTracker   : 
2026-01-29T09:37:45.669-05:00  INFO 15576 --- [dev-server-output] c.v.b.devserver.DevServerOutputTracker   :     22 |   // Cálculos del carrito
2026-01-29T09:37:45.669-05:00  INFO 15576 --- [dev-server-output] c.v.b.devserver.DevServerOutputTracker   :     23 |   const calcularSubtotal = () => {
2026-01-29T09:37:45.672-05:00  INFO 15576 --- [dev-server-output] c.v.b.devserver.DevServerOutputTracker   :   > 24 |     return carrito.reduce((total, item) => {
2026-01-29T09:37:45.672-05:00  INFO 15576 --- [dev-server-output] c.v.b.devserver.DevServerOutputTracker   :        |                            ^^^^^
2026-01-29T09:37:45.672-05:00  INFO 15576 --- [dev-server-output] c.v.b.devserver.DevServerOutputTracker   :     25 |       const cantidad = cantidades[item.id] || 1;
2026-01-29T09:37:45.672-05:00  INFO 15576 --- [dev-server-output] c.v.b.devserver.DevServerOutputTracker   :     26 |       return total + (item.precio * cantidad);
2026-01-29T09:37:45.672-05:00  INFO 15576 --- [dev-server-output] c.v.b.devserver.DevServerOutputTracker   :     27 |     }, 0);
2026-01-29T09:37:45.674-05:00  INFO 15576 --- [dev-server-output] c.v.b.devserver.DevServerOutputTracker   : 
2026-01-29T09:37:45.674-05:00  INFO 15576 --- [dev-server-output] c.v.b.devserver.DevServerOutputTracker   :  ERROR(TypeScript)  Parameter 'item' implicitly has an 'any' type.
2026-01-29T09:37:45.674-05:00  INFO 15576 --- [dev-server-output] c.v.b.devserver.DevServerOutputTracker   :  FILE  D:/Users/LOQ/Desktop/Proyecto_NvidiaCorp/src/main/frontend/views/carrito-list.tsx:24:35
2026-01-29T09:37:45.674-05:00  INFO 15576 --- [dev-server-output] c.v.b.devserver.DevServerOutputTracker   : 
2026-01-29T09:37:45.676-05:00  INFO 15576 --- [dev-server-output] c.v.b.devserver.DevServerOutputTracker   :     22 |   // Cálculos del carrito
2026-01-29T09:37:45.676-05:00  INFO 15576 --- [dev-server-output] c.v.b.devserver.DevServerOutputTracker   :     23 |   const calcularSubtotal = () => {
2026-01-29T09:37:45.676-05:00  INFO 15576 --- [dev-server-output] c.v.b.devserver.DevServerOutputTracker   :   > 24 |     return carrito.reduce((total, item) => {
2026-01-29T09:37:45.677-05:00  INFO 15576 --- [dev-server-output] c.v.b.devserver.DevServerOutputTracker   :        |                                   ^^^^
2026-01-29T09:37:45.677-05:00  INFO 15576 --- [dev-server-output] c.v.b.devserver.DevServerOutputTracker   :     25 |       const cantidad = cantidades[item.id] || 1;
2026-01-29T09:37:45.677-05:00  INFO 15576 --- [dev-server-output] c.v.b.devserver.DevServerOutputTracker   :     26 |       return total + (item.precio * cantidad);
2026-01-29T09:37:45.677-05:00  INFO 15576 --- [dev-server-output] c.v.b.devserver.DevServerOutputTracker   :     27 |     }, 0);
2026-01-29T09:37:45.677-05:00  INFO 15576 --- [dev-server-output] c.v.b.devserver.DevServerOutputTracker   : 
2026-01-29T09:37:45.679-05:00  INFO 15576 --- [dev-server-output] c.v.b.devserver.DevServerOutputTracker   :  ERROR(TypeScript)  Parameter 'p' implicitly has an 'any' type.
2026-01-29T09:37:45.679-05:00  INFO 15576 --- [dev-server-output] c.v.b.devserver.DevServerOutputTracker   :  FILE  D:/Users/LOQ/Desktop/Proyecto_NvidiaCorp/src/main/frontend/views/carrito-list.tsx:40:33
2026-01-29T09:37:45.681-05:00  INFO 15576 --- [dev-server-output] c.v.b.devserver.DevServerOutputTracker   : 
2026-01-29T09:37:45.681-05:00  INFO 15576 --- [dev-server-output] c.v.b.devserver.DevServerOutputTracker   :     38 |   const handleCantidad = (id: number, valor: number) => {
2026-01-29T09:37:45.681-05:00  INFO 15576 --- [dev-server-output] c.v.b.devserver.DevServerOutputTracker   :     39 |     setCantidades((prev) => {
2026-01-29T09:37:45.681-05:00  INFO 15576 --- [dev-server-output] c.v.b.devserver.DevServerOutputTracker   :   > 40 |       const item = carrito.find(p => p.id === id);
2026-01-29T09:37:45.681-05:00  INFO 15576 --- [dev-server-output] c.v.b.devserver.DevServerOutputTracker   :        |                                 ^
2026-01-29T09:37:45.681-05:00  INFO 15576 --- [dev-server-output] c.v.b.devserver.DevServerOutputTracker   :     41 |       const stock = item?.stock ?? 1;
2026-01-29T09:37:45.681-05:00  INFO 15576 --- [dev-server-output] c.v.b.devserver.DevServerOutputTracker   :     42 |       let nuevaCantidad = Math.max(1, (prev[id] || 1) + valor);
2026-01-29T09:37:45.683-05:00  INFO 15576 --- [dev-server-output] c.v.b.devserver.DevServerOutputTracker   :     43 |       console.log("Stock:", stock, "Cantidad actual:", prev[id], "Nueva cantidad:", nuevaCantidad);
2026-01-29T09:37:45.683-05:00  INFO 15576 --- [dev-server-output] c.v.b.devserver.DevServerOutputTracker   : 
2026-01-29T09:37:45.683-05:00  INFO 15576 --- [dev-server-output] c.v.b.devserver.DevServerOutputTracker   :  ERROR(TypeScript)  Parameter 'carritoActual' implicitly has an 'any' type.
2026-01-29T09:37:45.683-05:00  INFO 15576 --- [dev-server-output] c.v.b.devserver.DevServerOutputTracker   :  FILE  D:/Users/LOQ/Desktop/Proyecto_NvidiaCorp/src/main/frontend/views/carrito-list.tsx:52:19
2026-01-29T09:37:45.683-05:00  INFO 15576 --- [dev-server-output] c.v.b.devserver.DevServerOutputTracker   : 
2026-01-29T09:37:45.683-05:00  INFO 15576 --- [dev-server-output] c.v.b.devserver.DevServerOutputTracker   :     50 |         nuevaCantidad = stock;
2026-01-29T09:37:45.683-05:00  INFO 15576 --- [dev-server-output] c.v.b.devserver.DevServerOutputTracker   :     51 |       }
2026-01-29T09:37:45.686-05:00  INFO 15576 --- [dev-server-output] c.v.b.devserver.DevServerOutputTracker   :   > 52 |       setCarrito((carritoActual) =>
2026-01-29T09:37:45.688-05:00  INFO 15576 --- [dev-server-output] c.v.b.devserver.DevServerOutputTracker   :        |                   ^^^^^^^^^^^^^
2026-01-29T09:37:45.688-05:00  INFO 15576 --- [dev-server-output] c.v.b.devserver.DevServerOutputTracker   :     53 |         carritoActual.map((item) =>
2026-01-29T09:37:45.690-05:00  INFO 15576 --- [dev-server-output] c.v.b.devserver.DevServerOutputTracker   :     54 |           item.id === id ? { ...item, cantidad: nuevaCantidad } : item
2026-01-29T09:37:45.690-05:00  INFO 15576 --- [dev-server-output] c.v.b.devserver.DevServerOutputTracker   :     55 |         )
2026-01-29T09:37:45.690-05:00  INFO 15576 --- [dev-server-output] c.v.b.devserver.DevServerOutputTracker   : 
2026-01-29T09:37:45.690-05:00  INFO 15576 --- [dev-server-output] c.v.b.devserver.DevServerOutputTracker   :  ERROR(TypeScript)  Parameter 'item' implicitly has an 'any' type.
2026-01-29T09:37:45.690-05:00  INFO 15576 --- [dev-server-output] c.v.b.devserver.DevServerOutputTracker   :  FILE  D:/Users/LOQ/Desktop/Proyecto_NvidiaCorp/src/main/frontend/views/carrito-list.tsx:53:28
2026-01-29T09:37:45.690-05:00  INFO 15576 --- [dev-server-output] c.v.b.devserver.DevServerOutputTracker   : 
2026-01-29T09:37:45.692-05:00  INFO 15576 --- [dev-server-output] c.v.b.devserver.DevServerOutputTracker   :     51 |       }
2026-01-29T09:37:45.692-05:00  INFO 15576 --- [dev-server-output] c.v.b.devserver.DevServerOutputTracker   :     52 |       setCarrito((carritoActual) =>
2026-01-29T09:37:45.692-05:00  INFO 15576 --- [dev-server-output] c.v.b.devserver.DevServerOutputTracker   :   > 53 |         carritoActual.map((item) =>
2026-01-29T09:37:45.692-05:00  INFO 15576 --- [dev-server-output] c.v.b.devserver.DevServerOutputTracker   :        |                            ^^^^
2026-01-29T09:37:45.693-05:00  INFO 15576 --- [dev-server-output] c.v.b.devserver.DevServerOutputTracker   :     54 |           item.id === id ? { ...item, cantidad: nuevaCantidad } : item
2026-01-29T09:37:45.693-05:00  INFO 15576 --- [dev-server-output] c.v.b.devserver.DevServerOutputTracker   :     55 |         )
2026-01-29T09:37:45.693-05:00  INFO 15576 --- [dev-server-output] c.v.b.devserver.DevServerOutputTracker   :     56 |       );
2026-01-29T09:37:45.693-05:00  INFO 15576 --- [dev-server-output] c.v.b.devserver.DevServerOutputTracker   : 
2026-01-29T09:37:45.693-05:00  INFO 15576 --- [dev-server-output] c.v.b.devserver.DevServerOutputTracker   :  ERROR(TypeScript)  Not all code paths return a value.
2026-01-29T09:37:45.695-05:00  INFO 15576 --- [dev-server-output] c.v.b.devserver.DevServerOutputTracker   :  FILE  D:/Users/LOQ/Desktop/Proyecto_NvidiaCorp/src/main/frontend/views/carrito-list.tsx:112:13
2026-01-29T09:37:45.695-05:00  INFO 15576 --- [dev-server-output] c.v.b.devserver.DevServerOutputTracker   : 
2026-01-29T09:37:45.695-05:00  INFO 15576 --- [dev-server-output] c.v.b.devserver.DevServerOutputTracker   :     110 |   };
2026-01-29T09:37:45.695-05:00  INFO 15576 --- [dev-server-output] c.v.b.devserver.DevServerOutputTracker   :     111 |
2026-01-29T09:37:45.695-05:00  INFO 15576 --- [dev-server-output] c.v.b.devserver.DevServerOutputTracker   :   > 112 |   useEffect(() => {
2026-01-29T09:37:45.695-05:00  INFO 15576 --- [dev-server-output] c.v.b.devserver.DevServerOutputTracker   :         |             ^^^^^^^
2026-01-29T09:37:45.697-05:00  INFO 15576 --- [dev-server-output] c.v.b.devserver.DevServerOutputTracker   :     113 |     if (checkoutId && showPagoModal) {
2026-01-29T09:37:45.697-05:00  INFO 15576 --- [dev-server-output] c.v.b.devserver.DevServerOutputTracker   :     114 |       const script = document.createElement('script');
2026-01-29T09:37:45.697-05:00  INFO 15576 --- [dev-server-output] c.v.b.devserver.DevServerOutputTracker   :     115 |       script.src = `https://eu-test.oppwa.com/v1/paymentWidgets.js?checkoutId=${checkoutId}`;
2026-01-29T09:37:45.697-05:00  INFO 15576 --- [dev-server-output] c.v.b.devserver.DevServerOutputTracker   : 
2026-01-29T09:37:45.697-05:00  INFO 15576 --- [dev-server-output] c.v.b.devserver.DevServerOutputTracker   :  ERROR(TypeScript)  Parameter 'item' implicitly has an 'any' type.
2026-01-29T09:37:45.697-05:00  INFO 15576 --- [dev-server-output] c.v.b.devserver.DevServerOutputTracker   :  FILE  D:/Users/LOQ/Desktop/Proyecto_NvidiaCorp/src/main/frontend/views/carrito-list.tsx:172:31
2026-01-29T09:37:45.699-05:00  INFO 15576 --- [dev-server-output] c.v.b.devserver.DevServerOutputTracker   : 
2026-01-29T09:37:45.699-05:00  INFO 15576 --- [dev-server-output] c.v.b.devserver.DevServerOutputTracker   :     170 |             <div className="carrito-productos">
2026-01-29T09:37:45.700-05:00  INFO 15576 --- [dev-server-output] c.v.b.devserver.DevServerOutputTracker   :     171 |               <div className="producto-grid">
2026-01-29T09:37:45.705-05:00  INFO 15576 --- [dev-server-output] c.v.b.devserver.DevServerOutputTracker   :   > 172 |                 {carrito.map((item) => (
2026-01-29T09:37:45.707-05:00  INFO 15576 --- [dev-server-output] c.v.b.devserver.DevServerOutputTracker   :         |                               ^^^^
2026-01-29T09:37:45.707-05:00  INFO 15576 --- [dev-server-output] c.v.b.devserver.DevServerOutputTracker   :     173 |                   <div key={item.id} className="producto-card">
2026-01-29T09:37:45.707-05:00  INFO 15576 --- [dev-server-output] c.v.b.devserver.DevServerOutputTracker   :     174 |                     <ProductoCard
2026-01-29T09:37:45.707-05:00  INFO 15576 --- [dev-server-output] c.v.b.devserver.DevServerOutputTracker   :     175 |                       item={item}
2026-01-29T09:37:45.709-05:00  INFO 15576 --- [dev-server-output] c.v.b.devserver.DevServerOutputTracker   : 
2026-01-29T09:37:45.709-05:00  INFO 15576 --- [dev-server-output] c.v.b.devserver.DevServerOutputTracker   :  ERROR(TypeScript)  Parameter 'item' implicitly has an 'any' type.
2026-01-29T09:37:45.714-05:00  INFO 15576 --- [dev-server-output] c.v.b.devserver.DevServerOutputTracker   :  FILE  D:/Users/LOQ/Desktop/Proyecto_NvidiaCorp/src/main/frontend/views/carrito-list.tsx:203:34
2026-01-29T09:37:45.716-05:00  INFO 15576 --- [dev-server-output] c.v.b.devserver.DevServerOutputTracker   : 
2026-01-29T09:37:45.716-05:00  INFO 15576 --- [dev-server-output] c.v.b.devserver.DevServerOutputTracker   :     201 |                   <h3 className="carrito-mini-factura-titulo">Productos</h3>
2026-01-29T09:37:45.716-05:00  INFO 15576 --- [dev-server-output] c.v.b.devserver.DevServerOutputTracker   :     202 |                   <ul className="carrito-mini-factura-lista">
2026-01-29T09:37:45.716-05:00  INFO 15576 --- [dev-server-output] c.v.b.devserver.DevServerOutputTracker   :   > 203 |                     {carrito.map(item => (
2026-01-29T09:37:45.716-05:00  INFO 15576 --- [dev-server-output] c.v.b.devserver.DevServerOutputTracker   :         |                                  ^^^^
2026-01-29T09:37:45.718-05:00  INFO 15576 --- [dev-server-output] c.v.b.devserver.DevServerOutputTracker   :     204 |                       <li key={item.id} className="carrito-mini-factura-item">
2026-01-29T09:37:45.726-05:00  INFO 15576 --- [dev-server-output] c.v.b.devserver.DevServerOutputTracker   :     205 |                         <span className="carrito-mini-factura-nombre">{item.nombre}</span>
2026-01-29T09:37:45.730-05:00  INFO 15576 --- [dev-server-output] c.v.b.devserver.DevServerOutputTracker   :     206 |                         <span className="carrito-mini-factura-cantidad">{cantidades[item.id] || 1}</span>
2026-01-29T09:37:45.730-05:00  INFO 15576 --- [dev-server-output] c.v.b.devserver.DevServerOutputTracker   : 
2026-01-29T09:37:45.731-05:00  INFO 15576 --- [dev-server-output] c.v.b.devserver.DevServerOutputTracker   :  ERROR(TypeScript)  Parameter 'acc' implicitly has an 'any' type.
2026-01-29T09:37:45.731-05:00  INFO 15576 --- [dev-server-output] c.v.b.devserver.DevServerOutputTracker   :  FILE  D:/Users/LOQ/Desktop/Proyecto_NvidiaCorp/src/main/frontend/views/Pago-form.tsx:32:44
2026-01-29T09:37:45.732-05:00  INFO 15576 --- [dev-server-output] c.v.b.devserver.DevServerOutputTracker   : 
2026-01-29T09:37:45.732-05:00  INFO 15576 --- [dev-server-output] c.v.b.devserver.DevServerOutputTracker   :     30 |           localStorage.removeItem('carrito');
2026-01-29T09:37:45.732-05:00  INFO 15576 --- [dev-server-output] c.v.b.devserver.DevServerOutputTracker   :     31 |
2026-01-29T09:37:45.732-05:00  INFO 15576 --- [dev-server-output] c.v.b.devserver.DevServerOutputTracker   :   > 32 |           const subtotal = carrito.reduce((acc, item) => acc + (item.precio * (item.cantidad || 1)), 0);
2026-01-29T09:37:45.732-05:00  INFO 15576 --- [dev-server-output] c.v.b.devserver.DevServerOutputTracker   :        |                                            ^^^
2026-01-29T09:37:45.732-05:00  INFO 15576 --- [dev-server-output] c.v.b.devserver.DevServerOutputTracker   :     33 |           const iva = subtotal * 0.15;
2026-01-29T09:37:45.732-05:00  INFO 15576 --- [dev-server-output] c.v.b.devserver.DevServerOutputTracker   :     34 |           const total = subtotal + iva;
2026-01-29T09:37:45.732-05:00  INFO 15576 --- [dev-server-output] c.v.b.devserver.DevServerOutputTracker   :     35 |           localStorage.setItem('factura_items', JSON.stringify(carrito));
2026-01-29T09:37:45.733-05:00  INFO 15576 --- [dev-server-output] c.v.b.devserver.DevServerOutputTracker   : 
2026-01-29T09:37:45.733-05:00  INFO 15576 --- [dev-server-output] c.v.b.devserver.DevServerOutputTracker   :  ERROR(TypeScript)  Parameter 'item' implicitly has an 'any' type.
2026-01-29T09:37:45.733-05:00  INFO 15576 --- [dev-server-output] c.v.b.devserver.DevServerOutputTracker   :  FILE  D:/Users/LOQ/Desktop/Proyecto_NvidiaCorp/src/main/frontend/views/Pago-form.tsx:32:49
2026-01-29T09:37:45.734-05:00  INFO 15576 --- [dev-server-output] c.v.b.devserver.DevServerOutputTracker   : 
2026-01-29T09:37:45.735-05:00  INFO 15576 --- [dev-server-output] c.v.b.devserver.DevServerOutputTracker   :     30 |           localStorage.removeItem('carrito');
2026-01-29T09:37:45.735-05:00  INFO 15576 --- [dev-server-output] c.v.b.devserver.DevServerOutputTracker   :     31 |
2026-01-29T09:37:45.735-05:00  INFO 15576 --- [dev-server-output] c.v.b.devserver.DevServerOutputTracker   :   > 32 |           const subtotal = carrito.reduce((acc, item) => acc + (item.precio * (item.cantidad || 1)), 0);
2026-01-29T09:37:45.735-05:00  INFO 15576 --- [dev-server-output] c.v.b.devserver.DevServerOutputTracker   :        |                                                 ^^^^
2026-01-29T09:37:45.735-05:00  INFO 15576 --- [dev-server-output] c.v.b.devserver.DevServerOutputTracker   :     33 |           const iva = subtotal * 0.15;
2026-01-29T09:37:45.737-05:00  INFO 15576 --- [dev-server-output] c.v.b.devserver.DevServerOutputTracker   :     34 |           const total = subtotal + iva;
2026-01-29T09:37:45.737-05:00  INFO 15576 --- [dev-server-output] c.v.b.devserver.DevServerOutputTracker   :     35 |           localStorage.setItem('factura_items', JSON.stringify(carrito));
2026-01-29T09:37:45.737-05:00  INFO 15576 --- [dev-server-output] c.v.b.devserver.DevServerOutputTracker   : 
2026-01-29T09:37:45.737-05:00  INFO 15576 --- [dev-server-output] c.v.b.devserver.DevServerOutputTracker   :  ERROR(TypeScript)  Not all code paths return a value.
2026-01-29T09:37:45.737-05:00  INFO 15576 --- [dev-server-output] c.v.b.devserver.DevServerOutputTracker   :  FILE  D:/Users/LOQ/Desktop/Proyecto_NvidiaCorp/src/main/frontend/views/Pago-form.tsx:62:13
2026-01-29T09:37:45.739-05:00  INFO 15576 --- [dev-server-output] c.v.b.devserver.DevServerOutputTracker   : 
2026-01-29T09:37:45.739-05:00  INFO 15576 --- [dev-server-output] c.v.b.devserver.DevServerOutputTracker   :     60 |   };
2026-01-29T09:37:45.739-05:00  INFO 15576 --- [dev-server-output] c.v.b.devserver.DevServerOutputTracker   :     61 |
2026-01-29T09:37:45.739-05:00  INFO 15576 --- [dev-server-output] c.v.b.devserver.DevServerOutputTracker   :   > 62 |   useEffect(() => {
2026-01-29T09:37:45.739-05:00  INFO 15576 --- [dev-server-output] c.v.b.devserver.DevServerOutputTracker   :        |             ^^^^^^^
2026-01-29T09:37:45.739-05:00  INFO 15576 --- [dev-server-output] c.v.b.devserver.DevServerOutputTracker   :     63 |     if (checkoutId) {
2026-01-29T09:37:45.739-05:00  INFO 15576 --- [dev-server-output] c.v.b.devserver.DevServerOutputTracker   :     64 |       const script = document.createElement('script');
2026-01-29T09:37:45.739-05:00  INFO 15576 --- [dev-server-output] c.v.b.devserver.DevServerOutputTracker   :     65 |       script.src = `https://eu-test.oppwa.com/v1/paymentWidgets.js?checkoutId=${checkoutId}`;
2026-01-29T09:37:45.741-05:00  INFO 15576 --- [dev-server-output] c.v.b.devserver.DevServerOutputTracker   : 
2026-01-29T09:37:45.742-05:00  INFO 15576 --- [dev-server-output] c.v.b.devserver.DevServerOutputTracker   :  ERROR(TypeScript)  Type 'Element' is not assignable to type 'string'.
2026-01-29T09:37:45.745-05:00  INFO 15576 --- [dev-server-output] c.v.b.devserver.DevServerOutputTracker   :  FILE  D:/Users/LOQ/Desktop/Proyecto_NvidiaCorp/src/main/frontend/views/Pago_list.tsx:86:20
2026-01-29T09:37:45.745-05:00  INFO 15576 --- [dev-server-output] c.v.b.devserver.DevServerOutputTracker   : 
2026-01-29T09:37:45.747-05:00  INFO 15576 --- [dev-server-output] c.v.b.devserver.DevServerOutputTracker   :     84 |   return (
2026-01-29T09:37:45.747-05:00  INFO 15576 --- [dev-server-output] c.v.b.devserver.DevServerOutputTracker   :     85 |     <main className="pago-main">
2026-01-29T09:37:45.747-05:00  INFO 15576 --- [dev-server-output] c.v.b.devserver.DevServerOutputTracker   :   > 86 |       <ViewToolbar title={<span className="pago-title">Lista de Pagos</span>}>
2026-01-29T09:37:45.749-05:00  INFO 15576 --- [dev-server-output] c.v.b.devserver.DevServerOutputTracker   :        |                    ^^^^^
2026-01-29T09:37:45.749-05:00  INFO 15576 --- [dev-server-output] c.v.b.devserver.DevServerOutputTracker   :     87 |         <Group>
2026-01-29T09:37:45.749-05:00  INFO 15576 --- [dev-server-output] c.v.b.devserver.DevServerOutputTracker   :     88 |           {/* Aquí puedes agregar filtros o botones si lo necesitas */}
2026-01-29T09:37:45.749-05:00  INFO 15576 --- [dev-server-output] c.v.b.devserver.DevServerOutputTracker   :     89 |         </Group>
2026-01-29T09:37:45.751-05:00  INFO 15576 --- [dev-server-output] c.v.b.devserver.DevServerOutputTracker   : 
2026-01-29T09:37:45.751-05:00  INFO 15576 --- [dev-server-output] c.v.b.devserver.DevServerOutputTracker   :  ERROR(TypeScript)  Type 'Promise<(Persona | undefined)[] | undefined>' is not assignable to type 'Promise<Persona[]>'.
2026-01-29T09:37:45.751-05:00  INFO 15576 --- [dev-server-output] c.v.b.devserver.DevServerOutputTracker   :   Type '(Persona | undefined)[] | undefined' is not assignable to type 'Persona[]'.
2026-01-29T09:37:45.751-05:00  INFO 15576 --- [dev-server-output] c.v.b.devserver.DevServerOutputTracker   :     Type 'undefined' is not assignable to type 'Persona[]'.
2026-01-29T09:37:45.751-05:00  INFO 15576 --- [dev-server-output] c.v.b.devserver.DevServerOutputTracker   :  FILE  D:/Users/LOQ/Desktop/Proyecto_NvidiaCorp/src/main/frontend/views/persona-list.tsx:172:27
2026-01-29T09:37:45.751-05:00  INFO 15576 --- [dev-server-output] c.v.b.devserver.DevServerOutputTracker   : 
2026-01-29T09:37:45.751-05:00  INFO 15576 --- [dev-server-output] c.v.b.devserver.DevServerOutputTracker   :     170 | export default function PersonaListView() {
2026-01-29T09:37:45.751-05:00  INFO 15576 --- [dev-server-output] c.v.b.devserver.DevServerOutputTracker   :     171 |     const dataProvider = useDataProvider<Persona>({
2026-01-29T09:37:45.751-05:00  INFO 15576 --- [dev-server-output] c.v.b.devserver.DevServerOutputTracker   :   > 172 |         list: (params) => PersonaServices.listAllPersona(),
2026-01-29T09:37:45.751-05:00  INFO 15576 --- [dev-server-output] c.v.b.devserver.DevServerOutputTracker   :         |                           ^^^^^^^^^^^^^^^^^^^^^^^^^^^^^^^^
2026-01-29T09:37:45.751-05:00  INFO 15576 --- [dev-server-output] c.v.b.devserver.DevServerOutputTracker   :     173 |     });
2026-01-29T09:37:45.751-05:00  INFO 15576 --- [dev-server-output] c.v.b.devserver.DevServerOutputTracker   :     174 |
2026-01-29T09:37:45.751-05:00  INFO 15576 --- [dev-server-output] c.v.b.devserver.DevServerOutputTracker   :     175 |     return (
2026-01-29T09:37:45.751-05:00  INFO 15576 --- [dev-server-output] c.v.b.devserver.DevServerOutputTracker   : 
2026-01-29T09:37:45.751-05:00  INFO 15576 --- [dev-server-output] c.v.b.devserver.DevServerOutputTracker   :  ERROR(TypeScript)  Not all code paths return a value.
2026-01-29T09:37:45.751-05:00  INFO 15576 --- [dev-server-output] c.v.b.devserver.DevServerOutputTracker   :  FILE  D:/Users/LOQ/Desktop/Proyecto_NvidiaCorp/src/main/frontend/views/producto-list.tsx:28:15
2026-01-29T09:37:45.757-05:00  INFO 15576 --- [dev-server-output] c.v.b.devserver.DevServerOutputTracker   : 
2026-01-29T09:37:45.757-05:00  INFO 15576 --- [dev-server-output] c.v.b.devserver.DevServerOutputTracker   :     26 |     const navigate = useNavigate();
2026-01-29T09:37:45.757-05:00  INFO 15576 --- [dev-server-output] c.v.b.devserver.DevServerOutputTracker   :     27 |
2026-01-29T09:37:45.757-05:00  INFO 15576 --- [dev-server-output] c.v.b.devserver.DevServerOutputTracker   :   > 28 |     useEffect(() => {
2026-01-29T09:37:45.757-05:00  INFO 15576 --- [dev-server-output] c.v.b.devserver.DevServerOutputTracker   :        |               ^^^^^^^
2026-01-29T09:37:45.757-05:00  INFO 15576 --- [dev-server-output] c.v.b.devserver.DevServerOutputTracker   :     29 |         if (isVisible && producto) {
2026-01-29T09:37:45.757-05:00  INFO 15576 --- [dev-server-output] c.v.b.devserver.DevServerOutputTracker   :     30 |             const timer = setTimeout(() => {
2026-01-29T09:37:45.757-05:00  INFO 15576 --- [dev-server-output] c.v.b.devserver.DevServerOutputTracker   :     31 |                 onClose();
2026-01-29T09:37:45.757-05:00  INFO 15576 --- [dev-server-output] c.v.b.devserver.DevServerOutputTracker   : 
2026-01-29T09:37:45.757-05:00  INFO 15576 --- [dev-server-output] c.v.b.devserver.DevServerOutputTracker   :  ERROR(TypeScript)  'respuesta' is possibly 'undefined'.
2026-01-29T09:37:45.757-05:00  INFO 15576 --- [dev-server-output] c.v.b.devserver.DevServerOutputTracker   :  FILE  D:/Users/LOQ/Desktop/Proyecto_NvidiaCorp/src/main/frontend/views/producto-list.tsx:218:17
2026-01-29T09:37:45.757-05:00  INFO 15576 --- [dev-server-output] c.v.b.devserver.DevServerOutputTracker   : 
2026-01-29T09:37:45.757-05:00  INFO 15576 --- [dev-server-output] c.v.b.devserver.DevServerOutputTracker   :     216 |
2026-01-29T09:37:45.757-05:00  INFO 15576 --- [dev-server-output] c.v.b.devserver.DevServerOutputTracker   :     217 |             // --- Lógica de Añadir al Carrito ---
2026-01-29T09:37:45.757-05:00  INFO 15576 --- [dev-server-output] c.v.b.devserver.DevServerOutputTracker   :   > 218 |             if (respuesta.includes("[ADD_TO_CART:")) {
2026-01-29T09:37:45.762-05:00  INFO 15576 --- [dev-server-output] c.v.b.devserver.DevServerOutputTracker   :         |                 ^^^^^^^^^
2026-01-29T09:37:45.762-05:00  INFO 15576 --- [dev-server-output] c.v.b.devserver.DevServerOutputTracker   :     219 |                 const match = respuesta.match(/\[ADD_TO_CART:(\d+)\]/);
2026-01-29T09:37:45.764-05:00  INFO 15576 --- [dev-server-output] c.v.b.devserver.DevServerOutputTracker   :     220 |                 if (match) {
2026-01-29T09:37:45.766-05:00  INFO 15576 --- [dev-server-output] c.v.b.devserver.DevServerOutputTracker   :     221 |                     const id = parseInt(match[1]);
2026-01-29T09:37:45.766-05:00  INFO 15576 --- [dev-server-output] c.v.b.devserver.DevServerOutputTracker   : 
2026-01-29T09:37:45.766-05:00  INFO 15576 --- [dev-server-output] c.v.b.devserver.DevServerOutputTracker   :  ERROR(TypeScript)  'respuesta' is possibly 'undefined'.
2026-01-29T09:37:45.766-05:00  INFO 15576 --- [dev-server-output] c.v.b.devserver.DevServerOutputTracker   :  FILE  D:/Users/LOQ/Desktop/Proyecto_NvidiaCorp/src/main/frontend/views/producto-list.tsx:219:31
2026-01-29T09:37:45.766-05:00  INFO 15576 --- [dev-server-output] c.v.b.devserver.DevServerOutputTracker   : 
2026-01-29T09:37:45.766-05:00  INFO 15576 --- [dev-server-output] c.v.b.devserver.DevServerOutputTracker   :     217 |             // --- Lógica de Añadir al Carrito ---
2026-01-29T09:37:45.766-05:00  INFO 15576 --- [dev-server-output] c.v.b.devserver.DevServerOutputTracker   :     218 |             if (respuesta.includes("[ADD_TO_CART:")) {
2026-01-29T09:37:45.766-05:00  INFO 15576 --- [dev-server-output] c.v.b.devserver.DevServerOutputTracker   :   > 219 |                 const match = respuesta.match(/\[ADD_TO_CART:(\d+)\]/);
2026-01-29T09:37:45.770-05:00  INFO 15576 --- [dev-server-output] c.v.b.devserver.DevServerOutputTracker   :         |                               ^^^^^^^^^
2026-01-29T09:37:45.770-05:00  INFO 15576 --- [dev-server-output] c.v.b.devserver.DevServerOutputTracker   :     220 |                 if (match) {
2026-01-29T09:37:45.770-05:00  INFO 15576 --- [dev-server-output] c.v.b.devserver.DevServerOutputTracker   :     221 |                     const id = parseInt(match[1]);
2026-01-29T09:37:45.770-05:00  INFO 15576 --- [dev-server-output] c.v.b.devserver.DevServerOutputTracker   :     222 |                     const prod = productos.find(p => p.id === id);
2026-01-29T09:37:45.770-05:00  INFO 15576 --- [dev-server-output] c.v.b.devserver.DevServerOutputTracker   : 
2026-01-29T09:37:45.770-05:00  INFO 15576 --- [dev-server-output] c.v.b.devserver.DevServerOutputTracker   :  ERROR(TypeScript)  'respuesta' is possibly 'undefined'.
2026-01-29T09:37:45.770-05:00  INFO 15576 --- [dev-server-output] c.v.b.devserver.DevServerOutputTracker   :  FILE  D:/Users/LOQ/Desktop/Proyecto_NvidiaCorp/src/main/frontend/views/producto-list.tsx:231:33
2026-01-29T09:37:45.770-05:00  INFO 15576 --- [dev-server-output] c.v.b.devserver.DevServerOutputTracker   : 
2026-01-29T09:37:45.770-05:00  INFO 15576 --- [dev-server-output] c.v.b.devserver.DevServerOutputTracker   :     229 |
2026-01-29T09:37:45.770-05:00  INFO 15576 --- [dev-server-output] c.v.b.devserver.DevServerOutputTracker   :     230 |             // Limpiamos el código del texto antes de mostrarlo
2026-01-29T09:37:45.770-05:00  INFO 15576 --- [dev-server-output] c.v.b.devserver.DevServerOutputTracker   :   > 231 |             const textoLimpio = respuesta.replace(/\[ADD_TO_CART:.*?\]/g, "").trim();
2026-01-29T09:37:45.770-05:00  INFO 15576 --- [dev-server-output] c.v.b.devserver.DevServerOutputTracker   :         |                                 ^^^^^^^^^
2026-01-29T09:37:45.770-05:00  INFO 15576 --- [dev-server-output] c.v.b.devserver.DevServerOutputTracker   :     232 |             setHistorial(prev => [...prev, { rol: 'ia', texto: textoLimpio }]);
2026-01-29T09:37:45.770-05:00  INFO 15576 --- [dev-server-output] c.v.b.devserver.DevServerOutputTracker   :     233 |         } catch (error) {
2026-01-29T09:37:45.770-05:00  INFO 15576 --- [dev-server-output] c.v.b.devserver.DevServerOutputTracker   :     234 |             console.error(error);
2026-01-29T09:37:45.770-05:00  INFO 15576 --- [dev-server-output] c.v.b.devserver.DevServerOutputTracker   : 
2026-01-29T09:37:45.770-05:00  INFO 15576 --- [dev-server-output] c.v.b.devserver.DevServerOutputTracker   :  ERROR(TypeScript)  Argument of type '(ProductoDTO | undefined)[] | undefined' is not assignable to parameter of type 'SetStateAction<Producto[]>'.
2026-01-29T09:37:45.770-05:00  INFO 15576 --- [dev-server-output] c.v.b.devserver.DevServerOutputTracker   :   Type 'undefined' is not assignable to type 'SetStateAction<Producto[]>'.
2026-01-29T09:37:45.770-05:00  INFO 15576 --- [dev-server-output] c.v.b.devserver.DevServerOutputTracker   :  FILE  D:/Users/LOQ/Desktop/Proyecto_NvidiaCorp/src/main/frontend/views/producto-list.tsx:250:22
2026-01-29T09:37:45.777-05:00  INFO 15576 --- [dev-server-output] c.v.b.devserver.DevServerOutputTracker   : 
2026-01-29T09:37:45.777-05:00  INFO 15576 --- [dev-server-output] c.v.b.devserver.DevServerOutputTracker   :     248 |     const cargarProductos = async () => {
2026-01-29T09:37:45.779-05:00  INFO 15576 --- [dev-server-output] c.v.b.devserver.DevServerOutputTracker   :     249 |         const data = await ProductoService.listAllProductos();
2026-01-29T09:37:45.779-05:00  INFO 15576 --- [dev-server-output] c.v.b.devserver.DevServerOutputTracker   :   > 250 |         setProductos(data);
2026-01-29T09:37:45.779-05:00  INFO 15576 --- [dev-server-output] c.v.b.devserver.DevServerOutputTracker   :         |                      ^^^^
2026-01-29T09:37:45.779-05:00  INFO 15576 --- [dev-server-output] c.v.b.devserver.DevServerOutputTracker   :     251 |         setProductosFiltrados(data);
2026-01-29T09:37:45.779-05:00  INFO 15576 --- [dev-server-output] c.v.b.devserver.DevServerOutputTracker   :     252 |         console.log("Productos recibidos:", data);
2026-01-29T09:37:45.779-05:00  INFO 15576 --- [dev-server-output] c.v.b.devserver.DevServerOutputTracker   :     253 |     };
2026-01-29T09:37:45.779-05:00  INFO 15576 --- [dev-server-output] c.v.b.devserver.DevServerOutputTracker   : 
2026-01-29T09:37:45.779-05:00  INFO 15576 --- [dev-server-output] c.v.b.devserver.DevServerOutputTracker   :  ERROR(TypeScript)  Argument of type '(ProductoDTO | undefined)[] | undefined' is not assignable to parameter of type 'SetStateAction<Producto[]>'.
2026-01-29T09:37:45.779-05:00  INFO 15576 --- [dev-server-output] c.v.b.devserver.DevServerOutputTracker   :   Type 'undefined' is not assignable to type 'SetStateAction<Producto[]>'.
2026-01-29T09:37:45.781-05:00  INFO 15576 --- [dev-server-output] c.v.b.devserver.DevServerOutputTracker   :  FILE  D:/Users/LOQ/Desktop/Proyecto_NvidiaCorp/src/main/frontend/views/producto-list.tsx:251:31
2026-01-29T09:37:45.781-05:00  INFO 15576 --- [dev-server-output] c.v.b.devserver.DevServerOutputTracker   : 
2026-01-29T09:37:45.781-05:00  INFO 15576 --- [dev-server-output] c.v.b.devserver.DevServerOutputTracker   :     249 |         const data = await ProductoService.listAllProductos();
2026-01-29T09:37:45.781-05:00  INFO 15576 --- [dev-server-output] c.v.b.devserver.DevServerOutputTracker   :     250 |         setProductos(data);
2026-01-29T09:37:45.782-05:00  INFO 15576 --- [dev-server-output] c.v.b.devserver.DevServerOutputTracker   :   > 251 |         setProductosFiltrados(data);
2026-01-29T09:37:45.782-05:00  INFO 15576 --- [dev-server-output] c.v.b.devserver.DevServerOutputTracker   :         |                               ^^^^
2026-01-29T09:37:45.782-05:00  INFO 15576 --- [dev-server-output] c.v.b.devserver.DevServerOutputTracker   :     252 |         console.log("Productos recibidos:", data);
2026-01-29T09:37:45.783-05:00  INFO 15576 --- [dev-server-output] c.v.b.devserver.DevServerOutputTracker   :     253 |     };
2026-01-29T09:37:45.783-05:00  INFO 15576 --- [dev-server-output] c.v.b.devserver.DevServerOutputTracker   :     254 |
2026-01-29T09:37:45.783-05:00  INFO 15576 --- [dev-server-output] c.v.b.devserver.DevServerOutputTracker   : 
2026-01-29T09:37:45.784-05:00  INFO 15576 --- [dev-server-output] c.v.b.devserver.DevServerOutputTracker   :  ERROR(TypeScript)  Property 'busqueda' does not exist on type 'typeof import("D:/Users/LOQ/Desktop/Proyecto_NvidiaCorp/src/main/frontend/generated/ProductoService")'.
2026-01-29T09:37:45.784-05:00  INFO 15576 --- [dev-server-output] c.v.b.devserver.DevServerOutputTracker   :  FILE  D:/Users/LOQ/Desktop/Proyecto_NvidiaCorp/src/main/frontend/views/producto-list.tsx:350:29
2026-01-29T09:37:45.784-05:00  INFO 15576 --- [dev-server-output] c.v.b.devserver.DevServerOutputTracker   : 
2026-01-29T09:37:45.784-05:00  INFO 15576 --- [dev-server-output] c.v.b.devserver.DevServerOutputTracker   :     348 |                 return;
2026-01-29T09:37:45.784-05:00  INFO 15576 --- [dev-server-output] c.v.b.devserver.DevServerOutputTracker   :     349 |             }
2026-01-29T09:37:45.784-05:00  INFO 15576 --- [dev-server-output] c.v.b.devserver.DevServerOutputTracker   :   > 350 |             ProductoService.busqueda(criterio.value, text.value).then(function (data) {
2026-01-29T09:37:45.786-05:00  INFO 15576 --- [dev-server-output] c.v.b.devserver.DevServerOutputTracker   :         |                             ^^^^^^^^
2026-01-29T09:37:45.786-05:00  INFO 15576 --- [dev-server-output] c.v.b.devserver.DevServerOutputTracker   :     351 |                 setProductos(data);
2026-01-29T09:37:45.786-05:00  INFO 15576 --- [dev-server-output] c.v.b.devserver.DevServerOutputTracker   :     352 |                 console.log("Resultados de busqueda:", data);
2026-01-29T09:37:45.788-05:00  INFO 15576 --- [dev-server-output] c.v.b.devserver.DevServerOutputTracker   :     353 |                 Notification.show(`Se encontraron ${data.length} resultado(s)`, {
2026-01-29T09:37:45.788-05:00  INFO 15576 --- [dev-server-output] c.v.b.devserver.DevServerOutputTracker   : 
2026-01-29T09:37:45.788-05:00  INFO 15576 --- [dev-server-output] c.v.b.devserver.DevServerOutputTracker   :  ERROR(TypeScript)  Parameter 'data' implicitly has an 'any' type.
2026-01-29T09:37:45.788-05:00  INFO 15576 --- [dev-server-output] c.v.b.devserver.DevServerOutputTracker   :  FILE  D:/Users/LOQ/Desktop/Proyecto_NvidiaCorp/src/main/frontend/views/producto-list.tsx:350:81
2026-01-29T09:37:45.788-05:00  INFO 15576 --- [dev-server-output] c.v.b.devserver.DevServerOutputTracker   : 
2026-01-29T09:37:45.788-05:00  INFO 15576 --- [dev-server-output] c.v.b.devserver.DevServerOutputTracker   :     348 |                 return;
2026-01-29T09:37:45.788-05:00  INFO 15576 --- [dev-server-output] c.v.b.devserver.DevServerOutputTracker   :     349 |             }
2026-01-29T09:37:45.788-05:00  INFO 15576 --- [dev-server-output] c.v.b.devserver.DevServerOutputTracker   :   > 350 |             ProductoService.busqueda(criterio.value, text.value).then(function (data) {
2026-01-29T09:37:45.788-05:00  INFO 15576 --- [dev-server-output] c.v.b.devserver.DevServerOutputTracker   :         |                                                                                 ^^^^
2026-01-29T09:37:45.788-05:00  INFO 15576 --- [dev-server-output] c.v.b.devserver.DevServerOutputTracker   :     351 |                 setProductos(data);
2026-01-29T09:37:45.788-05:00  INFO 15576 --- [dev-server-output] c.v.b.devserver.DevServerOutputTracker   :     352 |                 console.log("Resultados de busqueda:", data);
2026-01-29T09:37:45.788-05:00  INFO 15576 --- [dev-server-output] c.v.b.devserver.DevServerOutputTracker   :     353 |                 Notification.show(`Se encontraron ${data.length} resultado(s)`, {
2026-01-29T09:37:45.788-05:00  INFO 15576 --- [dev-server-output] c.v.b.devserver.DevServerOutputTracker   : 
2026-01-29T09:37:45.788-05:00  INFO 15576 --- [dev-server-output] c.v.b.devserver.DevServerOutputTracker   :  ERROR(TypeScript)  Type 'Element' is not assignable to type 'string'.
2026-01-29T09:37:45.788-05:00  INFO 15576 --- [dev-server-output] c.v.b.devserver.DevServerOutputTracker   :  FILE  D:/Users/LOQ/Desktop/Proyecto_NvidiaCorp/src/main/frontend/views/producto-list.tsx:599:21
2026-01-29T09:37:45.788-05:00  INFO 15576 --- [dev-server-output] c.v.b.devserver.DevServerOutputTracker   : 
2026-01-29T09:37:45.788-05:00  INFO 15576 --- [dev-server-output] c.v.b.devserver.DevServerOutputTracker   :     597 |             <div className="contenido-principal">
2026-01-29T09:37:45.788-05:00  INFO 15576 --- [dev-server-output] c.v.b.devserver.DevServerOutputTracker   :     598 |                 <ViewToolbar
2026-01-29T09:37:45.788-05:00  INFO 15576 --- [dev-server-output] c.v.b.devserver.DevServerOutputTracker   :   > 599 |                     title={
2026-01-29T09:37:45.788-05:00  INFO 15576 --- [dev-server-output] c.v.b.devserver.DevServerOutputTracker   :         |                     ^^^^^
2026-01-29T09:37:45.788-05:00  INFO 15576 --- [dev-server-output] c.v.b.devserver.DevServerOutputTracker   :     600 |                         <span className="producto-toolbar-titulo">
2026-01-29T09:37:45.788-05:00  INFO 15576 --- [dev-server-output] c.v.b.devserver.DevServerOutputTracker   :     601 |                             Productos ({productosFiltrados.length})
2026-01-29T09:37:45.788-05:00  INFO 15576 --- [dev-server-output] c.v.b.devserver.DevServerOutputTracker   :     602 |                         </span>
2026-01-29T09:37:45.788-05:00  INFO 15576 --- [dev-server-output] c.v.b.devserver.DevServerOutputTracker   : 
2026-01-29T09:37:45.788-05:00  INFO 15576 --- [dev-server-output] c.v.b.devserver.DevServerOutputTracker   :  ERROR(TypeScript)  Type '(event: KeyboardEvent) => void' is not assignable to type 'KeyboardEventHandler<TextField>'.
2026-01-29T09:37:45.788-05:00  INFO 15576 --- [dev-server-output] c.v.b.devserver.DevServerOutputTracker   :   Types of parameters 'event' and 'event' are incompatible.
2026-01-29T09:37:45.788-05:00  INFO 15576 --- [dev-server-output] c.v.b.devserver.DevServerOutputTracker   :     Type 'KeyboardEvent<TextField>' is missing the following properties from type 'KeyboardEvent': isComposing, initKeyboardEvent, DOM_KEY_LOCATION_STANDARD, DOM_KEY_LOCATION_LEFT, and 14 more.
2026-01-29T09:37:45.795-05:00  INFO 15576 --- [dev-server-output] c.v.b.devserver.DevServerOutputTracker   :  FILE  D:/Users/LOQ/Desktop/Proyecto_NvidiaCorp/src/main/frontend/views/producto-list.tsx:629:25
2026-01-29T09:37:45.795-05:00  INFO 15576 --- [dev-server-output] c.v.b.devserver.DevServerOutputTracker   : 
2026-01-29T09:37:45.795-05:00  INFO 15576 --- [dev-server-output] c.v.b.devserver.DevServerOutputTracker   :     627 |                         value={text.value}
2026-01-29T09:37:45.795-05:00  INFO 15576 --- [dev-server-output] c.v.b.devserver.DevServerOutputTracker   :     628 |                         onValueChanged={(evt) => (text.value = evt.detail.value)}
2026-01-29T09:37:45.795-05:00  INFO 15576 --- [dev-server-output] c.v.b.devserver.DevServerOutputTracker   :   > 629 |                         onKeyDown={handleKeyPress}
2026-01-29T09:37:45.795-05:00  INFO 15576 --- [dev-server-output] c.v.b.devserver.DevServerOutputTracker   :         |                         ^^^^^^^^^
2026-01-29T09:37:45.798-05:00  INFO 15576 --- [dev-server-output] c.v.b.devserver.DevServerOutputTracker   :     630 |                         clearButtonVisible
2026-01-29T09:37:45.798-05:00  INFO 15576 --- [dev-server-output] c.v.b.devserver.DevServerOutputTracker   :     631 |                     >
2026-01-29T09:37:45.798-05:00  INFO 15576 --- [dev-server-output] c.v.b.devserver.DevServerOutputTracker   :     632 |                         <Icon slot="prefix" icon="vaadin:search" style={{ color: '#76b900', fontSize: '1.2rem' }} />
2026-01-29T09:37:45.800-05:00  INFO 15576 --- [dev-server-output] c.v.b.devserver.DevServerOutputTracker   : 
2026-01-29T09:37:45.804-05:00  INFO 15576 --- [dev-server-output] c.v.b.devserver.DevServerOutputTracker   :  ERROR(TypeScript)  Type '{ onProductoCreated: () => Promise<void>; className: string; }' is not assignable to type 'IntrinsicAttributes & ProductoEntryFormProps'.
2026-01-29T09:37:45.804-05:00  INFO 15576 --- [dev-server-output] c.v.b.devserver.DevServerOutputTracker   :   Property 'className' does not exist on type 'IntrinsicAttributes & ProductoEntryFormProps'.
2026-01-29T09:37:45.804-05:00  INFO 15576 --- [dev-server-output] c.v.b.devserver.DevServerOutputTracker   :  FILE  D:/Users/LOQ/Desktop/Proyecto_NvidiaCorp/src/main/frontend/views/producto-list.tsx:658:25
2026-01-29T09:37:45.804-05:00  INFO 15576 --- [dev-server-output] c.v.b.devserver.DevServerOutputTracker   : 
2026-01-29T09:37:45.804-05:00  INFO 15576 --- [dev-server-output] c.v.b.devserver.DevServerOutputTracker   :     656 |                     <ProductoEntryForm
2026-01-29T09:37:45.806-05:00  INFO 15576 --- [dev-server-output] c.v.b.devserver.DevServerOutputTracker   :     657 |                         onProductoCreated={cargarProductos}
2026-01-29T09:37:45.806-05:00  INFO 15576 --- [dev-server-output] c.v.b.devserver.DevServerOutputTracker   :   > 658 |                         className="producto-btn-registrar"
2026-01-29T09:37:45.808-05:00  INFO 15576 --- [dev-server-output] c.v.b.devserver.DevServerOutputTracker   :         |                         ^^^^^^^^^
2026-01-29T09:37:45.808-05:00  INFO 15576 --- [dev-server-output] c.v.b.devserver.DevServerOutputTracker   :     659 |                     />
2026-01-29T09:37:45.808-05:00  INFO 15576 --- [dev-server-output] c.v.b.devserver.DevServerOutputTracker   :     660 |                 </div>
2026-01-29T09:37:45.808-05:00  INFO 15576 --- [dev-server-output] c.v.b.devserver.DevServerOutputTracker   :     661 |
2026-01-29T09:37:45.808-05:00  INFO 15576 --- [dev-server-output] c.v.b.devserver.DevServerOutputTracker   : 
2026-01-29T09:37:45.808-05:00  INFO 15576 --- [dev-server-output] c.v.b.devserver.DevServerOutputTracker   : [TypeScript] Found 29 errors. Watching for file changes.
=======
2026-01-29T09:35:53.910-05:00  INFO 25468 --- [restartedMain] o.h.e.t.j.p.i.JtaPlatformInitiator       : HHH000489: No JTA platform available (set 'hibernate.transaction.jta.platform' to enable JTA platform integration)
2026-01-29T09:35:53.976-05:00  INFO 25468 --- [restartedMain] j.LocalContainerEntityManagerFactoryBean : Initialized JPA EntityManagerFactory for persistence unit 'default'
2026-01-29T09:35:55.672-05:00  INFO 25468 --- [restartedMain] o.s.b.a.e.web.EndpointLinksResolver      : Exposing 1 endpoint beneath base path '/actuator'
2026-01-29T09:35:55.895-05:00  WARN 25468 --- [restartedMain] o.s.s.c.a.web.builders.WebSecurity       : You are asking Spring Security to ignore Or [Ant [pattern='/manifest.webmanifest'], Ant [pattern='/sw.js'], Ant [pattern='/sw-runtime-resources-precache.js'], Ant [pattern='/offline.html'], Ant [pattern='/offline-stub.html'], Ant [pattern='/icons/icon.png'], Ant [pattern='/themes/**'], Ant [pattern='/icons/icon-144x144.png'], Ant [pattern='/icons/icon-192x192.png'], Ant [pattern='/icons/icon-512x512.png'], Ant [pattern='/icons/icon-16x16.png'], Ant [pattern='/icons/icon-32x32.png'], Ant [pattern='/icons/icon-96x96.png'], Ant [pattern='/icons/icon-180x180.png'], Ant [pattern='/icons/icon-2048x2732.png'], Ant [pattern='/icons/icon-2732x2048.png'], Ant [pattern='/icons/icon-1668x2388.png'], Ant [pattern='/icons/icon-2388x1668.png'], Ant [pattern='/icons/icon-1668x2224.png'], Ant [pattern='/icons/icon-2224x1668.png'], Ant [pattern='/icons/icon-1620x2160.png'], Ant [pattern='/icons/icon-2160x1620.png'], Ant [pattern='/icons/icon-1536x2048.png'], Ant [pattern='/icons/icon-2048x1536.png'], Ant [pattern='/icons/icon-1284x2778.png'], Ant [pattern='/icons/icon-2778x1284.png'], Ant [pattern='/icons/icon-1170x2532.png'], Ant [pattern='/icons/icon-2532x1170.png'], Ant [pattern='/icons/icon-1125x2436.png'], Ant [pattern='/icons/icon-2436x1125.png'], Ant [pattern='/icons/icon-1242x2688.png'], Ant [pattern='/icons/icon-2688x1242.png'], Ant [pattern='/icons/icon-828x1792.png'], Ant [pattern='/icons/icon-1792x828.png'], Ant [pattern='/icons/icon-1242x2208.png'], Ant [pattern='/icons/icon-2208x1242.png'], Ant [pattern='/icons/icon-750x1334.png'], Ant [pattern='/icons/icon-1334x750.png'], Ant [pattern='/icons/icon-640x1136.png'], Ant [pattern='/icons/icon-1136x640.png'], Ant [pattern='/favicon.ico']]. This is not recommended -- please use permitAll via HttpSecurity#authorizeHttpRequests instead.
2026-01-29T09:35:55.895-05:00  WARN 25468 --- [restartedMain] o.s.s.c.a.web.builders.WebSecurity       : You are asking Spring Security to ignore Ant [pattern='static/**']. This is not recommended -- please use permitAll via HttpSecurity#authorizeHttpRequests instead.
2026-01-29T09:35:58.518-05:00  INFO 25468 --- [restartedMain] o.s.b.d.a.OptionalLiveReloadServer       : LiveReload server is running on port 35729
2026-01-29T09:36:01.670-05:00  INFO 25468 --- [restartedMain] c.v.f.s.DefaultDeploymentConfiguration   : 
Vaadin is running in DEVELOPMENT mode - do not use for production deployments.
2026-01-29T09:36:01.688-05:00  INFO 25468 --- [restartedMain] c.vaadin.flow.spring.SpringInstantiator  : The number of beans implementing 'I18NProvider' is 0. Cannot use Spring beans for I18N, falling back to the default behavior
2026-01-29T09:36:01.830-05:00  INFO 25468 --- [restartedMain] o.s.b.w.embedded.tomcat.TomcatWebServer  : Tomcat started on port 8080 (http) with context path '/'
2026-01-29T09:36:01.837-05:00  INFO 25468 --- [restartedMain] org.proyecto.nvidiacorp.Application      : Started Application in 47.11 seconds (process running for 48.242)
2026-01-29T09:36:01.908-05:00  INFO 25468 --- [restartedMain] o.proyecto.nvidiacorp.base.DataLoader    : =================================================
2026-01-29T09:36:01.908-05:00  INFO 25468 --- [restartedMain] o.proyecto.nvidiacorp.base.DataLoader    : ? INICIANDO CARGA MASIVA DE DATOS ?
2026-01-29T09:36:01.908-05:00  INFO 25468 --- [restartedMain] o.proyecto.nvidiacorp.base.DataLoader    : =================================================
2026-01-29T09:36:01.926-05:00  INFO 25468 --- [ForkJoinPool.commonPool-worker-1] c.v.b.devserver.AbstractDevServerRunner  : Starting Vite
2026-01-29T09:36:02.396-05:00  INFO 25468 --- [restartedMain] o.proyecto.nvidiacorp.base.DataLoader    : ?? Rol ya tiene datos (omitido).
2026-01-29T09:36:02.399-05:00  INFO 25468 --- [restartedMain] o.proyecto.nvidiacorp.base.DataLoader    : ?? Persona ya tiene datos (omitido).
2026-01-29T09:36:02.404-05:00  INFO 25468 --- [restartedMain] o.proyecto.nvidiacorp.base.DataLoader    : ?? Marca ya tiene datos (omitido).
2026-01-29T09:36:02.412-05:00  INFO 25468 --- [restartedMain] o.proyecto.nvidiacorp.base.DataLoader    : ?? Usuario ya tiene datos (omitido).
2026-01-29T09:36:02.417-05:00  INFO 25468 --- [restartedMain] o.proyecto.nvidiacorp.base.DataLoader    : ?? Producto ya tiene datos (omitido).
2026-01-29T09:36:02.445-05:00  WARN 25468 --- [restartedMain] o.m.jdbc.message.server.ErrorPacket      : Error: 1048-23000: Column 'entregado' cannot be null
2026-01-29T09:36:02.445-05:00  WARN 25468 --- [restartedMain] o.h.engine.jdbc.spi.SqlExceptionHelper   : SQL Error: 1048, SQLState: 23000
2026-01-29T09:36:02.445-05:00 ERROR 25468 --- [restartedMain] o.h.engine.jdbc.spi.SqlExceptionHelper   : (conn=64) Column 'entregado' cannot be null
2026-01-29T09:36:02.453-05:00 ERROR 25468 --- [restartedMain] o.proyecto.nvidiacorp.base.DataLoader    : ? ERROR cargando Factura: could not execute statement [(conn=64) Column 'entregado' cannot be null] [insert into factura (entregado,fecha,id_orden_pedido,id_persona,iva,metodo_pago,sub_total,total) values (?,?,?,?,?,?,?,?)]; SQL [insert into factura (entregado,fecha,id_orden_pedido,id_persona,iva,metodo_pago,sub_total,total) values (?,?,?,?,?,?,?,?)]; constraint [null]
2026-01-29T09:36:02.462-05:00  INFO 25468 --- [restartedMain] o.proyecto.nvidiacorp.base.DataLoader    : ?? Pago ya tiene datos (omitido).
2026-01-29T09:36:02.462-05:00  INFO 25468 --- [restartedMain] o.proyecto.nvidiacorp.base.DataLoader    : =================================================
2026-01-29T09:36:02.462-05:00  INFO 25468 --- [restartedMain] o.proyecto.nvidiacorp.base.DataLoader    : ? CARGA MASIVA FINALIZADA ?
2026-01-29T09:36:02.803-05:00  INFO 25468 --- [ForkJoinPool.commonPool-worker-1] c.v.b.devserver.AbstractDevServerRunner  : Running Vite to compile frontend resources. This may take a moment, please stand by...
2026-01-29T09:36:03.102-05:00  INFO 25468 --- [http-nio-8080-exec-1] o.a.c.c.C.[Tomcat].[localhost].[/]       : Initializing Spring DispatcherServlet 'dispatcherServlet'
2026-01-29T09:36:03.102-05:00  INFO 25468 --- [http-nio-8080-exec-1] o.s.web.servlet.DispatcherServlet        : Initializing Servlet 'dispatcherServlet'
2026-01-29T09:36:03.105-05:00  INFO 25468 --- [http-nio-8080-exec-1] o.s.web.servlet.DispatcherServlet        : Completed initialization in 3 ms
2026-01-29T09:36:13.231-05:00  INFO 25468 --- [dev-server-output] c.v.b.devserver.DevServerOutputTracker   : 
2026-01-29T09:36:13.231-05:00  INFO 25468 --- [dev-server-output] c.v.b.devserver.DevServerOutputTracker   :   VITE v6.3.4  ready in 10356 ms
2026-01-29T09:36:13.231-05:00  INFO 25468 --- [dev-server-output] c.v.b.devserver.DevServerOutputTracker   : 
2026-01-29T09:36:13.231-05:00  INFO 25468 --- [ForkJoinPool.commonPool-worker-1] c.v.b.devserver.AbstractDevServerRunner  : Started Vite. Time: 11313ms
2026-01-29T09:36:13.244-05:00  INFO 25468 --- [dev-server-output] c.v.b.devserver.DevServerOutputTracker   :   ?  Local:   http://127.0.0.1:60413/VAADIN/
2026-01-29T09:36:13.358-05:00  INFO 25468 --- [vaadin-dev-server-2] c.v.b.d.DevModeHandlerManagerImpl        : Application running at http://localhost:8080/
2026-01-29T09:36:51.534-05:00  INFO 25468 --- [dev-server-output] c.v.b.devserver.DevServerOutputTracker   : 
2026-01-29T09:36:51.544-05:00  INFO 25468 --- [dev-server-output] c.v.b.devserver.DevServerOutputTracker   :  ERROR(TypeScript)  Property 'user' does not exist on type 'AuthContextType'.
2026-01-29T09:36:51.545-05:00  INFO 25468 --- [dev-server-output] c.v.b.devserver.DevServerOutputTracker   :  FILE  C:/Users/LENOVO I7/Desktop/Proyecto/Proyecto_NvidiaCorp/src/main/frontend/components/Navbar.tsx:12:11
2026-01-29T09:36:51.547-05:00  INFO 25468 --- [dev-server-output] c.v.b.devserver.DevServerOutputTracker   : 
2026-01-29T09:36:51.558-05:00  INFO 25468 --- [dev-server-output] c.v.b.devserver.DevServerOutputTracker   :     10 |   const navigate = useNavigate();
2026-01-29T09:36:51.568-05:00  INFO 25468 --- [dev-server-output] c.v.b.devserver.DevServerOutputTracker   :     11 |   const location = useLocation(); // <-- Obtiene el objeto location
2026-01-29T09:36:51.568-05:00  INFO 25468 --- [dev-server-output] c.v.b.devserver.DevServerOutputTracker   :   > 12 |   const { user } = useAuth();
2026-01-29T09:36:51.577-05:00  INFO 25468 --- [dev-server-output] c.v.b.devserver.DevServerOutputTracker   :        |           ^^^^
2026-01-29T09:36:51.585-05:00  INFO 25468 --- [dev-server-output] c.v.b.devserver.DevServerOutputTracker   :     13 |
2026-01-29T09:36:51.596-05:00  INFO 25468 --- [dev-server-output] c.v.b.devserver.DevServerOutputTracker   :     14 |   console.log("Usuario autenticado:", user); // <-- Agrega esto
2026-01-29T09:36:51.602-05:00  INFO 25468 --- [dev-server-output] c.v.b.devserver.DevServerOutputTracker   :     15 |
2026-01-29T09:36:51.618-05:00  INFO 25468 --- [dev-server-output] c.v.b.devserver.DevServerOutputTracker   : 
2026-01-29T09:36:51.623-05:00  INFO 25468 --- [dev-server-output] c.v.b.devserver.DevServerOutputTracker   :  ERROR(TypeScript)  Type 'Marca | undefined' is not assignable to type 'Marca'.
2026-01-29T09:36:51.626-05:00  INFO 25468 --- [dev-server-output] c.v.b.devserver.DevServerOutputTracker   :   Type 'undefined' is not assignable to type 'Marca'.
2026-01-29T09:36:51.638-05:00  INFO 25468 --- [dev-server-output] c.v.b.devserver.DevServerOutputTracker   :  FILE  C:/Users/LENOVO I7/Desktop/Proyecto/Proyecto_NvidiaCorp/src/main/frontend/views/_producto-admin.tsx:47:68
2026-01-29T09:36:51.638-05:00  INFO 25468 --- [dev-server-output] c.v.b.devserver.DevServerOutputTracker   : 
2026-01-29T09:36:51.638-05:00  INFO 25468 --- [dev-server-output] c.v.b.devserver.DevServerOutputTracker   :     45 |         // Carga de marcas
2026-01-29T09:36:51.642-05:00  INFO 25468 --- [dev-server-output] c.v.b.devserver.DevServerOutputTracker   :     46 |         MarcaService.listAllMarcas().then(result => {
2026-01-29T09:36:51.642-05:00  INFO 25468 --- [dev-server-output] c.v.b.devserver.DevServerOutputTracker   :   > 47 |              setMarcas([{ id: 0, nombre: 'Seleccione una marca' }, ...(result || [])]);
2026-01-29T09:36:51.646-05:00  INFO 25468 --- [dev-server-output] c.v.b.devserver.DevServerOutputTracker   :        |                                                                    ^^^^^^^^^^^^^^^^^
2026-01-29T09:36:51.646-05:00  INFO 25468 --- [dev-server-output] c.v.b.devserver.DevServerOutputTracker   :     48 |         }).catch(console.error);
2026-01-29T09:36:51.654-05:00  INFO 25468 --- [dev-server-output] c.v.b.devserver.DevServerOutputTracker   :     49 |     }, []);
2026-01-29T09:36:51.654-05:00  INFO 25468 --- [dev-server-output] c.v.b.devserver.DevServerOutputTracker   :     50 |
2026-01-29T09:36:51.654-05:00  INFO 25468 --- [dev-server-output] c.v.b.devserver.DevServerOutputTracker   : 
2026-01-29T09:36:51.654-05:00  INFO 25468 --- [dev-server-output] c.v.b.devserver.DevServerOutputTracker   :  ERROR(TypeScript)  Type 'number' is not assignable to type 'string'.
2026-01-29T09:36:51.654-05:00  INFO 25468 --- [dev-server-output] c.v.b.devserver.DevServerOutputTracker   :  FILE  C:/Users/LENOVO I7/Desktop/Proyecto/Proyecto_NvidiaCorp/src/main/frontend/views/_producto-admin.tsx:98:25
2026-01-29T09:36:51.662-05:00  INFO 25468 --- [dev-server-output] c.v.b.devserver.DevServerOutputTracker   : 
2026-01-29T09:36:51.662-05:00  INFO 25468 --- [dev-server-output] c.v.b.devserver.DevServerOutputTracker   :      96 |                         itemLabelPath="nombre"
2026-01-29T09:36:51.662-05:00  INFO 25468 --- [dev-server-output] c.v.b.devserver.DevServerOutputTracker   :      97 |                         itemValuePath="id"
2026-01-29T09:36:51.670-05:00  INFO 25468 --- [dev-server-output] c.v.b.devserver.DevServerOutputTracker   :   >  98 |                         value={marca.value}
2026-01-29T09:36:51.670-05:00  INFO 25468 --- [dev-server-output] c.v.b.devserver.DevServerOutputTracker   :         |                         ^^^^^
2026-01-29T09:36:51.670-05:00  INFO 25468 --- [dev-server-output] c.v.b.devserver.DevServerOutputTracker   :      99 |                         onValueChanged={e => marca.value = e.detail.value}
2026-01-29T09:36:51.670-05:00  INFO 25468 --- [dev-server-output] c.v.b.devserver.DevServerOutputTracker   :     100 |                     />
2026-01-29T09:36:51.678-05:00  INFO 25468 --- [dev-server-output] c.v.b.devserver.DevServerOutputTracker   :     101 |                     
2026-01-29T09:36:51.682-05:00  INFO 25468 --- [dev-server-output] c.v.b.devserver.DevServerOutputTracker   : 
2026-01-29T09:36:51.685-05:00  INFO 25468 --- [dev-server-output] c.v.b.devserver.DevServerOutputTracker   :  ERROR(TypeScript)  Type 'string' is not assignable to type 'number'.
2026-01-29T09:36:51.685-05:00  INFO 25468 --- [dev-server-output] c.v.b.devserver.DevServerOutputTracker   :  FILE  C:/Users/LENOVO I7/Desktop/Proyecto/Proyecto_NvidiaCorp/src/main/frontend/views/_producto-admin.tsx:99:46
2026-01-29T09:36:51.685-05:00  INFO 25468 --- [dev-server-output] c.v.b.devserver.DevServerOutputTracker   : 
2026-01-29T09:36:51.685-05:00  INFO 25468 --- [dev-server-output] c.v.b.devserver.DevServerOutputTracker   :      97 |                         itemValuePath="id"
2026-01-29T09:36:51.685-05:00  INFO 25468 --- [dev-server-output] c.v.b.devserver.DevServerOutputTracker   :      98 |                         value={marca.value}
2026-01-29T09:36:51.696-05:00  INFO 25468 --- [dev-server-output] c.v.b.devserver.DevServerOutputTracker   :   >  99 |                         onValueChanged={e => marca.value = e.detail.value}
2026-01-29T09:36:51.703-05:00  INFO 25468 --- [dev-server-output] c.v.b.devserver.DevServerOutputTracker   :         |                                              ^^^^^^^^^^^
2026-01-29T09:36:51.703-05:00  INFO 25468 --- [dev-server-output] c.v.b.devserver.DevServerOutputTracker   :     100 |                     />
2026-01-29T09:36:51.708-05:00  INFO 25468 --- [dev-server-output] c.v.b.devserver.DevServerOutputTracker   :     101 |                     
2026-01-29T09:36:51.710-05:00  INFO 25468 --- [dev-server-output] c.v.b.devserver.DevServerOutputTracker   :     102 |                     <TextField label="Precio" value={precio.value.toString()} onValueChanged={e => precio.value = parseFloat(e.detail.value) || 0} />
2026-01-29T09:36:51.712-05:00  INFO 25468 --- [dev-server-output] c.v.b.devserver.DevServerOutputTracker   : 
2026-01-29T09:36:51.718-05:00  INFO 25468 --- [dev-server-output] c.v.b.devserver.DevServerOutputTracker   :  ERROR(TypeScript)  Type 'Marca | undefined' is not assignable to type 'Marca'.
2026-01-29T09:36:51.721-05:00  INFO 25468 --- [dev-server-output] c.v.b.devserver.DevServerOutputTracker   :   Type 'undefined' is not assignable to type 'Marca'.
2026-01-29T09:36:51.721-05:00  INFO 25468 --- [dev-server-output] c.v.b.devserver.DevServerOutputTracker   :  FILE  C:/Users/LENOVO I7/Desktop/Proyecto/Proyecto_NvidiaCorp/src/main/frontend/views/_producto-admin.tsx:152:58
2026-01-29T09:36:51.730-05:00  INFO 25468 --- [dev-server-output] c.v.b.devserver.DevServerOutputTracker   : 
2026-01-29T09:36:51.730-05:00  INFO 25468 --- [dev-server-output] c.v.b.devserver.DevServerOutputTracker   :     150 |     useEffect(() => {
2026-01-29T09:36:51.736-05:00  INFO 25468 --- [dev-server-output] c.v.b.devserver.DevServerOutputTracker   :     151 |         MarcaService.listAllMarcas().then(result => {
2026-01-29T09:36:51.736-05:00  INFO 25468 --- [dev-server-output] c.v.b.devserver.DevServerOutputTracker   :   > 152 |              setMarcas([{ id: 0, nombre: 'Seleccione' }, ...(result || [])]);
2026-01-29T09:36:51.743-05:00  INFO 25468 --- [dev-server-output] c.v.b.devserver.DevServerOutputTracker   :         |                                                          ^^^^^^^^^^^^^^^^^
2026-01-29T09:36:51.746-05:00  INFO 25468 --- [dev-server-output] c.v.b.devserver.DevServerOutputTracker   :     153 |         });
2026-01-29T09:36:51.756-05:00  INFO 25468 --- [dev-server-output] c.v.b.devserver.DevServerOutputTracker   :     154 |     }, []);
2026-01-29T09:36:51.756-05:00  INFO 25468 --- [dev-server-output] c.v.b.devserver.DevServerOutputTracker   :     155 |
2026-01-29T09:36:51.756-05:00  INFO 25468 --- [dev-server-output] c.v.b.devserver.DevServerOutputTracker   : 
2026-01-29T09:36:51.756-05:00  INFO 25468 --- [dev-server-output] c.v.b.devserver.DevServerOutputTracker   :  ERROR(TypeScript)  Parameter 'total' implicitly has an 'any' type.
2026-01-29T09:36:51.770-05:00  INFO 25468 --- [dev-server-output] c.v.b.devserver.DevServerOutputTracker   :  FILE  C:/Users/LENOVO I7/Desktop/Proyecto/Proyecto_NvidiaCorp/src/main/frontend/views/carrito-list.tsx:24:28
2026-01-29T09:36:51.770-05:00  INFO 25468 --- [dev-server-output] c.v.b.devserver.DevServerOutputTracker   : 
2026-01-29T09:36:51.770-05:00  INFO 25468 --- [dev-server-output] c.v.b.devserver.DevServerOutputTracker   :     22 |   // Cálculos del carrito
2026-01-29T09:36:51.770-05:00  INFO 25468 --- [dev-server-output] c.v.b.devserver.DevServerOutputTracker   :     23 |   const calcularSubtotal = () => {
2026-01-29T09:36:51.789-05:00  INFO 25468 --- [dev-server-output] c.v.b.devserver.DevServerOutputTracker   :   > 24 |     return carrito.reduce((total, item) => {
2026-01-29T09:36:51.796-05:00  INFO 25468 --- [dev-server-output] c.v.b.devserver.DevServerOutputTracker   :        |                            ^^^^^
2026-01-29T09:36:51.814-05:00  INFO 25468 --- [dev-server-output] c.v.b.devserver.DevServerOutputTracker   :     25 |       const cantidad = cantidades[item.id] || 1;
2026-01-29T09:36:51.832-05:00  INFO 25468 --- [dev-server-output] c.v.b.devserver.DevServerOutputTracker   :     26 |       return total + (item.precio * cantidad);
2026-01-29T09:36:51.832-05:00  INFO 25468 --- [dev-server-output] c.v.b.devserver.DevServerOutputTracker   :     27 |     }, 0);
2026-01-29T09:36:51.832-05:00  INFO 25468 --- [dev-server-output] c.v.b.devserver.DevServerOutputTracker   : 
2026-01-29T09:36:51.832-05:00  INFO 25468 --- [dev-server-output] c.v.b.devserver.DevServerOutputTracker   :  ERROR(TypeScript)  Parameter 'item' implicitly has an 'any' type.
2026-01-29T09:36:51.832-05:00  INFO 25468 --- [dev-server-output] c.v.b.devserver.DevServerOutputTracker   :  FILE  C:/Users/LENOVO I7/Desktop/Proyecto/Proyecto_NvidiaCorp/src/main/frontend/views/carrito-list.tsx:24:35
2026-01-29T09:36:51.843-05:00  INFO 25468 --- [dev-server-output] c.v.b.devserver.DevServerOutputTracker   : 
2026-01-29T09:36:51.846-05:00  INFO 25468 --- [dev-server-output] c.v.b.devserver.DevServerOutputTracker   :     22 |   // Cálculos del carrito
2026-01-29T09:36:51.846-05:00  INFO 25468 --- [dev-server-output] c.v.b.devserver.DevServerOutputTracker   :     23 |   const calcularSubtotal = () => {
2026-01-29T09:36:51.849-05:00  INFO 25468 --- [dev-server-output] c.v.b.devserver.DevServerOutputTracker   :   > 24 |     return carrito.reduce((total, item) => {
2026-01-29T09:36:51.852-05:00  INFO 25468 --- [dev-server-output] c.v.b.devserver.DevServerOutputTracker   :        |                                   ^^^^
2026-01-29T09:36:51.852-05:00  INFO 25468 --- [dev-server-output] c.v.b.devserver.DevServerOutputTracker   :     25 |       const cantidad = cantidades[item.id] || 1;
2026-01-29T09:36:51.852-05:00  INFO 25468 --- [dev-server-output] c.v.b.devserver.DevServerOutputTracker   :     26 |       return total + (item.precio * cantidad);
2026-01-29T09:36:51.852-05:00  INFO 25468 --- [dev-server-output] c.v.b.devserver.DevServerOutputTracker   :     27 |     }, 0);
2026-01-29T09:36:51.852-05:00  INFO 25468 --- [dev-server-output] c.v.b.devserver.DevServerOutputTracker   : 
2026-01-29T09:36:51.852-05:00  INFO 25468 --- [dev-server-output] c.v.b.devserver.DevServerOutputTracker   :  ERROR(TypeScript)  Parameter 'p' implicitly has an 'any' type.
2026-01-29T09:36:51.862-05:00  INFO 25468 --- [dev-server-output] c.v.b.devserver.DevServerOutputTracker   :  FILE  C:/Users/LENOVO I7/Desktop/Proyecto/Proyecto_NvidiaCorp/src/main/frontend/views/carrito-list.tsx:40:33
2026-01-29T09:36:51.868-05:00  INFO 25468 --- [dev-server-output] c.v.b.devserver.DevServerOutputTracker   : 
2026-01-29T09:36:51.868-05:00  INFO 25468 --- [dev-server-output] c.v.b.devserver.DevServerOutputTracker   :     38 |   const handleCantidad = (id: number, valor: number) => {
2026-01-29T09:36:51.868-05:00  INFO 25468 --- [dev-server-output] c.v.b.devserver.DevServerOutputTracker   :     39 |     setCantidades((prev) => {
2026-01-29T09:36:51.868-05:00  INFO 25468 --- [dev-server-output] c.v.b.devserver.DevServerOutputTracker   :   > 40 |       const item = carrito.find(p => p.id === id);
2026-01-29T09:36:51.878-05:00  INFO 25468 --- [dev-server-output] c.v.b.devserver.DevServerOutputTracker   :        |                                 ^
2026-01-29T09:36:51.886-05:00  INFO 25468 --- [dev-server-output] c.v.b.devserver.DevServerOutputTracker   :     41 |       const stock = item?.stock ?? 1;
2026-01-29T09:36:51.886-05:00  INFO 25468 --- [dev-server-output] c.v.b.devserver.DevServerOutputTracker   :     42 |       let nuevaCantidad = Math.max(1, (prev[id] || 1) + valor);
2026-01-29T09:36:51.886-05:00  INFO 25468 --- [dev-server-output] c.v.b.devserver.DevServerOutputTracker   :     43 |       console.log("Stock:", stock, "Cantidad actual:", prev[id], "Nueva cantidad:", nuevaCantidad);
2026-01-29T09:36:51.886-05:00  INFO 25468 --- [dev-server-output] c.v.b.devserver.DevServerOutputTracker   : 
2026-01-29T09:36:51.886-05:00  INFO 25468 --- [dev-server-output] c.v.b.devserver.DevServerOutputTracker   :  ERROR(TypeScript)  Parameter 'carritoActual' implicitly has an 'any' type.
2026-01-29T09:36:51.894-05:00  INFO 25468 --- [dev-server-output] c.v.b.devserver.DevServerOutputTracker   :  FILE  C:/Users/LENOVO I7/Desktop/Proyecto/Proyecto_NvidiaCorp/src/main/frontend/views/carrito-list.tsx:52:19
2026-01-29T09:36:51.897-05:00  INFO 25468 --- [dev-server-output] c.v.b.devserver.DevServerOutputTracker   : 
2026-01-29T09:36:51.898-05:00  INFO 25468 --- [dev-server-output] c.v.b.devserver.DevServerOutputTracker   :     50 |         nuevaCantidad = stock;
2026-01-29T09:36:51.898-05:00  INFO 25468 --- [dev-server-output] c.v.b.devserver.DevServerOutputTracker   :     51 |       }
2026-01-29T09:36:51.902-05:00  INFO 25468 --- [dev-server-output] c.v.b.devserver.DevServerOutputTracker   :   > 52 |       setCarrito((carritoActual) =>
2026-01-29T09:36:51.903-05:00  INFO 25468 --- [dev-server-output] c.v.b.devserver.DevServerOutputTracker   :        |                   ^^^^^^^^^^^^^
2026-01-29T09:36:51.903-05:00  INFO 25468 --- [dev-server-output] c.v.b.devserver.DevServerOutputTracker   :     53 |         carritoActual.map((item) =>
2026-01-29T09:36:51.903-05:00  INFO 25468 --- [dev-server-output] c.v.b.devserver.DevServerOutputTracker   :     54 |           item.id === id ? { ...item, cantidad: nuevaCantidad } : item
2026-01-29T09:36:51.903-05:00  INFO 25468 --- [dev-server-output] c.v.b.devserver.DevServerOutputTracker   :     55 |         )
2026-01-29T09:36:51.903-05:00  INFO 25468 --- [dev-server-output] c.v.b.devserver.DevServerOutputTracker   : 
2026-01-29T09:36:51.912-05:00  INFO 25468 --- [dev-server-output] c.v.b.devserver.DevServerOutputTracker   :  ERROR(TypeScript)  Parameter 'item' implicitly has an 'any' type.
2026-01-29T09:36:51.918-05:00  INFO 25468 --- [dev-server-output] c.v.b.devserver.DevServerOutputTracker   :  FILE  C:/Users/LENOVO I7/Desktop/Proyecto/Proyecto_NvidiaCorp/src/main/frontend/views/carrito-list.tsx:53:28
2026-01-29T09:36:51.918-05:00  INFO 25468 --- [dev-server-output] c.v.b.devserver.DevServerOutputTracker   : 
2026-01-29T09:36:51.918-05:00  INFO 25468 --- [dev-server-output] c.v.b.devserver.DevServerOutputTracker   :     51 |       }
2026-01-29T09:36:51.918-05:00  INFO 25468 --- [dev-server-output] c.v.b.devserver.DevServerOutputTracker   :     52 |       setCarrito((carritoActual) =>
2026-01-29T09:36:51.918-05:00  INFO 25468 --- [dev-server-output] c.v.b.devserver.DevServerOutputTracker   :   > 53 |         carritoActual.map((item) =>
2026-01-29T09:36:51.918-05:00  INFO 25468 --- [dev-server-output] c.v.b.devserver.DevServerOutputTracker   :        |                            ^^^^
2026-01-29T09:36:51.918-05:00  INFO 25468 --- [dev-server-output] c.v.b.devserver.DevServerOutputTracker   :     54 |           item.id === id ? { ...item, cantidad: nuevaCantidad } : item
2026-01-29T09:36:51.918-05:00  INFO 25468 --- [dev-server-output] c.v.b.devserver.DevServerOutputTracker   :     55 |         )
2026-01-29T09:36:51.918-05:00  INFO 25468 --- [dev-server-output] c.v.b.devserver.DevServerOutputTracker   :     56 |       );
2026-01-29T09:36:51.918-05:00  INFO 25468 --- [dev-server-output] c.v.b.devserver.DevServerOutputTracker   : 
2026-01-29T09:36:51.929-05:00  INFO 25468 --- [dev-server-output] c.v.b.devserver.DevServerOutputTracker   :  ERROR(TypeScript)  Not all code paths return a value.
2026-01-29T09:36:51.936-05:00  INFO 25468 --- [dev-server-output] c.v.b.devserver.DevServerOutputTracker   :  FILE  C:/Users/LENOVO I7/Desktop/Proyecto/Proyecto_NvidiaCorp/src/main/frontend/views/carrito-list.tsx:112:13
2026-01-29T09:36:51.940-05:00  INFO 25468 --- [dev-server-output] c.v.b.devserver.DevServerOutputTracker   : 
2026-01-29T09:36:51.943-05:00  INFO 25468 --- [dev-server-output] c.v.b.devserver.DevServerOutputTracker   :     110 |   };
2026-01-29T09:36:51.943-05:00  INFO 25468 --- [dev-server-output] c.v.b.devserver.DevServerOutputTracker   :     111 |
2026-01-29T09:36:51.943-05:00  INFO 25468 --- [dev-server-output] c.v.b.devserver.DevServerOutputTracker   :   > 112 |   useEffect(() => {
2026-01-29T09:36:51.948-05:00  INFO 25468 --- [dev-server-output] c.v.b.devserver.DevServerOutputTracker   :         |             ^^^^^^^
2026-01-29T09:36:51.948-05:00  INFO 25468 --- [dev-server-output] c.v.b.devserver.DevServerOutputTracker   :     113 |     if (checkoutId && showPagoModal) {
2026-01-29T09:36:51.948-05:00  INFO 25468 --- [dev-server-output] c.v.b.devserver.DevServerOutputTracker   :     114 |       const script = document.createElement('script');
2026-01-29T09:36:51.948-05:00  INFO 25468 --- [dev-server-output] c.v.b.devserver.DevServerOutputTracker   :     115 |       script.src = `https://eu-test.oppwa.com/v1/paymentWidgets.js?checkoutId=${checkoutId}`;
2026-01-29T09:36:51.979-05:00  INFO 25468 --- [dev-server-output] c.v.b.devserver.DevServerOutputTracker   : 
2026-01-29T09:36:52.007-05:00  INFO 25468 --- [dev-server-output] c.v.b.devserver.DevServerOutputTracker   :  ERROR(TypeScript)  Parameter 'item' implicitly has an 'any' type.
2026-01-29T09:36:52.040-05:00  INFO 25468 --- [dev-server-output] c.v.b.devserver.DevServerOutputTracker   :  FILE  C:/Users/LENOVO I7/Desktop/Proyecto/Proyecto_NvidiaCorp/src/main/frontend/views/carrito-list.tsx:172:31
2026-01-29T09:36:52.057-05:00  INFO 25468 --- [dev-server-output] c.v.b.devserver.DevServerOutputTracker   : 
2026-01-29T09:36:52.073-05:00  INFO 25468 --- [dev-server-output] c.v.b.devserver.DevServerOutputTracker   :     170 |             <div className="carrito-productos">
2026-01-29T09:36:52.098-05:00  INFO 25468 --- [dev-server-output] c.v.b.devserver.DevServerOutputTracker   :     171 |               <div className="producto-grid">
2026-01-29T09:36:52.123-05:00  INFO 25468 --- [dev-server-output] c.v.b.devserver.DevServerOutputTracker   :   > 172 |                 {carrito.map((item) => (
2026-01-29T09:36:52.138-05:00  INFO 25468 --- [dev-server-output] c.v.b.devserver.DevServerOutputTracker   :         |                               ^^^^
2026-01-29T09:36:52.165-05:00  INFO 25468 --- [dev-server-output] c.v.b.devserver.DevServerOutputTracker   :     173 |                   <div key={item.id} className="producto-card">
2026-01-29T09:36:52.208-05:00  INFO 25468 --- [dev-server-output] c.v.b.devserver.DevServerOutputTracker   :     174 |                     <ProductoCard
2026-01-29T09:36:52.241-05:00  INFO 25468 --- [dev-server-output] c.v.b.devserver.DevServerOutputTracker   :     175 |                       item={item}
2026-01-29T09:36:52.250-05:00  INFO 25468 --- [dev-server-output] c.v.b.devserver.DevServerOutputTracker   : 
2026-01-29T09:36:52.250-05:00  INFO 25468 --- [dev-server-output] c.v.b.devserver.DevServerOutputTracker   :  ERROR(TypeScript)  Parameter 'item' implicitly has an 'any' type.
2026-01-29T09:36:52.258-05:00  INFO 25468 --- [dev-server-output] c.v.b.devserver.DevServerOutputTracker   :  FILE  C:/Users/LENOVO I7/Desktop/Proyecto/Proyecto_NvidiaCorp/src/main/frontend/views/carrito-list.tsx:203:34
2026-01-29T09:36:52.282-05:00  INFO 25468 --- [dev-server-output] c.v.b.devserver.DevServerOutputTracker   : 
2026-01-29T09:36:52.291-05:00  INFO 25468 --- [dev-server-output] c.v.b.devserver.DevServerOutputTracker   :     201 |                   <h3 className="carrito-mini-factura-titulo">Productos</h3>
2026-01-29T09:36:52.300-05:00  INFO 25468 --- [dev-server-output] c.v.b.devserver.DevServerOutputTracker   :     202 |                   <ul className="carrito-mini-factura-lista">
2026-01-29T09:36:52.324-05:00  INFO 25468 --- [dev-server-output] c.v.b.devserver.DevServerOutputTracker   :   > 203 |                     {carrito.map(item => (
2026-01-29T09:36:52.329-05:00  INFO 25468 --- [dev-server-output] c.v.b.devserver.DevServerOutputTracker   :         |                                  ^^^^
2026-01-29T09:36:52.329-05:00  INFO 25468 --- [dev-server-output] c.v.b.devserver.DevServerOutputTracker   :     204 |                       <li key={item.id} className="carrito-mini-factura-item">
2026-01-29T09:36:52.338-05:00  INFO 25468 --- [dev-server-output] c.v.b.devserver.DevServerOutputTracker   :     205 |                         <span className="carrito-mini-factura-nombre">{item.nombre}</span>
2026-01-29T09:36:52.358-05:00  INFO 25468 --- [dev-server-output] c.v.b.devserver.DevServerOutputTracker   :     206 |                         <span className="carrito-mini-factura-cantidad">{cantidades[item.id] || 1}</span>
2026-01-29T09:36:52.358-05:00  INFO 25468 --- [dev-server-output] c.v.b.devserver.DevServerOutputTracker   : 
2026-01-29T09:36:52.358-05:00  INFO 25468 --- [dev-server-output] c.v.b.devserver.DevServerOutputTracker   :  ERROR(TypeScript)  Parameter 'acc' implicitly has an 'any' type.
2026-01-29T09:36:52.367-05:00  INFO 25468 --- [dev-server-output] c.v.b.devserver.DevServerOutputTracker   :  FILE  C:/Users/LENOVO I7/Desktop/Proyecto/Proyecto_NvidiaCorp/src/main/frontend/views/Pago-form.tsx:32:44
2026-01-29T09:36:52.367-05:00  INFO 25468 --- [dev-server-output] c.v.b.devserver.DevServerOutputTracker   : 
2026-01-29T09:36:52.372-05:00  INFO 25468 --- [dev-server-output] c.v.b.devserver.DevServerOutputTracker   :     30 |           localStorage.removeItem('carrito');
2026-01-29T09:36:52.372-05:00  INFO 25468 --- [dev-server-output] c.v.b.devserver.DevServerOutputTracker   :     31 |
2026-01-29T09:36:52.372-05:00  INFO 25468 --- [dev-server-output] c.v.b.devserver.DevServerOutputTracker   :   > 32 |           const subtotal = carrito.reduce((acc, item) => acc + (item.precio * (item.cantidad || 1)), 0);
2026-01-29T09:36:52.372-05:00  INFO 25468 --- [dev-server-output] c.v.b.devserver.DevServerOutputTracker   :        |                                            ^^^
2026-01-29T09:36:52.372-05:00  INFO 25468 --- [dev-server-output] c.v.b.devserver.DevServerOutputTracker   :     33 |           const iva = subtotal * 0.15;
2026-01-29T09:36:52.372-05:00  INFO 25468 --- [dev-server-output] c.v.b.devserver.DevServerOutputTracker   :     34 |           const total = subtotal + iva;
2026-01-29T09:36:52.372-05:00  INFO 25468 --- [dev-server-output] c.v.b.devserver.DevServerOutputTracker   :     35 |           localStorage.setItem('factura_items', JSON.stringify(carrito));
2026-01-29T09:36:52.372-05:00  INFO 25468 --- [dev-server-output] c.v.b.devserver.DevServerOutputTracker   : 
2026-01-29T09:36:52.372-05:00  INFO 25468 --- [dev-server-output] c.v.b.devserver.DevServerOutputTracker   :  ERROR(TypeScript)  Parameter 'item' implicitly has an 'any' type.
2026-01-29T09:36:52.372-05:00  INFO 25468 --- [dev-server-output] c.v.b.devserver.DevServerOutputTracker   :  FILE  C:/Users/LENOVO I7/Desktop/Proyecto/Proyecto_NvidiaCorp/src/main/frontend/views/Pago-form.tsx:32:49
2026-01-29T09:36:52.380-05:00  INFO 25468 --- [dev-server-output] c.v.b.devserver.DevServerOutputTracker   : 
2026-01-29T09:36:52.381-05:00  INFO 25468 --- [dev-server-output] c.v.b.devserver.DevServerOutputTracker   :     30 |           localStorage.removeItem('carrito');
2026-01-29T09:36:52.384-05:00  INFO 25468 --- [dev-server-output] c.v.b.devserver.DevServerOutputTracker   :     31 |
2026-01-29T09:36:52.384-05:00  INFO 25468 --- [dev-server-output] c.v.b.devserver.DevServerOutputTracker   :   > 32 |           const subtotal = carrito.reduce((acc, item) => acc + (item.precio * (item.cantidad || 1)), 0);
2026-01-29T09:36:52.384-05:00  INFO 25468 --- [dev-server-output] c.v.b.devserver.DevServerOutputTracker   :        |                                                 ^^^^
2026-01-29T09:36:52.384-05:00  INFO 25468 --- [dev-server-output] c.v.b.devserver.DevServerOutputTracker   :     33 |           const iva = subtotal * 0.15;
2026-01-29T09:36:52.400-05:00  INFO 25468 --- [dev-server-output] c.v.b.devserver.DevServerOutputTracker   :     34 |           const total = subtotal + iva;
2026-01-29T09:36:52.421-05:00  INFO 25468 --- [dev-server-output] c.v.b.devserver.DevServerOutputTracker   :     35 |           localStorage.setItem('factura_items', JSON.stringify(carrito));
2026-01-29T09:36:52.421-05:00  INFO 25468 --- [dev-server-output] c.v.b.devserver.DevServerOutputTracker   : 
2026-01-29T09:36:52.421-05:00  INFO 25468 --- [dev-server-output] c.v.b.devserver.DevServerOutputTracker   :  ERROR(TypeScript)  Not all code paths return a value.
2026-01-29T09:36:52.421-05:00  INFO 25468 --- [dev-server-output] c.v.b.devserver.DevServerOutputTracker   :  FILE  C:/Users/LENOVO I7/Desktop/Proyecto/Proyecto_NvidiaCorp/src/main/frontend/views/Pago-form.tsx:62:13
2026-01-29T09:36:52.421-05:00  INFO 25468 --- [dev-server-output] c.v.b.devserver.DevServerOutputTracker   : 
2026-01-29T09:36:52.425-05:00  INFO 25468 --- [dev-server-output] c.v.b.devserver.DevServerOutputTracker   :     60 |   };
2026-01-29T09:36:52.425-05:00  INFO 25468 --- [dev-server-output] c.v.b.devserver.DevServerOutputTracker   :     61 |
2026-01-29T09:36:52.425-05:00  INFO 25468 --- [dev-server-output] c.v.b.devserver.DevServerOutputTracker   :   > 62 |   useEffect(() => {
2026-01-29T09:36:52.428-05:00  INFO 25468 --- [dev-server-output] c.v.b.devserver.DevServerOutputTracker   :        |             ^^^^^^^
2026-01-29T09:36:52.434-05:00  INFO 25468 --- [dev-server-output] c.v.b.devserver.DevServerOutputTracker   :     63 |     if (checkoutId) {
2026-01-29T09:36:52.435-05:00  INFO 25468 --- [dev-server-output] c.v.b.devserver.DevServerOutputTracker   :     64 |       const script = document.createElement('script');
2026-01-29T09:36:52.435-05:00  INFO 25468 --- [dev-server-output] c.v.b.devserver.DevServerOutputTracker   :     65 |       script.src = `https://eu-test.oppwa.com/v1/paymentWidgets.js?checkoutId=${checkoutId}`;
2026-01-29T09:36:52.435-05:00  INFO 25468 --- [dev-server-output] c.v.b.devserver.DevServerOutputTracker   : 
2026-01-29T09:36:52.435-05:00  INFO 25468 --- [dev-server-output] c.v.b.devserver.DevServerOutputTracker   :  ERROR(TypeScript)  Type 'Element' is not assignable to type 'string'.
2026-01-29T09:36:52.435-05:00  INFO 25468 --- [dev-server-output] c.v.b.devserver.DevServerOutputTracker   :  FILE  C:/Users/LENOVO I7/Desktop/Proyecto/Proyecto_NvidiaCorp/src/main/frontend/views/Pago_list.tsx:86:20
2026-01-29T09:36:52.442-05:00  INFO 25468 --- [dev-server-output] c.v.b.devserver.DevServerOutputTracker   : 
2026-01-29T09:36:52.444-05:00  INFO 25468 --- [dev-server-output] c.v.b.devserver.DevServerOutputTracker   :     84 |   return (
2026-01-29T09:36:52.449-05:00  INFO 25468 --- [dev-server-output] c.v.b.devserver.DevServerOutputTracker   :     85 |     <main className="pago-main">
2026-01-29T09:36:52.450-05:00  INFO 25468 --- [dev-server-output] c.v.b.devserver.DevServerOutputTracker   :   > 86 |       <ViewToolbar title={<span className="pago-title">Lista de Pagos</span>}>
2026-01-29T09:36:52.450-05:00  INFO 25468 --- [dev-server-output] c.v.b.devserver.DevServerOutputTracker   :        |                    ^^^^^
2026-01-29T09:36:52.450-05:00  INFO 25468 --- [dev-server-output] c.v.b.devserver.DevServerOutputTracker   :     87 |         <Group>
2026-01-29T09:36:52.450-05:00  INFO 25468 --- [dev-server-output] c.v.b.devserver.DevServerOutputTracker   :     88 |           {/* Aquí puedes agregar filtros o botones si lo necesitas */}
2026-01-29T09:36:52.458-05:00  INFO 25468 --- [dev-server-output] c.v.b.devserver.DevServerOutputTracker   :     89 |         </Group>
2026-01-29T09:36:52.466-05:00  INFO 25468 --- [dev-server-output] c.v.b.devserver.DevServerOutputTracker   : 
2026-01-29T09:36:52.468-05:00  INFO 25468 --- [dev-server-output] c.v.b.devserver.DevServerOutputTracker   :  ERROR(TypeScript)  Type 'Promise<(Persona | undefined)[] | undefined>' is not assignable to type 'Promise<Persona[]>'.
2026-01-29T09:36:52.472-05:00  INFO 25468 --- [dev-server-output] c.v.b.devserver.DevServerOutputTracker   :   Type '(Persona | undefined)[] | undefined' is not assignable to type 'Persona[]'.
2026-01-29T09:36:52.474-05:00  INFO 25468 --- [dev-server-output] c.v.b.devserver.DevServerOutputTracker   :     Type 'undefined' is not assignable to type 'Persona[]'.
2026-01-29T09:36:52.484-05:00  INFO 25468 --- [dev-server-output] c.v.b.devserver.DevServerOutputTracker   :  FILE  C:/Users/LENOVO I7/Desktop/Proyecto/Proyecto_NvidiaCorp/src/main/frontend/views/persona-list.tsx:172:27
2026-01-29T09:36:52.484-05:00  INFO 25468 --- [dev-server-output] c.v.b.devserver.DevServerOutputTracker   : 
2026-01-29T09:36:52.484-05:00  INFO 25468 --- [dev-server-output] c.v.b.devserver.DevServerOutputTracker   :     170 | export default function PersonaListView() {
2026-01-29T09:36:52.484-05:00  INFO 25468 --- [dev-server-output] c.v.b.devserver.DevServerOutputTracker   :     171 |     const dataProvider = useDataProvider<Persona>({
2026-01-29T09:36:52.484-05:00  INFO 25468 --- [dev-server-output] c.v.b.devserver.DevServerOutputTracker   :   > 172 |         list: (params) => PersonaServices.listAllPersona(),
2026-01-29T09:36:52.484-05:00  INFO 25468 --- [dev-server-output] c.v.b.devserver.DevServerOutputTracker   :         |                           ^^^^^^^^^^^^^^^^^^^^^^^^^^^^^^^^
2026-01-29T09:36:52.499-05:00  INFO 25468 --- [dev-server-output] c.v.b.devserver.DevServerOutputTracker   :     173 |     });
2026-01-29T09:36:52.499-05:00  INFO 25468 --- [dev-server-output] c.v.b.devserver.DevServerOutputTracker   :     174 |
2026-01-29T09:36:52.499-05:00  INFO 25468 --- [dev-server-output] c.v.b.devserver.DevServerOutputTracker   :     175 |     return (
2026-01-29T09:36:52.499-05:00  INFO 25468 --- [dev-server-output] c.v.b.devserver.DevServerOutputTracker   : 
2026-01-29T09:36:52.499-05:00  INFO 25468 --- [dev-server-output] c.v.b.devserver.DevServerOutputTracker   :  ERROR(TypeScript)  Not all code paths return a value.
2026-01-29T09:36:52.515-05:00  INFO 25468 --- [dev-server-output] c.v.b.devserver.DevServerOutputTracker   :  FILE  C:/Users/LENOVO I7/Desktop/Proyecto/Proyecto_NvidiaCorp/src/main/frontend/views/producto-list.tsx:29:15
2026-01-29T09:36:52.518-05:00  INFO 25468 --- [dev-server-output] c.v.b.devserver.DevServerOutputTracker   : 
2026-01-29T09:36:52.518-05:00  INFO 25468 --- [dev-server-output] c.v.b.devserver.DevServerOutputTracker   :     27 |     const navigate = useNavigate();
2026-01-29T09:36:52.518-05:00  INFO 25468 --- [dev-server-output] c.v.b.devserver.DevServerOutputTracker   :     28 |
2026-01-29T09:36:52.518-05:00  INFO 25468 --- [dev-server-output] c.v.b.devserver.DevServerOutputTracker   :   > 29 |     useEffect(() => {
2026-01-29T09:36:52.518-05:00  INFO 25468 --- [dev-server-output] c.v.b.devserver.DevServerOutputTracker   :        |               ^^^^^^^
2026-01-29T09:36:52.527-05:00  INFO 25468 --- [dev-server-output] c.v.b.devserver.DevServerOutputTracker   :     30 |         if (isVisible && producto) {
2026-01-29T09:36:52.529-05:00  INFO 25468 --- [dev-server-output] c.v.b.devserver.DevServerOutputTracker   :     31 |             const timer = setTimeout(() => {
2026-01-29T09:36:52.535-05:00  INFO 25468 --- [dev-server-output] c.v.b.devserver.DevServerOutputTracker   :     32 |                 onClose();
2026-01-29T09:36:52.535-05:00  INFO 25468 --- [dev-server-output] c.v.b.devserver.DevServerOutputTracker   : 
2026-01-29T09:36:52.535-05:00  INFO 25468 --- [dev-server-output] c.v.b.devserver.DevServerOutputTracker   :  ERROR(TypeScript)  Argument of type '(ProductoDTO | undefined)[] | undefined' is not assignable to parameter of type 'SetStateAction<any[]>'.
2026-01-29T09:36:52.535-05:00  INFO 25468 --- [dev-server-output] c.v.b.devserver.DevServerOutputTracker   :   Type 'undefined' is not assignable to type 'SetStateAction<any[]>'.
2026-01-29T09:36:52.535-05:00  INFO 25468 --- [dev-server-output] c.v.b.devserver.DevServerOutputTracker   :  FILE  C:/Users/LENOVO I7/Desktop/Proyecto/Proyecto_NvidiaCorp/src/main/frontend/views/producto-list.tsx:333:26
2026-01-29T09:36:52.535-05:00  INFO 25468 --- [dev-server-output] c.v.b.devserver.DevServerOutputTracker   : 
2026-01-29T09:36:52.545-05:00  INFO 25468 --- [dev-server-output] c.v.b.devserver.DevServerOutputTracker   :     331 |         try {
2026-01-29T09:36:52.551-05:00  INFO 25468 --- [dev-server-output] c.v.b.devserver.DevServerOutputTracker   :     332 |             const items = await ProductoService.listAllProductos();
2026-01-29T09:36:52.551-05:00  INFO 25468 --- [dev-server-output] c.v.b.devserver.DevServerOutputTracker   :   > 333 |             setProductos(items);
2026-01-29T09:36:52.556-05:00  INFO 25468 --- [dev-server-output] c.v.b.devserver.DevServerOutputTracker   :         |                          ^^^^^
2026-01-29T09:36:52.567-05:00  INFO 25468 --- [dev-server-output] c.v.b.devserver.DevServerOutputTracker   :     334 |             // No seteamos filtrados aquí directamente para dejar que el useEffect de filtros maneje la lógica inicial
2026-01-29T09:36:52.572-05:00  INFO 25468 --- [dev-server-output] c.v.b.devserver.DevServerOutputTracker   :     335 |         } catch (error) {
2026-01-29T09:36:52.572-05:00  INFO 25468 --- [dev-server-output] c.v.b.devserver.DevServerOutputTracker   :     336 |             handleError(error);
2026-01-29T09:36:52.572-05:00  INFO 25468 --- [dev-server-output] c.v.b.devserver.DevServerOutputTracker   : 
2026-01-29T09:36:52.587-05:00  INFO 25468 --- [dev-server-output] c.v.b.devserver.DevServerOutputTracker   :  ERROR(TypeScript)  Type 'Element' is not assignable to type 'string'.
2026-01-29T09:36:52.587-05:00  INFO 25468 --- [dev-server-output] c.v.b.devserver.DevServerOutputTracker   :  FILE  C:/Users/LENOVO I7/Desktop/Proyecto/Proyecto_NvidiaCorp/src/main/frontend/views/producto-list.tsx:407:30
2026-01-29T09:36:52.587-05:00  INFO 25468 --- [dev-server-output] c.v.b.devserver.DevServerOutputTracker   : 
2026-01-29T09:36:52.587-05:00  INFO 25468 --- [dev-server-output] c.v.b.devserver.DevServerOutputTracker   :     405 |
2026-01-29T09:36:52.600-05:00  INFO 25468 --- [dev-server-output] c.v.b.devserver.DevServerOutputTracker   :     406 |             <div className="contenido-principal">
2026-01-29T09:36:52.600-05:00  INFO 25468 --- [dev-server-output] c.v.b.devserver.DevServerOutputTracker   :   > 407 |                 <ViewToolbar title={<span className="producto-toolbar-titulo">Productos ({productosFiltrados.length})</span>}>
2026-01-29T09:36:52.615-05:00  INFO 25468 --- [dev-server-output] c.v.b.devserver.DevServerOutputTracker   :         |                              ^^^^^
2026-01-29T09:36:52.620-05:00  INFO 25468 --- [dev-server-output] c.v.b.devserver.DevServerOutputTracker   :     408 |                    <Group></Group>
2026-01-29T09:36:52.620-05:00  INFO 25468 --- [dev-server-output] c.v.b.devserver.DevServerOutputTracker   :     409 |                 </ViewToolbar>
2026-01-29T09:36:52.620-05:00  INFO 25468 --- [dev-server-output] c.v.b.devserver.DevServerOutputTracker   :     410 |
2026-01-29T09:36:52.636-05:00  INFO 25468 --- [dev-server-output] c.v.b.devserver.DevServerOutputTracker   : 
2026-01-29T09:36:52.644-05:00  INFO 25468 --- [dev-server-output] c.v.b.devserver.DevServerOutputTracker   :  ERROR(TypeScript)  Type '{ onProductoCreated: () => Promise<void>; className: string; }' is not assignable to type 'IntrinsicAttributes & ProductoEntryFormProps'.
2026-01-29T09:36:52.649-05:00  INFO 25468 --- [dev-server-output] c.v.b.devserver.DevServerOutputTracker   :   Property 'className' does not exist on type 'IntrinsicAttributes & ProductoEntryFormProps'.
2026-01-29T09:36:52.649-05:00  INFO 25468 --- [dev-server-output] c.v.b.devserver.DevServerOutputTracker   :  FILE  C:/Users/LENOVO I7/Desktop/Proyecto/Proyecto_NvidiaCorp/src/main/frontend/views/producto-list.tsx:440:80
2026-01-29T09:36:52.649-05:00  INFO 25468 --- [dev-server-output] c.v.b.devserver.DevServerOutputTracker   : 
2026-01-29T09:36:52.649-05:00  INFO 25468 --- [dev-server-output] c.v.b.devserver.DevServerOutputTracker   :     438 |                     {/* Funcionalidad Nueva: AdminOnly para crear */}
2026-01-29T09:36:52.649-05:00  INFO 25468 --- [dev-server-output] c.v.b.devserver.DevServerOutputTracker   :     439 |                     <AdminOnly>
2026-01-29T09:36:52.649-05:00  INFO 25468 --- [dev-server-output] c.v.b.devserver.DevServerOutputTracker   :   > 440 |                         <ProductoEntryForm onProductoCreated={cargarProductos} className="producto-btn-registrar" />
2026-01-29T09:36:52.649-05:00  INFO 25468 --- [dev-server-output] c.v.b.devserver.DevServerOutputTracker   :         |                                                                                ^^^^^^^^^
2026-01-29T09:36:52.667-05:00  INFO 25468 --- [dev-server-output] c.v.b.devserver.DevServerOutputTracker   :     441 |                     </AdminOnly>
2026-01-29T09:36:52.667-05:00  INFO 25468 --- [dev-server-output] c.v.b.devserver.DevServerOutputTracker   :     442 |                 </div>
2026-01-29T09:36:52.667-05:00  INFO 25468 --- [dev-server-output] c.v.b.devserver.DevServerOutputTracker   :     443 |
2026-01-29T09:36:52.667-05:00  INFO 25468 --- [dev-server-output] c.v.b.devserver.DevServerOutputTracker   : 
2026-01-29T09:36:52.667-05:00  INFO 25468 --- [dev-server-output] c.v.b.devserver.DevServerOutputTracker   : [TypeScript] Found 22 errors. Watching for file changes.
2026-01-29T09:37:25.761-05:00  INFO 25468 --- [SpringApplicationShutdownHook] o.s.b.w.e.tomcat.GracefulShutdown        : Commencing graceful shutdown. Waiting for active requests to complete
2026-01-29T09:37:25.888-05:00  INFO 25468 --- [tomcat-shutdown] o.s.b.w.e.tomcat.GracefulShutdown        : Graceful shutdown complete
2026-01-29T09:37:25.895-05:00  INFO 25468 --- [SpringApplicationShutdownHook] j.LocalContainerEntityManagerFactoryBean : Closing JPA EntityManagerFactory for persistence unit 'default'
2026-01-29T09:37:25.900-05:00  INFO 25468 --- [SpringApplicationShutdownHook] com.zaxxer.hikari.HikariDataSource       : HikariPool-1 - Shutdown initiated...
2026-01-29T09:37:25.903-05:00  INFO 25468 --- [SpringApplicationShutdownHook] com.zaxxer.hikari.HikariDataSource       : HikariPool-1 - Shutdown completed.
2026-01-29T09:39:48.992-05:00  INFO 16372 --- [restartedMain] org.proyecto.nvidiacorp.Application      : Starting Application using Java 17.0.12 with PID 16372 (C:\Users\LENOVO I7\Desktop\Proyecto\Proyecto_NvidiaCorp\target\classes started by LENOVO I7 in C:\Users\LENOVO I7\Desktop\Proyecto\Proyecto_NvidiaCorp)
2026-01-29T09:39:48.995-05:00  INFO 16372 --- [restartedMain] org.proyecto.nvidiacorp.Application      : No active profile set, falling back to 1 default profile: "default"
2026-01-29T09:39:49.083-05:00  INFO 16372 --- [restartedMain] .e.DevToolsPropertyDefaultsPostProcessor : Devtools property defaults active! Set 'spring.devtools.add-properties' to 'false' to disable
2026-01-29T09:39:49.083-05:00  INFO 16372 --- [restartedMain] .e.DevToolsPropertyDefaultsPostProcessor : For additional web related logging consider setting the 'logging.level.web' property to 'DEBUG'
2026-01-29T09:39:50.720-05:00  INFO 16372 --- [restartedMain] .s.d.r.c.RepositoryConfigurationDelegate : Bootstrapping Spring Data JPA repositories in DEFAULT mode.
2026-01-29T09:39:50.932-05:00  INFO 16372 --- [restartedMain] .s.d.r.c.RepositoryConfigurationDelegate : Finished Spring Data repository scanning in 176 ms. Found 8 JPA repository interfaces.
2026-01-29T09:39:52.619-05:00  INFO 16372 --- [restartedMain] o.s.b.w.embedded.tomcat.TomcatWebServer  : Tomcat initialized with port 8080 (http)
2026-01-29T09:39:52.650-05:00  INFO 16372 --- [restartedMain] o.apache.catalina.core.StandardService   : Starting service [Tomcat]
2026-01-29T09:39:52.650-05:00  INFO 16372 --- [restartedMain] o.apache.catalina.core.StandardEngine    : Starting Servlet engine: [Apache Tomcat/10.1.40]
2026-01-29T09:39:52.755-05:00  INFO 16372 --- [restartedMain] o.a.c.c.C.[Tomcat].[localhost].[/]       : Initializing Spring embedded WebApplicationContext
2026-01-29T09:39:52.755-05:00  INFO 16372 --- [restartedMain] w.s.c.ServletWebServerApplicationContext : Root WebApplicationContext: initialization completed in 3672 ms
2026-01-29T09:39:53.776-05:00  INFO 16372 --- [restartedMain] o.a.c.c.C.[Tomcat].[localhost].[/]       : Initializing AtmosphereFramework
2026-01-29T09:39:55.456-05:00  INFO 16372 --- [restartedMain] c.v.f.s.VaadinServletContextInitializer  : Search for subclasses and classes with annotations took 1225 ms
2026-01-29T09:39:56.115-05:00  INFO 16372 --- [restartedMain] c.v.b.d.startup.DevModeStartupListener   : Starting dev-mode updaters in C:\Users\LENOVO I7\Desktop\Proyecto\Proyecto_NvidiaCorp folder.
2026-01-29T09:39:56.247-05:00  INFO 16372 --- [restartedMain] c.v.f.s.f.s.FullDependenciesScanner      : Visited 111 classes. Took 76 ms.
2026-01-29T09:39:56.809-05:00  INFO 16372 --- [vaadin-dev-server-1] c.v.f.s.frontend.TaskUpdatePackages      : Skipping `npm install` because the frontend packages are already installed in the folder 'C:\Users\LENOVO I7\Desktop\Proyecto\Proyecto_NvidiaCorp\node_modules' and the hash in the file 'C:\Users\LENOVO I7\Desktop\Proyecto\Proyecto_NvidiaCorp\node_modules\.vaadin\vaadin.json' is the same as in 'package.json'
2026-01-29T09:39:56.809-05:00  INFO 16372 --- [vaadin-dev-server-1] c.v.f.s.frontend.TaskCopyFrontendFiles   : Copying frontend resources from jar files ...
2026-01-29T09:39:56.942-05:00  INFO 16372 --- [vaadin-dev-server-1] c.v.f.s.frontend.TaskCopyFrontendFiles   : Visited 22 resources. Took 126 ms.
2026-01-29T09:39:57.409-05:00  INFO 16372 --- [restartedMain] o.hibernate.jpa.internal.util.LogHelper  : HHH000204: Processing PersistenceUnitInfo [name: default]
2026-01-29T09:39:57.476-05:00  INFO 16372 --- [restartedMain] org.hibernate.Version                    : HHH000412: Hibernate ORM core version 6.6.13.Final
2026-01-29T09:39:57.504-05:00  INFO 16372 --- [restartedMain] o.h.c.internal.RegionFactoryInitiator    : HHH000026: Second-level cache disabled
2026-01-29T09:39:57.835-05:00  INFO 16372 --- [restartedMain] o.s.o.j.p.SpringPersistenceUnitInfo      : No LoadTimeWeaver setup: ignoring JPA class transformer
2026-01-29T09:39:57.859-05:00  INFO 16372 --- [restartedMain] com.zaxxer.hikari.HikariDataSource       : HikariPool-1 - Starting...
2026-01-29T09:39:57.948-05:00  INFO 16372 --- [restartedMain] com.zaxxer.hikari.pool.HikariPool        : HikariPool-1 - Added connection org.mariadb.jdbc.Connection@106aac63
2026-01-29T09:39:57.948-05:00  INFO 16372 --- [restartedMain] com.zaxxer.hikari.HikariDataSource       : HikariPool-1 - Start completed.
2026-01-29T09:39:57.981-05:00  WARN 16372 --- [restartedMain] org.hibernate.orm.deprecation            : HHH90000025: MariaDBDialect does not need to be specified explicitly using 'hibernate.dialect' (remove the property setting and it will be selected by default)
2026-01-29T09:39:57.998-05:00  INFO 16372 --- [restartedMain] org.hibernate.orm.connections.pooling    : HHH10001005: Database info:
	Database JDBC URL [Connecting through datasource 'HikariDataSource (HikariPool-1)']
	Database driver: undefined/unknown
	Database version: 12.1.2
	Autocommit mode: undefined/unknown
	Isolation level: undefined/unknown
	Minimum pool size: undefined/unknown
	Maximum pool size: undefined/unknown
2026-01-29T09:39:59.258-05:00  INFO 16372 --- [restartedMain] o.h.e.t.j.p.i.JtaPlatformInitiator       : HHH000489: No JTA platform available (set 'hibernate.transaction.jta.platform' to enable JTA platform integration)
2026-01-29T09:39:59.316-05:00  INFO 16372 --- [restartedMain] j.LocalContainerEntityManagerFactoryBean : Initialized JPA EntityManagerFactory for persistence unit 'default'
2026-01-29T09:40:01.010-05:00  INFO 16372 --- [restartedMain] o.s.b.a.e.web.EndpointLinksResolver      : Exposing 1 endpoint beneath base path '/actuator'
2026-01-29T09:40:01.120-05:00  WARN 16372 --- [restartedMain] o.s.s.c.a.web.builders.WebSecurity       : You are asking Spring Security to ignore Or [Ant [pattern='/manifest.webmanifest'], Ant [pattern='/sw.js'], Ant [pattern='/sw-runtime-resources-precache.js'], Ant [pattern='/offline.html'], Ant [pattern='/offline-stub.html'], Ant [pattern='/icons/icon.png'], Ant [pattern='/themes/**'], Ant [pattern='/icons/icon-144x144.png'], Ant [pattern='/icons/icon-192x192.png'], Ant [pattern='/icons/icon-512x512.png'], Ant [pattern='/icons/icon-16x16.png'], Ant [pattern='/icons/icon-32x32.png'], Ant [pattern='/icons/icon-96x96.png'], Ant [pattern='/icons/icon-180x180.png'], Ant [pattern='/icons/icon-2048x2732.png'], Ant [pattern='/icons/icon-2732x2048.png'], Ant [pattern='/icons/icon-1668x2388.png'], Ant [pattern='/icons/icon-2388x1668.png'], Ant [pattern='/icons/icon-1668x2224.png'], Ant [pattern='/icons/icon-2224x1668.png'], Ant [pattern='/icons/icon-1620x2160.png'], Ant [pattern='/icons/icon-2160x1620.png'], Ant [pattern='/icons/icon-1536x2048.png'], Ant [pattern='/icons/icon-2048x1536.png'], Ant [pattern='/icons/icon-1284x2778.png'], Ant [pattern='/icons/icon-2778x1284.png'], Ant [pattern='/icons/icon-1170x2532.png'], Ant [pattern='/icons/icon-2532x1170.png'], Ant [pattern='/icons/icon-1125x2436.png'], Ant [pattern='/icons/icon-2436x1125.png'], Ant [pattern='/icons/icon-1242x2688.png'], Ant [pattern='/icons/icon-2688x1242.png'], Ant [pattern='/icons/icon-828x1792.png'], Ant [pattern='/icons/icon-1792x828.png'], Ant [pattern='/icons/icon-1242x2208.png'], Ant [pattern='/icons/icon-2208x1242.png'], Ant [pattern='/icons/icon-750x1334.png'], Ant [pattern='/icons/icon-1334x750.png'], Ant [pattern='/icons/icon-640x1136.png'], Ant [pattern='/icons/icon-1136x640.png'], Ant [pattern='/favicon.ico']]. This is not recommended -- please use permitAll via HttpSecurity#authorizeHttpRequests instead.
2026-01-29T09:40:01.120-05:00  WARN 16372 --- [restartedMain] o.s.s.c.a.web.builders.WebSecurity       : You are asking Spring Security to ignore Ant [pattern='static/**']. This is not recommended -- please use permitAll via HttpSecurity#authorizeHttpRequests instead.
2026-01-29T09:40:03.099-05:00  INFO 16372 --- [restartedMain] o.s.b.d.a.OptionalLiveReloadServer       : LiveReload server is running on port 35729
2026-01-29T09:40:03.841-05:00  INFO 16372 --- [http-nio-8080-exec-1] o.a.c.c.C.[Tomcat].[localhost].[/]       : Initializing Spring DispatcherServlet 'dispatcherServlet'
2026-01-29T09:40:03.842-05:00  INFO 16372 --- [http-nio-8080-exec-1] o.s.web.servlet.DispatcherServlet        : Initializing Servlet 'dispatcherServlet'
2026-01-29T09:40:03.844-05:00  INFO 16372 --- [http-nio-8080-exec-1] o.s.web.servlet.DispatcherServlet        : Completed initialization in 2 ms
2026-01-29T09:40:03.968-05:00  WARN 16372 --- [http-nio-8080-exec-1] c.v.f.s.c.PushAtmosphereHandler          : AtmosphereHandler.onRequest called before PushHandler has been set. This should really not happen
2026-01-29T09:40:06.102-05:00  INFO 16372 --- [restartedMain] c.v.f.s.DefaultDeploymentConfiguration   : 
Vaadin is running in DEVELOPMENT mode - do not use for production deployments.
2026-01-29T09:40:06.194-05:00  INFO 16372 --- [restartedMain] c.vaadin.flow.spring.SpringInstantiator  : The number of beans implementing 'I18NProvider' is 0. Cannot use Spring beans for I18N, falling back to the default behavior
2026-01-29T09:40:06.369-05:00  INFO 16372 --- [restartedMain] o.s.b.w.embedded.tomcat.TomcatWebServer  : Tomcat started on port 8080 (http) with context path '/'
2026-01-29T09:40:06.391-05:00  INFO 16372 --- [restartedMain] org.proyecto.nvidiacorp.Application      : Started Application in 18.152 seconds (process running for 18.939)
2026-01-29T09:40:06.459-05:00  INFO 16372 --- [restartedMain] o.proyecto.nvidiacorp.base.DataLoader    : =================================================
2026-01-29T09:40:06.460-05:00  INFO 16372 --- [restartedMain] o.proyecto.nvidiacorp.base.DataLoader    : ? INICIANDO CARGA MASIVA DE DATOS ?
2026-01-29T09:40:06.461-05:00  INFO 16372 --- [restartedMain] o.proyecto.nvidiacorp.base.DataLoader    : =================================================
2026-01-29T09:40:06.466-05:00  INFO 16372 --- [ForkJoinPool.commonPool-worker-2] c.v.b.devserver.AbstractDevServerRunner  : Starting Vite
2026-01-29T09:40:07.004-05:00  INFO 16372 --- [restartedMain] o.proyecto.nvidiacorp.base.DataLoader    : ?? Rol ya tiene datos (omitido).
2026-01-29T09:40:07.010-05:00  INFO 16372 --- [restartedMain] o.proyecto.nvidiacorp.base.DataLoader    : ?? Persona ya tiene datos (omitido).
2026-01-29T09:40:07.014-05:00  INFO 16372 --- [restartedMain] o.proyecto.nvidiacorp.base.DataLoader    : ?? Marca ya tiene datos (omitido).
2026-01-29T09:40:07.017-05:00  INFO 16372 --- [restartedMain] o.proyecto.nvidiacorp.base.DataLoader    : ?? Usuario ya tiene datos (omitido).
2026-01-29T09:40:07.022-05:00  INFO 16372 --- [restartedMain] o.proyecto.nvidiacorp.base.DataLoader    : ?? Producto ya tiene datos (omitido).
2026-01-29T09:40:07.062-05:00  WARN 16372 --- [restartedMain] o.m.jdbc.message.server.ErrorPacket      : Error: 1048-23000: Column 'entregado' cannot be null
2026-01-29T09:40:07.063-05:00  WARN 16372 --- [restartedMain] o.h.engine.jdbc.spi.SqlExceptionHelper   : SQL Error: 1048, SQLState: 23000
2026-01-29T09:40:07.063-05:00 ERROR 16372 --- [restartedMain] o.h.engine.jdbc.spi.SqlExceptionHelper   : (conn=74) Column 'entregado' cannot be null
2026-01-29T09:40:07.071-05:00 ERROR 16372 --- [restartedMain] o.proyecto.nvidiacorp.base.DataLoader    : ? ERROR cargando Factura: could not execute statement [(conn=74) Column 'entregado' cannot be null] [insert into factura (entregado,fecha,id_orden_pedido,id_persona,iva,metodo_pago,sub_total,total) values (?,?,?,?,?,?,?,?)]; SQL [insert into factura (entregado,fecha,id_orden_pedido,id_persona,iva,metodo_pago,sub_total,total) values (?,?,?,?,?,?,?,?)]; constraint [null]
2026-01-29T09:40:07.076-05:00  INFO 16372 --- [restartedMain] o.proyecto.nvidiacorp.base.DataLoader    : ?? Pago ya tiene datos (omitido).
2026-01-29T09:40:07.076-05:00  INFO 16372 --- [restartedMain] o.proyecto.nvidiacorp.base.DataLoader    : =================================================
2026-01-29T09:40:07.077-05:00  INFO 16372 --- [restartedMain] o.proyecto.nvidiacorp.base.DataLoader    : ? CARGA MASIVA FINALIZADA ?
2026-01-29T09:40:07.243-05:00  INFO 16372 --- [ForkJoinPool.commonPool-worker-2] c.v.b.devserver.AbstractDevServerRunner  : Running Vite to compile frontend resources. This may take a moment, please stand by...
2026-01-29T09:40:09.073-05:00  INFO 16372 --- [dev-server-output] c.v.b.devserver.DevServerOutputTracker   : 
2026-01-29T09:40:09.074-05:00  INFO 16372 --- [dev-server-output] c.v.b.devserver.DevServerOutputTracker   :   VITE v6.3.4  ready in 1774 ms
2026-01-29T09:40:09.074-05:00  INFO 16372 --- [ForkJoinPool.commonPool-worker-2] c.v.b.devserver.AbstractDevServerRunner  : Started Vite. Time: 2609ms
2026-01-29T09:40:09.074-05:00  INFO 16372 --- [dev-server-output] c.v.b.devserver.DevServerOutputTracker   : 
2026-01-29T09:40:09.076-05:00  INFO 16372 --- [dev-server-output] c.v.b.devserver.DevServerOutputTracker   :   ?  Local:   http://127.0.0.1:59310/VAADIN/
2026-01-29T09:40:09.087-05:00  INFO 16372 --- [vaadin-dev-server-2] c.v.b.d.DevModeHandlerManagerImpl        : Application running at http://localhost:8080/
2026-01-29T09:40:13.830-05:00  INFO 16372 --- [dev-server-output] c.v.b.devserver.DevServerOutputTracker   : 
2026-01-29T09:40:13.830-05:00  INFO 16372 --- [dev-server-output] c.v.b.devserver.DevServerOutputTracker   :  ERROR(TypeScript)  Property 'user' does not exist on type 'AuthContextType'.
2026-01-29T09:40:13.831-05:00  INFO 16372 --- [dev-server-output] c.v.b.devserver.DevServerOutputTracker   :  FILE  C:/Users/LENOVO I7/Desktop/Proyecto/Proyecto_NvidiaCorp/src/main/frontend/components/Navbar.tsx:12:11
2026-01-29T09:40:13.831-05:00  INFO 16372 --- [dev-server-output] c.v.b.devserver.DevServerOutputTracker   : 
2026-01-29T09:40:13.831-05:00  INFO 16372 --- [dev-server-output] c.v.b.devserver.DevServerOutputTracker   :     10 |   const navigate = useNavigate();
2026-01-29T09:40:13.832-05:00  INFO 16372 --- [dev-server-output] c.v.b.devserver.DevServerOutputTracker   :     11 |   const location = useLocation(); // <-- Obtiene el objeto location
2026-01-29T09:40:13.832-05:00  INFO 16372 --- [dev-server-output] c.v.b.devserver.DevServerOutputTracker   :   > 12 |   const { user } = useAuth();
2026-01-29T09:40:13.832-05:00  INFO 16372 --- [dev-server-output] c.v.b.devserver.DevServerOutputTracker   :        |           ^^^^
2026-01-29T09:40:13.833-05:00  INFO 16372 --- [dev-server-output] c.v.b.devserver.DevServerOutputTracker   :     13 |
2026-01-29T09:40:13.833-05:00  INFO 16372 --- [dev-server-output] c.v.b.devserver.DevServerOutputTracker   :     14 |   console.log("Usuario autenticado:", user); // <-- Agrega esto
2026-01-29T09:40:13.833-05:00  INFO 16372 --- [dev-server-output] c.v.b.devserver.DevServerOutputTracker   :     15 |
2026-01-29T09:40:13.834-05:00  INFO 16372 --- [dev-server-output] c.v.b.devserver.DevServerOutputTracker   : 
2026-01-29T09:40:13.834-05:00  INFO 16372 --- [dev-server-output] c.v.b.devserver.DevServerOutputTracker   :  ERROR(TypeScript)  Type 'Marca | undefined' is not assignable to type 'Marca'.
2026-01-29T09:40:13.834-05:00  INFO 16372 --- [dev-server-output] c.v.b.devserver.DevServerOutputTracker   :   Type 'undefined' is not assignable to type 'Marca'.
2026-01-29T09:40:13.835-05:00  INFO 16372 --- [dev-server-output] c.v.b.devserver.DevServerOutputTracker   :  FILE  C:/Users/LENOVO I7/Desktop/Proyecto/Proyecto_NvidiaCorp/src/main/frontend/views/_producto-admin.tsx:47:68
2026-01-29T09:40:13.835-05:00  INFO 16372 --- [dev-server-output] c.v.b.devserver.DevServerOutputTracker   : 
2026-01-29T09:40:13.835-05:00  INFO 16372 --- [dev-server-output] c.v.b.devserver.DevServerOutputTracker   :     45 |         // Carga de marcas
2026-01-29T09:40:13.836-05:00  INFO 16372 --- [dev-server-output] c.v.b.devserver.DevServerOutputTracker   :     46 |         MarcaService.listAllMarcas().then(result => {
2026-01-29T09:40:13.836-05:00  INFO 16372 --- [dev-server-output] c.v.b.devserver.DevServerOutputTracker   :   > 47 |              setMarcas([{ id: 0, nombre: 'Seleccione una marca' }, ...(result || [])]);
2026-01-29T09:40:13.837-05:00  INFO 16372 --- [dev-server-output] c.v.b.devserver.DevServerOutputTracker   :        |                                                                    ^^^^^^^^^^^^^^^^^
2026-01-29T09:40:13.837-05:00  INFO 16372 --- [dev-server-output] c.v.b.devserver.DevServerOutputTracker   :     48 |         }).catch(console.error);
2026-01-29T09:40:13.837-05:00  INFO 16372 --- [dev-server-output] c.v.b.devserver.DevServerOutputTracker   :     49 |     }, []);
2026-01-29T09:40:13.838-05:00  INFO 16372 --- [dev-server-output] c.v.b.devserver.DevServerOutputTracker   :     50 |
2026-01-29T09:40:13.838-05:00  INFO 16372 --- [dev-server-output] c.v.b.devserver.DevServerOutputTracker   : 
2026-01-29T09:40:13.838-05:00  INFO 16372 --- [dev-server-output] c.v.b.devserver.DevServerOutputTracker   :  ERROR(TypeScript)  Type 'number' is not assignable to type 'string'.
2026-01-29T09:40:13.839-05:00  INFO 16372 --- [dev-server-output] c.v.b.devserver.DevServerOutputTracker   :  FILE  C:/Users/LENOVO I7/Desktop/Proyecto/Proyecto_NvidiaCorp/src/main/frontend/views/_producto-admin.tsx:98:25
2026-01-29T09:40:13.839-05:00  INFO 16372 --- [dev-server-output] c.v.b.devserver.DevServerOutputTracker   : 
2026-01-29T09:40:13.839-05:00  INFO 16372 --- [dev-server-output] c.v.b.devserver.DevServerOutputTracker   :      96 |                         itemLabelPath="nombre"
2026-01-29T09:40:13.840-05:00  INFO 16372 --- [dev-server-output] c.v.b.devserver.DevServerOutputTracker   :      97 |                         itemValuePath="id"
2026-01-29T09:40:13.840-05:00  INFO 16372 --- [dev-server-output] c.v.b.devserver.DevServerOutputTracker   :   >  98 |                         value={marca.value}
2026-01-29T09:40:13.840-05:00  INFO 16372 --- [dev-server-output] c.v.b.devserver.DevServerOutputTracker   :         |                         ^^^^^
2026-01-29T09:40:13.841-05:00  INFO 16372 --- [dev-server-output] c.v.b.devserver.DevServerOutputTracker   :      99 |                         onValueChanged={e => marca.value = e.detail.value}
2026-01-29T09:40:13.841-05:00  INFO 16372 --- [dev-server-output] c.v.b.devserver.DevServerOutputTracker   :     100 |                     />
2026-01-29T09:40:13.841-05:00  INFO 16372 --- [dev-server-output] c.v.b.devserver.DevServerOutputTracker   :     101 |                     
2026-01-29T09:40:13.842-05:00  INFO 16372 --- [dev-server-output] c.v.b.devserver.DevServerOutputTracker   : 
2026-01-29T09:40:13.842-05:00  INFO 16372 --- [dev-server-output] c.v.b.devserver.DevServerOutputTracker   :  ERROR(TypeScript)  Type 'string' is not assignable to type 'number'.
2026-01-29T09:40:13.842-05:00  INFO 16372 --- [dev-server-output] c.v.b.devserver.DevServerOutputTracker   :  FILE  C:/Users/LENOVO I7/Desktop/Proyecto/Proyecto_NvidiaCorp/src/main/frontend/views/_producto-admin.tsx:99:46
2026-01-29T09:40:13.843-05:00  INFO 16372 --- [dev-server-output] c.v.b.devserver.DevServerOutputTracker   : 
2026-01-29T09:40:13.843-05:00  INFO 16372 --- [dev-server-output] c.v.b.devserver.DevServerOutputTracker   :      97 |                         itemValuePath="id"
2026-01-29T09:40:13.843-05:00  INFO 16372 --- [dev-server-output] c.v.b.devserver.DevServerOutputTracker   :      98 |                         value={marca.value}
2026-01-29T09:40:13.843-05:00  INFO 16372 --- [dev-server-output] c.v.b.devserver.DevServerOutputTracker   :   >  99 |                         onValueChanged={e => marca.value = e.detail.value}
2026-01-29T09:40:13.844-05:00  INFO 16372 --- [dev-server-output] c.v.b.devserver.DevServerOutputTracker   :         |                                              ^^^^^^^^^^^
2026-01-29T09:40:13.844-05:00  INFO 16372 --- [dev-server-output] c.v.b.devserver.DevServerOutputTracker   :     100 |                     />
2026-01-29T09:40:13.844-05:00  INFO 16372 --- [dev-server-output] c.v.b.devserver.DevServerOutputTracker   :     101 |                     
2026-01-29T09:40:13.845-05:00  INFO 16372 --- [dev-server-output] c.v.b.devserver.DevServerOutputTracker   :     102 |                     <TextField label="Precio" value={precio.value.toString()} onValueChanged={e => precio.value = parseFloat(e.detail.value) || 0} />
2026-01-29T09:40:13.845-05:00  INFO 16372 --- [dev-server-output] c.v.b.devserver.DevServerOutputTracker   : 
2026-01-29T09:40:13.845-05:00  INFO 16372 --- [dev-server-output] c.v.b.devserver.DevServerOutputTracker   :  ERROR(TypeScript)  Type 'Marca | undefined' is not assignable to type 'Marca'.
2026-01-29T09:40:13.845-05:00  INFO 16372 --- [dev-server-output] c.v.b.devserver.DevServerOutputTracker   :   Type 'undefined' is not assignable to type 'Marca'.
2026-01-29T09:40:13.846-05:00  INFO 16372 --- [dev-server-output] c.v.b.devserver.DevServerOutputTracker   :  FILE  C:/Users/LENOVO I7/Desktop/Proyecto/Proyecto_NvidiaCorp/src/main/frontend/views/_producto-admin.tsx:152:58
2026-01-29T09:40:13.846-05:00  INFO 16372 --- [dev-server-output] c.v.b.devserver.DevServerOutputTracker   : 
2026-01-29T09:40:13.846-05:00  INFO 16372 --- [dev-server-output] c.v.b.devserver.DevServerOutputTracker   :     150 |     useEffect(() => {
2026-01-29T09:40:13.847-05:00  INFO 16372 --- [dev-server-output] c.v.b.devserver.DevServerOutputTracker   :     151 |         MarcaService.listAllMarcas().then(result => {
2026-01-29T09:40:13.847-05:00  INFO 16372 --- [dev-server-output] c.v.b.devserver.DevServerOutputTracker   :   > 152 |              setMarcas([{ id: 0, nombre: 'Seleccione' }, ...(result || [])]);
2026-01-29T09:40:13.847-05:00  INFO 16372 --- [dev-server-output] c.v.b.devserver.DevServerOutputTracker   :         |                                                          ^^^^^^^^^^^^^^^^^
2026-01-29T09:40:13.848-05:00  INFO 16372 --- [dev-server-output] c.v.b.devserver.DevServerOutputTracker   :     153 |         });
2026-01-29T09:40:13.848-05:00  INFO 16372 --- [dev-server-output] c.v.b.devserver.DevServerOutputTracker   :     154 |     }, []);
2026-01-29T09:40:13.848-05:00  INFO 16372 --- [dev-server-output] c.v.b.devserver.DevServerOutputTracker   :     155 |
2026-01-29T09:40:13.848-05:00  INFO 16372 --- [dev-server-output] c.v.b.devserver.DevServerOutputTracker   : 
2026-01-29T09:40:13.849-05:00  INFO 16372 --- [dev-server-output] c.v.b.devserver.DevServerOutputTracker   :  ERROR(TypeScript)  Parameter 'total' implicitly has an 'any' type.
2026-01-29T09:40:13.849-05:00  INFO 16372 --- [dev-server-output] c.v.b.devserver.DevServerOutputTracker   :  FILE  C:/Users/LENOVO I7/Desktop/Proyecto/Proyecto_NvidiaCorp/src/main/frontend/views/carrito-list.tsx:24:28
2026-01-29T09:40:13.849-05:00  INFO 16372 --- [dev-server-output] c.v.b.devserver.DevServerOutputTracker   : 
2026-01-29T09:40:13.849-05:00  INFO 16372 --- [dev-server-output] c.v.b.devserver.DevServerOutputTracker   :     22 |   // Cálculos del carrito
2026-01-29T09:40:13.850-05:00  INFO 16372 --- [dev-server-output] c.v.b.devserver.DevServerOutputTracker   :     23 |   const calcularSubtotal = () => {
2026-01-29T09:40:13.850-05:00  INFO 16372 --- [dev-server-output] c.v.b.devserver.DevServerOutputTracker   :   > 24 |     return carrito.reduce((total, item) => {
2026-01-29T09:40:13.850-05:00  INFO 16372 --- [dev-server-output] c.v.b.devserver.DevServerOutputTracker   :        |                            ^^^^^
2026-01-29T09:40:13.850-05:00  INFO 16372 --- [dev-server-output] c.v.b.devserver.DevServerOutputTracker   :     25 |       const cantidad = cantidades[item.id] || 1;
2026-01-29T09:40:13.851-05:00  INFO 16372 --- [dev-server-output] c.v.b.devserver.DevServerOutputTracker   :     26 |       return total + (item.precio * cantidad);
2026-01-29T09:40:13.851-05:00  INFO 16372 --- [dev-server-output] c.v.b.devserver.DevServerOutputTracker   :     27 |     }, 0);
2026-01-29T09:40:13.851-05:00  INFO 16372 --- [dev-server-output] c.v.b.devserver.DevServerOutputTracker   : 
2026-01-29T09:40:13.852-05:00  INFO 16372 --- [dev-server-output] c.v.b.devserver.DevServerOutputTracker   :  ERROR(TypeScript)  Parameter 'item' implicitly has an 'any' type.
2026-01-29T09:40:13.852-05:00  INFO 16372 --- [dev-server-output] c.v.b.devserver.DevServerOutputTracker   :  FILE  C:/Users/LENOVO I7/Desktop/Proyecto/Proyecto_NvidiaCorp/src/main/frontend/views/carrito-list.tsx:24:35
2026-01-29T09:40:13.852-05:00  INFO 16372 --- [dev-server-output] c.v.b.devserver.DevServerOutputTracker   : 
2026-01-29T09:40:13.853-05:00  INFO 16372 --- [dev-server-output] c.v.b.devserver.DevServerOutputTracker   :     22 |   // Cálculos del carrito
2026-01-29T09:40:13.853-05:00  INFO 16372 --- [dev-server-output] c.v.b.devserver.DevServerOutputTracker   :     23 |   const calcularSubtotal = () => {
2026-01-29T09:40:13.853-05:00  INFO 16372 --- [dev-server-output] c.v.b.devserver.DevServerOutputTracker   :   > 24 |     return carrito.reduce((total, item) => {
2026-01-29T09:40:13.853-05:00  INFO 16372 --- [dev-server-output] c.v.b.devserver.DevServerOutputTracker   :        |                                   ^^^^
2026-01-29T09:40:13.853-05:00  INFO 16372 --- [dev-server-output] c.v.b.devserver.DevServerOutputTracker   :     25 |       const cantidad = cantidades[item.id] || 1;
2026-01-29T09:40:13.853-05:00  INFO 16372 --- [dev-server-output] c.v.b.devserver.DevServerOutputTracker   :     26 |       return total + (item.precio * cantidad);
2026-01-29T09:40:13.855-05:00  INFO 16372 --- [dev-server-output] c.v.b.devserver.DevServerOutputTracker   :     27 |     }, 0);
2026-01-29T09:40:13.855-05:00  INFO 16372 --- [dev-server-output] c.v.b.devserver.DevServerOutputTracker   : 
2026-01-29T09:40:13.855-05:00  INFO 16372 --- [dev-server-output] c.v.b.devserver.DevServerOutputTracker   :  ERROR(TypeScript)  Parameter 'p' implicitly has an 'any' type.
2026-01-29T09:40:13.855-05:00  INFO 16372 --- [dev-server-output] c.v.b.devserver.DevServerOutputTracker   :  FILE  C:/Users/LENOVO I7/Desktop/Proyecto/Proyecto_NvidiaCorp/src/main/frontend/views/carrito-list.tsx:40:33
2026-01-29T09:40:13.856-05:00  INFO 16372 --- [dev-server-output] c.v.b.devserver.DevServerOutputTracker   : 
2026-01-29T09:40:13.856-05:00  INFO 16372 --- [dev-server-output] c.v.b.devserver.DevServerOutputTracker   :     38 |   const handleCantidad = (id: number, valor: number) => {
2026-01-29T09:40:13.856-05:00  INFO 16372 --- [dev-server-output] c.v.b.devserver.DevServerOutputTracker   :     39 |     setCantidades((prev) => {
2026-01-29T09:40:13.856-05:00  INFO 16372 --- [dev-server-output] c.v.b.devserver.DevServerOutputTracker   :   > 40 |       const item = carrito.find(p => p.id === id);
2026-01-29T09:40:13.857-05:00  INFO 16372 --- [dev-server-output] c.v.b.devserver.DevServerOutputTracker   :        |                                 ^
2026-01-29T09:40:13.857-05:00  INFO 16372 --- [dev-server-output] c.v.b.devserver.DevServerOutputTracker   :     41 |       const stock = item?.stock ?? 1;
2026-01-29T09:40:13.857-05:00  INFO 16372 --- [dev-server-output] c.v.b.devserver.DevServerOutputTracker   :     42 |       let nuevaCantidad = Math.max(1, (prev[id] || 1) + valor);
2026-01-29T09:40:13.857-05:00  INFO 16372 --- [dev-server-output] c.v.b.devserver.DevServerOutputTracker   :     43 |       console.log("Stock:", stock, "Cantidad actual:", prev[id], "Nueva cantidad:", nuevaCantidad);
2026-01-29T09:40:13.858-05:00  INFO 16372 --- [dev-server-output] c.v.b.devserver.DevServerOutputTracker   : 
2026-01-29T09:40:13.858-05:00  INFO 16372 --- [dev-server-output] c.v.b.devserver.DevServerOutputTracker   :  ERROR(TypeScript)  Parameter 'carritoActual' implicitly has an 'any' type.
2026-01-29T09:40:13.858-05:00  INFO 16372 --- [dev-server-output] c.v.b.devserver.DevServerOutputTracker   :  FILE  C:/Users/LENOVO I7/Desktop/Proyecto/Proyecto_NvidiaCorp/src/main/frontend/views/carrito-list.tsx:52:19
2026-01-29T09:40:13.858-05:00  INFO 16372 --- [dev-server-output] c.v.b.devserver.DevServerOutputTracker   : 
2026-01-29T09:40:13.859-05:00  INFO 16372 --- [dev-server-output] c.v.b.devserver.DevServerOutputTracker   :     50 |         nuevaCantidad = stock;
2026-01-29T09:40:13.859-05:00  INFO 16372 --- [dev-server-output] c.v.b.devserver.DevServerOutputTracker   :     51 |       }
2026-01-29T09:40:13.859-05:00  INFO 16372 --- [dev-server-output] c.v.b.devserver.DevServerOutputTracker   :   > 52 |       setCarrito((carritoActual) =>
2026-01-29T09:40:13.859-05:00  INFO 16372 --- [dev-server-output] c.v.b.devserver.DevServerOutputTracker   :        |                   ^^^^^^^^^^^^^
2026-01-29T09:40:13.860-05:00  INFO 16372 --- [dev-server-output] c.v.b.devserver.DevServerOutputTracker   :     53 |         carritoActual.map((item) =>
2026-01-29T09:40:13.860-05:00  INFO 16372 --- [dev-server-output] c.v.b.devserver.DevServerOutputTracker   :     54 |           item.id === id ? { ...item, cantidad: nuevaCantidad } : item
2026-01-29T09:40:13.860-05:00  INFO 16372 --- [dev-server-output] c.v.b.devserver.DevServerOutputTracker   :     55 |         )
2026-01-29T09:40:13.861-05:00  INFO 16372 --- [dev-server-output] c.v.b.devserver.DevServerOutputTracker   : 
2026-01-29T09:40:13.861-05:00  INFO 16372 --- [dev-server-output] c.v.b.devserver.DevServerOutputTracker   :  ERROR(TypeScript)  Parameter 'item' implicitly has an 'any' type.
2026-01-29T09:40:13.861-05:00  INFO 16372 --- [dev-server-output] c.v.b.devserver.DevServerOutputTracker   :  FILE  C:/Users/LENOVO I7/Desktop/Proyecto/Proyecto_NvidiaCorp/src/main/frontend/views/carrito-list.tsx:53:28
2026-01-29T09:40:13.861-05:00  INFO 16372 --- [dev-server-output] c.v.b.devserver.DevServerOutputTracker   : 
2026-01-29T09:40:13.862-05:00  INFO 16372 --- [dev-server-output] c.v.b.devserver.DevServerOutputTracker   :     51 |       }
2026-01-29T09:40:13.862-05:00  INFO 16372 --- [dev-server-output] c.v.b.devserver.DevServerOutputTracker   :     52 |       setCarrito((carritoActual) =>
2026-01-29T09:40:13.862-05:00  INFO 16372 --- [dev-server-output] c.v.b.devserver.DevServerOutputTracker   :   > 53 |         carritoActual.map((item) =>
2026-01-29T09:40:13.862-05:00  INFO 16372 --- [dev-server-output] c.v.b.devserver.DevServerOutputTracker   :        |                            ^^^^
2026-01-29T09:40:13.863-05:00  INFO 16372 --- [dev-server-output] c.v.b.devserver.DevServerOutputTracker   :     54 |           item.id === id ? { ...item, cantidad: nuevaCantidad } : item
2026-01-29T09:40:13.863-05:00  INFO 16372 --- [dev-server-output] c.v.b.devserver.DevServerOutputTracker   :     55 |         )
2026-01-29T09:40:13.863-05:00  INFO 16372 --- [dev-server-output] c.v.b.devserver.DevServerOutputTracker   :     56 |       );
2026-01-29T09:40:13.863-05:00  INFO 16372 --- [dev-server-output] c.v.b.devserver.DevServerOutputTracker   : 
2026-01-29T09:40:13.863-05:00  INFO 16372 --- [dev-server-output] c.v.b.devserver.DevServerOutputTracker   :  ERROR(TypeScript)  Not all code paths return a value.
2026-01-29T09:40:13.864-05:00  INFO 16372 --- [dev-server-output] c.v.b.devserver.DevServerOutputTracker   :  FILE  C:/Users/LENOVO I7/Desktop/Proyecto/Proyecto_NvidiaCorp/src/main/frontend/views/carrito-list.tsx:112:13
2026-01-29T09:40:13.864-05:00  INFO 16372 --- [dev-server-output] c.v.b.devserver.DevServerOutputTracker   : 
2026-01-29T09:40:13.864-05:00  INFO 16372 --- [dev-server-output] c.v.b.devserver.DevServerOutputTracker   :     110 |   };
2026-01-29T09:40:13.864-05:00  INFO 16372 --- [dev-server-output] c.v.b.devserver.DevServerOutputTracker   :     111 |
2026-01-29T09:40:13.864-05:00  INFO 16372 --- [dev-server-output] c.v.b.devserver.DevServerOutputTracker   :   > 112 |   useEffect(() => {
2026-01-29T09:40:13.864-05:00  INFO 16372 --- [dev-server-output] c.v.b.devserver.DevServerOutputTracker   :         |             ^^^^^^^
2026-01-29T09:40:13.865-05:00  INFO 16372 --- [dev-server-output] c.v.b.devserver.DevServerOutputTracker   :     113 |     if (checkoutId && showPagoModal) {
2026-01-29T09:40:13.865-05:00  INFO 16372 --- [dev-server-output] c.v.b.devserver.DevServerOutputTracker   :     114 |       const script = document.createElement('script');
2026-01-29T09:40:13.865-05:00  INFO 16372 --- [dev-server-output] c.v.b.devserver.DevServerOutputTracker   :     115 |       script.src = `https://eu-test.oppwa.com/v1/paymentWidgets.js?checkoutId=${checkoutId}`;
2026-01-29T09:40:13.865-05:00  INFO 16372 --- [dev-server-output] c.v.b.devserver.DevServerOutputTracker   : 
2026-01-29T09:40:13.866-05:00  INFO 16372 --- [dev-server-output] c.v.b.devserver.DevServerOutputTracker   :  ERROR(TypeScript)  Parameter 'item' implicitly has an 'any' type.
2026-01-29T09:40:13.866-05:00  INFO 16372 --- [dev-server-output] c.v.b.devserver.DevServerOutputTracker   :  FILE  C:/Users/LENOVO I7/Desktop/Proyecto/Proyecto_NvidiaCorp/src/main/frontend/views/carrito-list.tsx:172:31
2026-01-29T09:40:13.866-05:00  INFO 16372 --- [dev-server-output] c.v.b.devserver.DevServerOutputTracker   : 
2026-01-29T09:40:13.866-05:00  INFO 16372 --- [dev-server-output] c.v.b.devserver.DevServerOutputTracker   :     170 |             <div className="carrito-productos">
2026-01-29T09:40:13.867-05:00  INFO 16372 --- [dev-server-output] c.v.b.devserver.DevServerOutputTracker   :     171 |               <div className="producto-grid">
2026-01-29T09:40:13.867-05:00  INFO 16372 --- [dev-server-output] c.v.b.devserver.DevServerOutputTracker   :   > 172 |                 {carrito.map((item) => (
2026-01-29T09:40:13.867-05:00  INFO 16372 --- [dev-server-output] c.v.b.devserver.DevServerOutputTracker   :         |                               ^^^^
2026-01-29T09:40:13.867-05:00  INFO 16372 --- [dev-server-output] c.v.b.devserver.DevServerOutputTracker   :     173 |                   <div key={item.id} className="producto-card">
2026-01-29T09:40:13.867-05:00  INFO 16372 --- [dev-server-output] c.v.b.devserver.DevServerOutputTracker   :     174 |                     <ProductoCard
2026-01-29T09:40:13.868-05:00  INFO 16372 --- [dev-server-output] c.v.b.devserver.DevServerOutputTracker   :     175 |                       item={item}
2026-01-29T09:40:13.868-05:00  INFO 16372 --- [dev-server-output] c.v.b.devserver.DevServerOutputTracker   : 
2026-01-29T09:40:13.868-05:00  INFO 16372 --- [dev-server-output] c.v.b.devserver.DevServerOutputTracker   :  ERROR(TypeScript)  Parameter 'item' implicitly has an 'any' type.
2026-01-29T09:40:13.868-05:00  INFO 16372 --- [dev-server-output] c.v.b.devserver.DevServerOutputTracker   :  FILE  C:/Users/LENOVO I7/Desktop/Proyecto/Proyecto_NvidiaCorp/src/main/frontend/views/carrito-list.tsx:203:34
2026-01-29T09:40:13.868-05:00  INFO 16372 --- [dev-server-output] c.v.b.devserver.DevServerOutputTracker   : 
2026-01-29T09:40:13.869-05:00  INFO 16372 --- [dev-server-output] c.v.b.devserver.DevServerOutputTracker   :     201 |                   <h3 className="carrito-mini-factura-titulo">Productos</h3>
2026-01-29T09:40:13.869-05:00  INFO 16372 --- [dev-server-output] c.v.b.devserver.DevServerOutputTracker   :     202 |                   <ul className="carrito-mini-factura-lista">
2026-01-29T09:40:13.869-05:00  INFO 16372 --- [dev-server-output] c.v.b.devserver.DevServerOutputTracker   :   > 203 |                     {carrito.map(item => (
2026-01-29T09:40:13.870-05:00  INFO 16372 --- [dev-server-output] c.v.b.devserver.DevServerOutputTracker   :         |                                  ^^^^
2026-01-29T09:40:13.870-05:00  INFO 16372 --- [dev-server-output] c.v.b.devserver.DevServerOutputTracker   :     204 |                       <li key={item.id} className="carrito-mini-factura-item">
2026-01-29T09:40:13.870-05:00  INFO 16372 --- [dev-server-output] c.v.b.devserver.DevServerOutputTracker   :     205 |                         <span className="carrito-mini-factura-nombre">{item.nombre}</span>
2026-01-29T09:40:13.870-05:00  INFO 16372 --- [dev-server-output] c.v.b.devserver.DevServerOutputTracker   :     206 |                         <span className="carrito-mini-factura-cantidad">{cantidades[item.id] || 1}</span>
2026-01-29T09:40:13.871-05:00  INFO 16372 --- [dev-server-output] c.v.b.devserver.DevServerOutputTracker   : 
2026-01-29T09:40:13.871-05:00  INFO 16372 --- [dev-server-output] c.v.b.devserver.DevServerOutputTracker   :  ERROR(TypeScript)  Parameter 'acc' implicitly has an 'any' type.
2026-01-29T09:40:13.871-05:00  INFO 16372 --- [dev-server-output] c.v.b.devserver.DevServerOutputTracker   :  FILE  C:/Users/LENOVO I7/Desktop/Proyecto/Proyecto_NvidiaCorp/src/main/frontend/views/Pago-form.tsx:32:44
2026-01-29T09:40:13.872-05:00  INFO 16372 --- [dev-server-output] c.v.b.devserver.DevServerOutputTracker   : 
2026-01-29T09:40:13.872-05:00  INFO 16372 --- [dev-server-output] c.v.b.devserver.DevServerOutputTracker   :     30 |           localStorage.removeItem('carrito');
2026-01-29T09:40:13.872-05:00  INFO 16372 --- [dev-server-output] c.v.b.devserver.DevServerOutputTracker   :     31 |
2026-01-29T09:40:13.872-05:00  INFO 16372 --- [dev-server-output] c.v.b.devserver.DevServerOutputTracker   :   > 32 |           const subtotal = carrito.reduce((acc, item) => acc + (item.precio * (item.cantidad || 1)), 0);
2026-01-29T09:40:13.872-05:00  INFO 16372 --- [dev-server-output] c.v.b.devserver.DevServerOutputTracker   :        |                                            ^^^
2026-01-29T09:40:13.873-05:00  INFO 16372 --- [dev-server-output] c.v.b.devserver.DevServerOutputTracker   :     33 |           const iva = subtotal * 0.15;
2026-01-29T09:40:13.873-05:00  INFO 16372 --- [dev-server-output] c.v.b.devserver.DevServerOutputTracker   :     34 |           const total = subtotal + iva;
2026-01-29T09:40:13.873-05:00  INFO 16372 --- [dev-server-output] c.v.b.devserver.DevServerOutputTracker   :     35 |           localStorage.setItem('factura_items', JSON.stringify(carrito));
2026-01-29T09:40:13.873-05:00  INFO 16372 --- [dev-server-output] c.v.b.devserver.DevServerOutputTracker   : 
2026-01-29T09:40:13.873-05:00  INFO 16372 --- [dev-server-output] c.v.b.devserver.DevServerOutputTracker   :  ERROR(TypeScript)  Parameter 'item' implicitly has an 'any' type.
2026-01-29T09:40:13.874-05:00  INFO 16372 --- [dev-server-output] c.v.b.devserver.DevServerOutputTracker   :  FILE  C:/Users/LENOVO I7/Desktop/Proyecto/Proyecto_NvidiaCorp/src/main/frontend/views/Pago-form.tsx:32:49
2026-01-29T09:40:13.874-05:00  INFO 16372 --- [dev-server-output] c.v.b.devserver.DevServerOutputTracker   : 
2026-01-29T09:40:13.874-05:00  INFO 16372 --- [dev-server-output] c.v.b.devserver.DevServerOutputTracker   :     30 |           localStorage.removeItem('carrito');
2026-01-29T09:40:13.874-05:00  INFO 16372 --- [dev-server-output] c.v.b.devserver.DevServerOutputTracker   :     31 |
2026-01-29T09:40:13.874-05:00  INFO 16372 --- [dev-server-output] c.v.b.devserver.DevServerOutputTracker   :   > 32 |           const subtotal = carrito.reduce((acc, item) => acc + (item.precio * (item.cantidad || 1)), 0);
2026-01-29T09:40:13.874-05:00  INFO 16372 --- [dev-server-output] c.v.b.devserver.DevServerOutputTracker   :        |                                                 ^^^^
2026-01-29T09:40:13.875-05:00  INFO 16372 --- [dev-server-output] c.v.b.devserver.DevServerOutputTracker   :     33 |           const iva = subtotal * 0.15;
2026-01-29T09:40:13.875-05:00  INFO 16372 --- [dev-server-output] c.v.b.devserver.DevServerOutputTracker   :     34 |           const total = subtotal + iva;
2026-01-29T09:40:13.875-05:00  INFO 16372 --- [dev-server-output] c.v.b.devserver.DevServerOutputTracker   :     35 |           localStorage.setItem('factura_items', JSON.stringify(carrito));
2026-01-29T09:40:13.875-05:00  INFO 16372 --- [dev-server-output] c.v.b.devserver.DevServerOutputTracker   : 
2026-01-29T09:40:13.875-05:00  INFO 16372 --- [dev-server-output] c.v.b.devserver.DevServerOutputTracker   :  ERROR(TypeScript)  Not all code paths return a value.
2026-01-29T09:40:13.876-05:00  INFO 16372 --- [dev-server-output] c.v.b.devserver.DevServerOutputTracker   :  FILE  C:/Users/LENOVO I7/Desktop/Proyecto/Proyecto_NvidiaCorp/src/main/frontend/views/Pago-form.tsx:62:13
2026-01-29T09:40:13.876-05:00  INFO 16372 --- [dev-server-output] c.v.b.devserver.DevServerOutputTracker   : 
2026-01-29T09:40:13.876-05:00  INFO 16372 --- [dev-server-output] c.v.b.devserver.DevServerOutputTracker   :     60 |   };
2026-01-29T09:40:13.876-05:00  INFO 16372 --- [dev-server-output] c.v.b.devserver.DevServerOutputTracker   :     61 |
2026-01-29T09:40:13.876-05:00  INFO 16372 --- [dev-server-output] c.v.b.devserver.DevServerOutputTracker   :   > 62 |   useEffect(() => {
2026-01-29T09:40:13.877-05:00  INFO 16372 --- [dev-server-output] c.v.b.devserver.DevServerOutputTracker   :        |             ^^^^^^^
2026-01-29T09:40:13.877-05:00  INFO 16372 --- [dev-server-output] c.v.b.devserver.DevServerOutputTracker   :     63 |     if (checkoutId) {
2026-01-29T09:40:13.877-05:00  INFO 16372 --- [dev-server-output] c.v.b.devserver.DevServerOutputTracker   :     64 |       const script = document.createElement('script');
2026-01-29T09:40:13.877-05:00  INFO 16372 --- [dev-server-output] c.v.b.devserver.DevServerOutputTracker   :     65 |       script.src = `https://eu-test.oppwa.com/v1/paymentWidgets.js?checkoutId=${checkoutId}`;
2026-01-29T09:40:13.877-05:00  INFO 16372 --- [dev-server-output] c.v.b.devserver.DevServerOutputTracker   : 
2026-01-29T09:40:13.878-05:00  INFO 16372 --- [dev-server-output] c.v.b.devserver.DevServerOutputTracker   :  ERROR(TypeScript)  Type 'Element' is not assignable to type 'string'.
2026-01-29T09:40:13.878-05:00  INFO 16372 --- [dev-server-output] c.v.b.devserver.DevServerOutputTracker   :  FILE  C:/Users/LENOVO I7/Desktop/Proyecto/Proyecto_NvidiaCorp/src/main/frontend/views/Pago_list.tsx:86:20
2026-01-29T09:40:13.878-05:00  INFO 16372 --- [dev-server-output] c.v.b.devserver.DevServerOutputTracker   : 
2026-01-29T09:40:13.878-05:00  INFO 16372 --- [dev-server-output] c.v.b.devserver.DevServerOutputTracker   :     84 |   return (
2026-01-29T09:40:13.878-05:00  INFO 16372 --- [dev-server-output] c.v.b.devserver.DevServerOutputTracker   :     85 |     <main className="pago-main">
2026-01-29T09:40:13.879-05:00  INFO 16372 --- [dev-server-output] c.v.b.devserver.DevServerOutputTracker   :   > 86 |       <ViewToolbar title={<span className="pago-title">Lista de Pagos</span>}>
2026-01-29T09:40:13.879-05:00  INFO 16372 --- [dev-server-output] c.v.b.devserver.DevServerOutputTracker   :        |                    ^^^^^
2026-01-29T09:40:13.879-05:00  INFO 16372 --- [dev-server-output] c.v.b.devserver.DevServerOutputTracker   :     87 |         <Group>
2026-01-29T09:40:13.879-05:00  INFO 16372 --- [dev-server-output] c.v.b.devserver.DevServerOutputTracker   :     88 |           {/* Aquí puedes agregar filtros o botones si lo necesitas */}
2026-01-29T09:40:13.880-05:00  INFO 16372 --- [dev-server-output] c.v.b.devserver.DevServerOutputTracker   :     89 |         </Group>
2026-01-29T09:40:13.880-05:00  INFO 16372 --- [dev-server-output] c.v.b.devserver.DevServerOutputTracker   : 
2026-01-29T09:40:13.880-05:00  INFO 16372 --- [dev-server-output] c.v.b.devserver.DevServerOutputTracker   :  ERROR(TypeScript)  Type 'Promise<(Persona | undefined)[] | undefined>' is not assignable to type 'Promise<Persona[]>'.
2026-01-29T09:40:13.880-05:00  INFO 16372 --- [dev-server-output] c.v.b.devserver.DevServerOutputTracker   :   Type '(Persona | undefined)[] | undefined' is not assignable to type 'Persona[]'.
2026-01-29T09:40:13.881-05:00  INFO 16372 --- [dev-server-output] c.v.b.devserver.DevServerOutputTracker   :     Type 'undefined' is not assignable to type 'Persona[]'.
2026-01-29T09:40:13.881-05:00  INFO 16372 --- [dev-server-output] c.v.b.devserver.DevServerOutputTracker   :  FILE  C:/Users/LENOVO I7/Desktop/Proyecto/Proyecto_NvidiaCorp/src/main/frontend/views/persona-list.tsx:172:27
2026-01-29T09:40:13.881-05:00  INFO 16372 --- [dev-server-output] c.v.b.devserver.DevServerOutputTracker   : 
2026-01-29T09:40:13.882-05:00  INFO 16372 --- [dev-server-output] c.v.b.devserver.DevServerOutputTracker   :     170 | export default function PersonaListView() {
2026-01-29T09:40:13.882-05:00  INFO 16372 --- [dev-server-output] c.v.b.devserver.DevServerOutputTracker   :     171 |     const dataProvider = useDataProvider<Persona>({
2026-01-29T09:40:13.882-05:00  INFO 16372 --- [dev-server-output] c.v.b.devserver.DevServerOutputTracker   :   > 172 |         list: (params) => PersonaServices.listAllPersona(),
2026-01-29T09:40:13.882-05:00  INFO 16372 --- [dev-server-output] c.v.b.devserver.DevServerOutputTracker   :         |                           ^^^^^^^^^^^^^^^^^^^^^^^^^^^^^^^^
2026-01-29T09:40:13.883-05:00  INFO 16372 --- [dev-server-output] c.v.b.devserver.DevServerOutputTracker   :     173 |     });
2026-01-29T09:40:13.883-05:00  INFO 16372 --- [dev-server-output] c.v.b.devserver.DevServerOutputTracker   :     174 |
2026-01-29T09:40:13.883-05:00  INFO 16372 --- [dev-server-output] c.v.b.devserver.DevServerOutputTracker   :     175 |     return (
2026-01-29T09:40:13.883-05:00  INFO 16372 --- [dev-server-output] c.v.b.devserver.DevServerOutputTracker   : 
2026-01-29T09:40:13.883-05:00  INFO 16372 --- [dev-server-output] c.v.b.devserver.DevServerOutputTracker   :  ERROR(TypeScript)  Not all code paths return a value.
2026-01-29T09:40:13.884-05:00  INFO 16372 --- [dev-server-output] c.v.b.devserver.DevServerOutputTracker   :  FILE  C:/Users/LENOVO I7/Desktop/Proyecto/Proyecto_NvidiaCorp/src/main/frontend/views/producto-list.tsx:29:15
2026-01-29T09:40:13.884-05:00  INFO 16372 --- [dev-server-output] c.v.b.devserver.DevServerOutputTracker   : 
2026-01-29T09:40:13.884-05:00  INFO 16372 --- [dev-server-output] c.v.b.devserver.DevServerOutputTracker   :     27 |     const navigate = useNavigate();
2026-01-29T09:40:13.884-05:00  INFO 16372 --- [dev-server-output] c.v.b.devserver.DevServerOutputTracker   :     28 |
2026-01-29T09:40:13.884-05:00  INFO 16372 --- [dev-server-output] c.v.b.devserver.DevServerOutputTracker   :   > 29 |     useEffect(() => {
2026-01-29T09:40:13.884-05:00  INFO 16372 --- [dev-server-output] c.v.b.devserver.DevServerOutputTracker   :        |               ^^^^^^^
2026-01-29T09:40:13.885-05:00  INFO 16372 --- [dev-server-output] c.v.b.devserver.DevServerOutputTracker   :     30 |         if (isVisible && producto) {
2026-01-29T09:40:13.885-05:00  INFO 16372 --- [dev-server-output] c.v.b.devserver.DevServerOutputTracker   :     31 |             const timer = setTimeout(() => {
2026-01-29T09:40:13.885-05:00  INFO 16372 --- [dev-server-output] c.v.b.devserver.DevServerOutputTracker   :     32 |                 onClose();
2026-01-29T09:40:13.885-05:00  INFO 16372 --- [dev-server-output] c.v.b.devserver.DevServerOutputTracker   : 
2026-01-29T09:40:13.885-05:00  INFO 16372 --- [dev-server-output] c.v.b.devserver.DevServerOutputTracker   :  ERROR(TypeScript)  Argument of type '(ProductoDTO | undefined)[] | undefined' is not assignable to parameter of type 'SetStateAction<any[]>'.
2026-01-29T09:40:13.886-05:00  INFO 16372 --- [dev-server-output] c.v.b.devserver.DevServerOutputTracker   :   Type 'undefined' is not assignable to type 'SetStateAction<any[]>'.
2026-01-29T09:40:13.886-05:00  INFO 16372 --- [dev-server-output] c.v.b.devserver.DevServerOutputTracker   :  FILE  C:/Users/LENOVO I7/Desktop/Proyecto/Proyecto_NvidiaCorp/src/main/frontend/views/producto-list.tsx:333:26
2026-01-29T09:40:13.886-05:00  INFO 16372 --- [dev-server-output] c.v.b.devserver.DevServerOutputTracker   : 
2026-01-29T09:40:13.886-05:00  INFO 16372 --- [dev-server-output] c.v.b.devserver.DevServerOutputTracker   :     331 |         try {
2026-01-29T09:40:13.886-05:00  INFO 16372 --- [dev-server-output] c.v.b.devserver.DevServerOutputTracker   :     332 |             const items = await ProductoService.listAllProductos();
2026-01-29T09:40:13.887-05:00  INFO 16372 --- [dev-server-output] c.v.b.devserver.DevServerOutputTracker   :   > 333 |             setProductos(items);
2026-01-29T09:40:13.887-05:00  INFO 16372 --- [dev-server-output] c.v.b.devserver.DevServerOutputTracker   :         |                          ^^^^^
2026-01-29T09:40:13.887-05:00  INFO 16372 --- [dev-server-output] c.v.b.devserver.DevServerOutputTracker   :     334 |             // No seteamos filtrados aquí directamente para dejar que el useEffect de filtros maneje la lógica inicial
2026-01-29T09:40:13.887-05:00  INFO 16372 --- [dev-server-output] c.v.b.devserver.DevServerOutputTracker   :     335 |         } catch (error) {
2026-01-29T09:40:13.888-05:00  INFO 16372 --- [dev-server-output] c.v.b.devserver.DevServerOutputTracker   :     336 |             handleError(error);
2026-01-29T09:40:13.888-05:00  INFO 16372 --- [dev-server-output] c.v.b.devserver.DevServerOutputTracker   : 
2026-01-29T09:40:13.888-05:00  INFO 16372 --- [dev-server-output] c.v.b.devserver.DevServerOutputTracker   :  ERROR(TypeScript)  Type 'Element' is not assignable to type 'string'.
2026-01-29T09:40:13.889-05:00  INFO 16372 --- [dev-server-output] c.v.b.devserver.DevServerOutputTracker   :  FILE  C:/Users/LENOVO I7/Desktop/Proyecto/Proyecto_NvidiaCorp/src/main/frontend/views/producto-list.tsx:407:30
2026-01-29T09:40:13.889-05:00  INFO 16372 --- [dev-server-output] c.v.b.devserver.DevServerOutputTracker   : 
2026-01-29T09:40:13.889-05:00  INFO 16372 --- [dev-server-output] c.v.b.devserver.DevServerOutputTracker   :     405 |
2026-01-29T09:40:13.889-05:00  INFO 16372 --- [dev-server-output] c.v.b.devserver.DevServerOutputTracker   :     406 |             <div className="contenido-principal">
2026-01-29T09:40:13.889-05:00  INFO 16372 --- [dev-server-output] c.v.b.devserver.DevServerOutputTracker   :   > 407 |                 <ViewToolbar title={<span className="producto-toolbar-titulo">Productos ({productosFiltrados.length})</span>}>
2026-01-29T09:40:13.890-05:00  INFO 16372 --- [dev-server-output] c.v.b.devserver.DevServerOutputTracker   :         |                              ^^^^^
2026-01-29T09:40:13.890-05:00  INFO 16372 --- [dev-server-output] c.v.b.devserver.DevServerOutputTracker   :     408 |                    <Group></Group>
2026-01-29T09:40:13.890-05:00  INFO 16372 --- [dev-server-output] c.v.b.devserver.DevServerOutputTracker   :     409 |                 </ViewToolbar>
2026-01-29T09:40:13.890-05:00  INFO 16372 --- [dev-server-output] c.v.b.devserver.DevServerOutputTracker   :     410 |
2026-01-29T09:40:13.890-05:00  INFO 16372 --- [dev-server-output] c.v.b.devserver.DevServerOutputTracker   : 
2026-01-29T09:40:13.891-05:00  INFO 16372 --- [dev-server-output] c.v.b.devserver.DevServerOutputTracker   :  ERROR(TypeScript)  Type '{ onProductoCreated: () => Promise<void>; className: string; }' is not assignable to type 'IntrinsicAttributes & ProductoEntryFormProps'.
2026-01-29T09:40:13.891-05:00  INFO 16372 --- [dev-server-output] c.v.b.devserver.DevServerOutputTracker   :   Property 'className' does not exist on type 'IntrinsicAttributes & ProductoEntryFormProps'.
2026-01-29T09:40:13.891-05:00  INFO 16372 --- [dev-server-output] c.v.b.devserver.DevServerOutputTracker   :  FILE  C:/Users/LENOVO I7/Desktop/Proyecto/Proyecto_NvidiaCorp/src/main/frontend/views/producto-list.tsx:440:80
2026-01-29T09:40:13.891-05:00  INFO 16372 --- [dev-server-output] c.v.b.devserver.DevServerOutputTracker   : 
2026-01-29T09:40:13.891-05:00  INFO 16372 --- [dev-server-output] c.v.b.devserver.DevServerOutputTracker   :     438 |                     {/* Funcionalidad Nueva: AdminOnly para crear */}
2026-01-29T09:40:13.892-05:00  INFO 16372 --- [dev-server-output] c.v.b.devserver.DevServerOutputTracker   :     439 |                     <AdminOnly>
2026-01-29T09:40:13.892-05:00  INFO 16372 --- [dev-server-output] c.v.b.devserver.DevServerOutputTracker   :   > 440 |                         <ProductoEntryForm onProductoCreated={cargarProductos} className="producto-btn-registrar" />
2026-01-29T09:40:13.892-05:00  INFO 16372 --- [dev-server-output] c.v.b.devserver.DevServerOutputTracker   :         |                                                                                ^^^^^^^^^
2026-01-29T09:40:13.892-05:00  INFO 16372 --- [dev-server-output] c.v.b.devserver.DevServerOutputTracker   :     441 |                     </AdminOnly>
2026-01-29T09:40:13.893-05:00  INFO 16372 --- [dev-server-output] c.v.b.devserver.DevServerOutputTracker   :     442 |                 </div>
2026-01-29T09:40:13.893-05:00  INFO 16372 --- [dev-server-output] c.v.b.devserver.DevServerOutputTracker   :     443 |
2026-01-29T09:40:13.893-05:00  INFO 16372 --- [dev-server-output] c.v.b.devserver.DevServerOutputTracker   : 
2026-01-29T09:40:13.893-05:00  INFO 16372 --- [dev-server-output] c.v.b.devserver.DevServerOutputTracker   : [TypeScript] Found 22 errors. Watching for file changes.
2026-01-29T09:48:34.366-05:00  INFO 9432 --- [restartedMain] org.proyecto.nvidiacorp.Application      : Starting Application using Java 17.0.12 with PID 9432 (C:\Users\LENOVO I7\Desktop\Proyecto\Proyecto_NvidiaCorp\target\classes started by LENOVO I7 in C:\Users\LENOVO I7\Desktop\Proyecto\Proyecto_NvidiaCorp)
2026-01-29T09:48:34.367-05:00  INFO 9432 --- [restartedMain] org.proyecto.nvidiacorp.Application      : No active profile set, falling back to 1 default profile: "default"
2026-01-29T09:48:34.455-05:00  INFO 9432 --- [restartedMain] .e.DevToolsPropertyDefaultsPostProcessor : Devtools property defaults active! Set 'spring.devtools.add-properties' to 'false' to disable
2026-01-29T09:48:34.455-05:00  INFO 9432 --- [restartedMain] .e.DevToolsPropertyDefaultsPostProcessor : For additional web related logging consider setting the 'logging.level.web' property to 'DEBUG'
2026-01-29T09:48:36.092-05:00  INFO 9432 --- [restartedMain] .s.d.r.c.RepositoryConfigurationDelegate : Bootstrapping Spring Data JPA repositories in DEFAULT mode.
2026-01-29T09:48:36.287-05:00  INFO 9432 --- [restartedMain] .s.d.r.c.RepositoryConfigurationDelegate : Finished Spring Data repository scanning in 182 ms. Found 8 JPA repository interfaces.
2026-01-29T09:48:38.010-05:00  INFO 9432 --- [restartedMain] o.s.b.w.embedded.tomcat.TomcatWebServer  : Tomcat initialized with port 8080 (http)
2026-01-29T09:48:38.028-05:00  INFO 9432 --- [restartedMain] o.apache.catalina.core.StandardService   : Starting service [Tomcat]
2026-01-29T09:48:38.033-05:00  INFO 9432 --- [restartedMain] o.apache.catalina.core.StandardEngine    : Starting Servlet engine: [Apache Tomcat/10.1.40]
2026-01-29T09:48:38.162-05:00  INFO 9432 --- [restartedMain] o.a.c.c.C.[Tomcat].[localhost].[/]       : Initializing Spring embedded WebApplicationContext
2026-01-29T09:48:38.162-05:00  INFO 9432 --- [restartedMain] w.s.c.ServletWebServerApplicationContext : Root WebApplicationContext: initialization completed in 3705 ms
2026-01-29T09:48:39.263-05:00  INFO 9432 --- [restartedMain] o.a.c.c.C.[Tomcat].[localhost].[/]       : Initializing AtmosphereFramework
2026-01-29T09:48:42.547-05:00  INFO 9432 --- [restartedMain] c.v.f.s.VaadinServletContextInitializer  : Search for subclasses and classes with annotations took 2864 ms
2026-01-29T09:48:45.403-05:00  INFO 9432 --- [restartedMain] c.v.b.d.startup.DevModeStartupListener   : Starting dev-mode updaters in C:\Users\LENOVO I7\Desktop\Proyecto\Proyecto_NvidiaCorp folder.
2026-01-29T09:48:47.515-05:00  INFO 9432 --- [restartedMain] c.v.f.s.f.s.FullDependenciesScanner      : Visited 111 classes. Took 1882 ms.
2026-01-29T09:48:51.974-05:00  INFO 9432 --- [vaadin-dev-server-1] c.v.f.s.frontend.TaskUpdatePackages      : Skipping `npm install` because the frontend packages are already installed in the folder 'C:\Users\LENOVO I7\Desktop\Proyecto\Proyecto_NvidiaCorp\node_modules' and the hash in the file 'C:\Users\LENOVO I7\Desktop\Proyecto\Proyecto_NvidiaCorp\node_modules\.vaadin\vaadin.json' is the same as in 'package.json'
2026-01-29T09:48:51.996-05:00  INFO 9432 --- [vaadin-dev-server-1] c.v.f.s.frontend.TaskCopyFrontendFiles   : Copying frontend resources from jar files ...
2026-01-29T09:48:52.848-05:00  INFO 9432 --- [vaadin-dev-server-1] c.v.f.s.frontend.TaskCopyFrontendFiles   : Visited 22 resources. Took 852 ms.
2026-01-29T09:48:53.225-05:00  INFO 9432 --- [restartedMain] o.hibernate.jpa.internal.util.LogHelper  : HHH000204: Processing PersistenceUnitInfo [name: default]
2026-01-29T09:48:53.916-05:00  INFO 9432 --- [restartedMain] org.hibernate.Version                    : HHH000412: Hibernate ORM core version 6.6.13.Final
2026-01-29T09:48:54.150-05:00  INFO 9432 --- [restartedMain] o.h.c.internal.RegionFactoryInitiator    : HHH000026: Second-level cache disabled
2026-01-29T09:48:55.607-05:00  INFO 9432 --- [restartedMain] o.s.o.j.p.SpringPersistenceUnitInfo      : No LoadTimeWeaver setup: ignoring JPA class transformer
2026-01-29T09:48:55.752-05:00  INFO 9432 --- [restartedMain] com.zaxxer.hikari.HikariDataSource       : HikariPool-1 - Starting...
2026-01-29T09:48:56.079-05:00  INFO 9432 --- [restartedMain] com.zaxxer.hikari.pool.HikariPool        : HikariPool-1 - Added connection org.mariadb.jdbc.Connection@59e76d78
2026-01-29T09:48:56.097-05:00  INFO 9432 --- [restartedMain] com.zaxxer.hikari.HikariDataSource       : HikariPool-1 - Start completed.
2026-01-29T09:48:56.229-05:00  WARN 9432 --- [restartedMain] org.hibernate.orm.deprecation            : HHH90000025: MariaDBDialect does not need to be specified explicitly using 'hibernate.dialect' (remove the property setting and it will be selected by default)
2026-01-29T09:48:56.337-05:00  INFO 9432 --- [restartedMain] org.hibernate.orm.connections.pooling    : HHH10001005: Database info:
	Database JDBC URL [Connecting through datasource 'HikariDataSource (HikariPool-1)']
	Database driver: undefined/unknown
	Database version: 12.1.2
	Autocommit mode: undefined/unknown
	Isolation level: undefined/unknown
	Minimum pool size: undefined/unknown
	Maximum pool size: undefined/unknown
2026-01-29T09:49:02.915-05:00  INFO 9432 --- [restartedMain] o.h.e.t.j.p.i.JtaPlatformInitiator       : HHH000489: No JTA platform available (set 'hibernate.transaction.jta.platform' to enable JTA platform integration)
2026-01-29T09:49:03.102-05:00  INFO 9432 --- [restartedMain] j.LocalContainerEntityManagerFactoryBean : Initialized JPA EntityManagerFactory for persistence unit 'default'
2026-01-29T09:49:11.103-05:00  INFO 9432 --- [restartedMain] o.s.b.a.e.web.EndpointLinksResolver      : Exposing 1 endpoint beneath base path '/actuator'
2026-01-29T09:49:11.791-05:00  WARN 9432 --- [restartedMain] o.s.s.c.a.web.builders.WebSecurity       : You are asking Spring Security to ignore Or [Ant [pattern='/manifest.webmanifest'], Ant [pattern='/sw.js'], Ant [pattern='/sw-runtime-resources-precache.js'], Ant [pattern='/offline.html'], Ant [pattern='/offline-stub.html'], Ant [pattern='/icons/icon.png'], Ant [pattern='/themes/**'], Ant [pattern='/icons/icon-144x144.png'], Ant [pattern='/icons/icon-192x192.png'], Ant [pattern='/icons/icon-512x512.png'], Ant [pattern='/icons/icon-16x16.png'], Ant [pattern='/icons/icon-32x32.png'], Ant [pattern='/icons/icon-96x96.png'], Ant [pattern='/icons/icon-180x180.png'], Ant [pattern='/icons/icon-2048x2732.png'], Ant [pattern='/icons/icon-2732x2048.png'], Ant [pattern='/icons/icon-1668x2388.png'], Ant [pattern='/icons/icon-2388x1668.png'], Ant [pattern='/icons/icon-1668x2224.png'], Ant [pattern='/icons/icon-2224x1668.png'], Ant [pattern='/icons/icon-1620x2160.png'], Ant [pattern='/icons/icon-2160x1620.png'], Ant [pattern='/icons/icon-1536x2048.png'], Ant [pattern='/icons/icon-2048x1536.png'], Ant [pattern='/icons/icon-1284x2778.png'], Ant [pattern='/icons/icon-2778x1284.png'], Ant [pattern='/icons/icon-1170x2532.png'], Ant [pattern='/icons/icon-2532x1170.png'], Ant [pattern='/icons/icon-1125x2436.png'], Ant [pattern='/icons/icon-2436x1125.png'], Ant [pattern='/icons/icon-1242x2688.png'], Ant [pattern='/icons/icon-2688x1242.png'], Ant [pattern='/icons/icon-828x1792.png'], Ant [pattern='/icons/icon-1792x828.png'], Ant [pattern='/icons/icon-1242x2208.png'], Ant [pattern='/icons/icon-2208x1242.png'], Ant [pattern='/icons/icon-750x1334.png'], Ant [pattern='/icons/icon-1334x750.png'], Ant [pattern='/icons/icon-640x1136.png'], Ant [pattern='/icons/icon-1136x640.png'], Ant [pattern='/favicon.ico']]. This is not recommended -- please use permitAll via HttpSecurity#authorizeHttpRequests instead.
2026-01-29T09:49:11.807-05:00  WARN 9432 --- [restartedMain] o.s.s.c.a.web.builders.WebSecurity       : You are asking Spring Security to ignore Ant [pattern='static/**']. This is not recommended -- please use permitAll via HttpSecurity#authorizeHttpRequests instead.
2026-01-29T09:49:22.095-05:00  INFO 9432 --- [restartedMain] o.s.b.d.a.OptionalLiveReloadServer       : LiveReload server is running on port 35729
2026-01-29T09:49:23.777-05:00  INFO 9432 --- [http-nio-8080-exec-2] o.a.c.c.C.[Tomcat].[localhost].[/]       : Initializing Spring DispatcherServlet 'dispatcherServlet'
2026-01-29T09:49:23.795-05:00  INFO 9432 --- [http-nio-8080-exec-2] o.s.web.servlet.DispatcherServlet        : Initializing Servlet 'dispatcherServlet'
2026-01-29T09:49:23.820-05:00  INFO 9432 --- [http-nio-8080-exec-2] o.s.web.servlet.DispatcherServlet        : Completed initialization in 25 ms
2026-01-29T09:49:24.296-05:00  INFO 9432 --- [http-nio-8080-exec-1] c.v.f.s.DefaultDeploymentConfiguration   : 
Vaadin is running in DEVELOPMENT mode - do not use for production deployments.
2026-01-29T09:49:24.660-05:00  INFO 9432 --- [http-nio-8080-exec-1] c.vaadin.flow.spring.SpringInstantiator  : The number of beans implementing 'I18NProvider' is 0. Cannot use Spring beans for I18N, falling back to the default behavior
2026-01-29T09:49:25.719-05:00  INFO 9432 --- [ForkJoinPool.commonPool-worker-1] c.v.b.devserver.AbstractDevServerRunner  : Starting Vite
2026-01-29T09:49:25.800-05:00  WARN 9432 --- [http-nio-8080-exec-2] o.a.c.util.SessionIdGeneratorBase        : Creation of SecureRandom instance for session ID generation using [SHA1PRNG] took [331] milliseconds.
2026-01-29T09:49:25.800-05:00  WARN 9432 --- [http-nio-8080-exec-1] o.a.c.util.SessionIdGeneratorBase        : Creation of SecureRandom instance for session ID generation using [SHA1PRNG] took [341] milliseconds.
2026-01-29T09:49:26.765-05:00  INFO 9432 --- [ForkJoinPool.commonPool-worker-1] c.v.b.devserver.AbstractDevServerRunner  : Running Vite to compile frontend resources. This may take a moment, please stand by...
2026-01-29T09:49:31.841-05:00  INFO 9432 --- [restartedMain] o.s.b.w.embedded.tomcat.TomcatWebServer  : Tomcat started on port 8080 (http) with context path '/'
2026-01-29T09:49:31.960-05:00  INFO 9432 --- [restartedMain] org.proyecto.nvidiacorp.Application      : Started Application in 58.294 seconds (process running for 59.091)
2026-01-29T09:49:32.392-05:00  INFO 9432 --- [restartedMain] o.proyecto.nvidiacorp.base.DataLoader    : =================================================
2026-01-29T09:49:32.409-05:00  INFO 9432 --- [restartedMain] o.proyecto.nvidiacorp.base.DataLoader    : ? INICIANDO CARGA MASIVA DE DATOS ?
2026-01-29T09:49:32.410-05:00  INFO 9432 --- [restartedMain] o.proyecto.nvidiacorp.base.DataLoader    : =================================================
2026-01-29T09:49:36.557-05:00  INFO 9432 --- [restartedMain] o.proyecto.nvidiacorp.base.DataLoader    : ?? Rol ya tiene datos (omitido).
2026-01-29T09:49:36.574-05:00  INFO 9432 --- [restartedMain] o.proyecto.nvidiacorp.base.DataLoader    : ?? Persona ya tiene datos (omitido).
2026-01-29T09:49:36.591-05:00  INFO 9432 --- [restartedMain] o.proyecto.nvidiacorp.base.DataLoader    : ?? Marca ya tiene datos (omitido).
2026-01-29T09:49:36.610-05:00  INFO 9432 --- [restartedMain] o.proyecto.nvidiacorp.base.DataLoader    : ?? Usuario ya tiene datos (omitido).
2026-01-29T09:49:36.622-05:00  INFO 9432 --- [restartedMain] o.proyecto.nvidiacorp.base.DataLoader    : ?? Producto ya tiene datos (omitido).
2026-01-29T09:49:37.028-05:00  WARN 9432 --- [restartedMain] o.m.jdbc.message.server.ErrorPacket      : Error: 1048-23000: Column 'entregado' cannot be null
2026-01-29T09:49:37.028-05:00  WARN 9432 --- [restartedMain] o.h.engine.jdbc.spi.SqlExceptionHelper   : SQL Error: 1048, SQLState: 23000
2026-01-29T09:49:37.043-05:00 ERROR 9432 --- [restartedMain] o.h.engine.jdbc.spi.SqlExceptionHelper   : (conn=84) Column 'entregado' cannot be null
2026-01-29T09:49:37.114-05:00 ERROR 9432 --- [restartedMain] o.proyecto.nvidiacorp.base.DataLoader    : ? ERROR cargando Factura: could not execute statement [(conn=84) Column 'entregado' cannot be null] [insert into factura (entregado,fecha,id_orden_pedido,id_persona,iva,metodo_pago,sub_total,total) values (?,?,?,?,?,?,?,?)]; SQL [insert into factura (entregado,fecha,id_orden_pedido,id_persona,iva,metodo_pago,sub_total,total) values (?,?,?,?,?,?,?,?)]; constraint [null]
2026-01-29T09:49:37.163-05:00  INFO 9432 --- [restartedMain] o.proyecto.nvidiacorp.base.DataLoader    : ?? Pago ya tiene datos (omitido).
2026-01-29T09:49:37.163-05:00  INFO 9432 --- [restartedMain] o.proyecto.nvidiacorp.base.DataLoader    : =================================================
2026-01-29T09:49:37.179-05:00  INFO 9432 --- [restartedMain] o.proyecto.nvidiacorp.base.DataLoader    : ? CARGA MASIVA FINALIZADA ?
2026-01-29T09:49:38.717-05:00  INFO 9432 --- [dev-server-output] c.v.b.devserver.DevServerOutputTracker   : 
2026-01-29T09:49:38.717-05:00  INFO 9432 --- [dev-server-output] c.v.b.devserver.DevServerOutputTracker   :   VITE v6.3.4  ready in 11875 ms
2026-01-29T09:49:38.717-05:00  INFO 9432 --- [dev-server-output] c.v.b.devserver.DevServerOutputTracker   : 
2026-01-29T09:49:38.717-05:00  INFO 9432 --- [ForkJoinPool.commonPool-worker-1] c.v.b.devserver.AbstractDevServerRunner  : Started Vite. Time: 12998ms
2026-01-29T09:49:38.726-05:00  INFO 9432 --- [dev-server-output] c.v.b.devserver.DevServerOutputTracker   :   ?  Local:   http://127.0.0.1:56977/VAADIN/
2026-01-29T09:49:38.916-05:00  INFO 9432 --- [vaadin-dev-server-2] c.v.b.d.DevModeHandlerManagerImpl        : Application running at http://localhost:8080/
2026-01-29T09:50:10.780-05:00  INFO 9432 --- [dev-server-output] c.v.b.devserver.DevServerOutputTracker   : 
2026-01-29T09:50:10.780-05:00  INFO 9432 --- [dev-server-output] c.v.b.devserver.DevServerOutputTracker   :  ERROR(TypeScript)  Property 'user' does not exist on type 'AuthContextType'.
2026-01-29T09:50:10.780-05:00  INFO 9432 --- [dev-server-output] c.v.b.devserver.DevServerOutputTracker   :  FILE  C:/Users/LENOVO I7/Desktop/Proyecto/Proyecto_NvidiaCorp/src/main/frontend/components/Navbar.tsx:12:11
2026-01-29T09:50:10.780-05:00  INFO 9432 --- [dev-server-output] c.v.b.devserver.DevServerOutputTracker   : 
2026-01-29T09:50:10.780-05:00  INFO 9432 --- [dev-server-output] c.v.b.devserver.DevServerOutputTracker   :     10 |   const navigate = useNavigate();
2026-01-29T09:50:10.780-05:00  INFO 9432 --- [dev-server-output] c.v.b.devserver.DevServerOutputTracker   :     11 |   const location = useLocation(); // <-- Obtiene el objeto location
2026-01-29T09:50:10.780-05:00  INFO 9432 --- [dev-server-output] c.v.b.devserver.DevServerOutputTracker   :   > 12 |   const { user } = useAuth();
2026-01-29T09:50:10.780-05:00  INFO 9432 --- [dev-server-output] c.v.b.devserver.DevServerOutputTracker   :        |           ^^^^
2026-01-29T09:50:10.780-05:00  INFO 9432 --- [dev-server-output] c.v.b.devserver.DevServerOutputTracker   :     13 |
2026-01-29T09:50:10.780-05:00  INFO 9432 --- [dev-server-output] c.v.b.devserver.DevServerOutputTracker   :     14 |   console.log("Usuario autenticado:", user); // <-- Agrega esto
2026-01-29T09:50:10.780-05:00  INFO 9432 --- [dev-server-output] c.v.b.devserver.DevServerOutputTracker   :     15 |
2026-01-29T09:50:10.780-05:00  INFO 9432 --- [dev-server-output] c.v.b.devserver.DevServerOutputTracker   : 
2026-01-29T09:50:10.780-05:00  INFO 9432 --- [dev-server-output] c.v.b.devserver.DevServerOutputTracker   :  ERROR(TypeScript)  Type 'Marca | undefined' is not assignable to type 'Marca'.
2026-01-29T09:50:10.780-05:00  INFO 9432 --- [dev-server-output] c.v.b.devserver.DevServerOutputTracker   :   Type 'undefined' is not assignable to type 'Marca'.
2026-01-29T09:50:10.780-05:00  INFO 9432 --- [dev-server-output] c.v.b.devserver.DevServerOutputTracker   :  FILE  C:/Users/LENOVO I7/Desktop/Proyecto/Proyecto_NvidiaCorp/src/main/frontend/views/_producto-admin.tsx:47:68
2026-01-29T09:50:10.780-05:00  INFO 9432 --- [dev-server-output] c.v.b.devserver.DevServerOutputTracker   : 
2026-01-29T09:50:10.780-05:00  INFO 9432 --- [dev-server-output] c.v.b.devserver.DevServerOutputTracker   :     45 |         // Carga de marcas
2026-01-29T09:50:10.780-05:00  INFO 9432 --- [dev-server-output] c.v.b.devserver.DevServerOutputTracker   :     46 |         MarcaService.listAllMarcas().then(result => {
2026-01-29T09:50:10.780-05:00  INFO 9432 --- [dev-server-output] c.v.b.devserver.DevServerOutputTracker   :   > 47 |              setMarcas([{ id: 0, nombre: 'Seleccione una marca' }, ...(result || [])]);
2026-01-29T09:50:10.780-05:00  INFO 9432 --- [dev-server-output] c.v.b.devserver.DevServerOutputTracker   :        |                                                                    ^^^^^^^^^^^^^^^^^
2026-01-29T09:50:10.780-05:00  INFO 9432 --- [dev-server-output] c.v.b.devserver.DevServerOutputTracker   :     48 |         }).catch(console.error);
2026-01-29T09:50:10.790-05:00  INFO 9432 --- [dev-server-output] c.v.b.devserver.DevServerOutputTracker   :     49 |     }, []);
2026-01-29T09:50:10.790-05:00  INFO 9432 --- [dev-server-output] c.v.b.devserver.DevServerOutputTracker   :     50 |
2026-01-29T09:50:10.790-05:00  INFO 9432 --- [dev-server-output] c.v.b.devserver.DevServerOutputTracker   : 
2026-01-29T09:50:10.790-05:00  INFO 9432 --- [dev-server-output] c.v.b.devserver.DevServerOutputTracker   :  ERROR(TypeScript)  Type 'number' is not assignable to type 'string'.
2026-01-29T09:50:10.791-05:00  INFO 9432 --- [dev-server-output] c.v.b.devserver.DevServerOutputTracker   :  FILE  C:/Users/LENOVO I7/Desktop/Proyecto/Proyecto_NvidiaCorp/src/main/frontend/views/_producto-admin.tsx:98:25
2026-01-29T09:50:10.791-05:00  INFO 9432 --- [dev-server-output] c.v.b.devserver.DevServerOutputTracker   : 
2026-01-29T09:50:10.791-05:00  INFO 9432 --- [dev-server-output] c.v.b.devserver.DevServerOutputTracker   :      96 |                         itemLabelPath="nombre"
2026-01-29T09:50:10.791-05:00  INFO 9432 --- [dev-server-output] c.v.b.devserver.DevServerOutputTracker   :      97 |                         itemValuePath="id"
2026-01-29T09:50:10.791-05:00  INFO 9432 --- [dev-server-output] c.v.b.devserver.DevServerOutputTracker   :   >  98 |                         value={marca.value}
2026-01-29T09:50:10.791-05:00  INFO 9432 --- [dev-server-output] c.v.b.devserver.DevServerOutputTracker   :         |                         ^^^^^
2026-01-29T09:50:10.791-05:00  INFO 9432 --- [dev-server-output] c.v.b.devserver.DevServerOutputTracker   :      99 |                         onValueChanged={e => marca.value = e.detail.value}
2026-01-29T09:50:10.793-05:00  INFO 9432 --- [dev-server-output] c.v.b.devserver.DevServerOutputTracker   :     100 |                     />
2026-01-29T09:50:10.793-05:00  INFO 9432 --- [dev-server-output] c.v.b.devserver.DevServerOutputTracker   :     101 |                     
2026-01-29T09:50:10.793-05:00  INFO 9432 --- [dev-server-output] c.v.b.devserver.DevServerOutputTracker   : 
2026-01-29T09:50:10.793-05:00  INFO 9432 --- [dev-server-output] c.v.b.devserver.DevServerOutputTracker   :  ERROR(TypeScript)  Type 'string' is not assignable to type 'number'.
2026-01-29T09:50:10.793-05:00  INFO 9432 --- [dev-server-output] c.v.b.devserver.DevServerOutputTracker   :  FILE  C:/Users/LENOVO I7/Desktop/Proyecto/Proyecto_NvidiaCorp/src/main/frontend/views/_producto-admin.tsx:99:46
2026-01-29T09:50:10.793-05:00  INFO 9432 --- [dev-server-output] c.v.b.devserver.DevServerOutputTracker   : 
2026-01-29T09:50:10.793-05:00  INFO 9432 --- [dev-server-output] c.v.b.devserver.DevServerOutputTracker   :      97 |                         itemValuePath="id"
2026-01-29T09:50:10.793-05:00  INFO 9432 --- [dev-server-output] c.v.b.devserver.DevServerOutputTracker   :      98 |                         value={marca.value}
2026-01-29T09:50:10.793-05:00  INFO 9432 --- [dev-server-output] c.v.b.devserver.DevServerOutputTracker   :   >  99 |                         onValueChanged={e => marca.value = e.detail.value}
2026-01-29T09:50:10.793-05:00  INFO 9432 --- [dev-server-output] c.v.b.devserver.DevServerOutputTracker   :         |                                              ^^^^^^^^^^^
2026-01-29T09:50:10.793-05:00  INFO 9432 --- [dev-server-output] c.v.b.devserver.DevServerOutputTracker   :     100 |                     />
2026-01-29T09:50:10.793-05:00  INFO 9432 --- [dev-server-output] c.v.b.devserver.DevServerOutputTracker   :     101 |                     
2026-01-29T09:50:10.793-05:00  INFO 9432 --- [dev-server-output] c.v.b.devserver.DevServerOutputTracker   :     102 |                     <TextField label="Precio" value={precio.value.toString()} onValueChanged={e => precio.value = parseFloat(e.detail.value) || 0} />
2026-01-29T09:50:10.793-05:00  INFO 9432 --- [dev-server-output] c.v.b.devserver.DevServerOutputTracker   : 
2026-01-29T09:50:10.793-05:00  INFO 9432 --- [dev-server-output] c.v.b.devserver.DevServerOutputTracker   :  ERROR(TypeScript)  Type 'Marca | undefined' is not assignable to type 'Marca'.
2026-01-29T09:50:10.793-05:00  INFO 9432 --- [dev-server-output] c.v.b.devserver.DevServerOutputTracker   :   Type 'undefined' is not assignable to type 'Marca'.
2026-01-29T09:50:10.793-05:00  INFO 9432 --- [dev-server-output] c.v.b.devserver.DevServerOutputTracker   :  FILE  C:/Users/LENOVO I7/Desktop/Proyecto/Proyecto_NvidiaCorp/src/main/frontend/views/_producto-admin.tsx:152:58
2026-01-29T09:50:10.793-05:00  INFO 9432 --- [dev-server-output] c.v.b.devserver.DevServerOutputTracker   : 
2026-01-29T09:50:10.793-05:00  INFO 9432 --- [dev-server-output] c.v.b.devserver.DevServerOutputTracker   :     150 |     useEffect(() => {
2026-01-29T09:50:10.793-05:00  INFO 9432 --- [dev-server-output] c.v.b.devserver.DevServerOutputTracker   :     151 |         MarcaService.listAllMarcas().then(result => {
2026-01-29T09:50:10.793-05:00  INFO 9432 --- [dev-server-output] c.v.b.devserver.DevServerOutputTracker   :   > 152 |              setMarcas([{ id: 0, nombre: 'Seleccione' }, ...(result || [])]);
2026-01-29T09:50:10.793-05:00  INFO 9432 --- [dev-server-output] c.v.b.devserver.DevServerOutputTracker   :         |                                                          ^^^^^^^^^^^^^^^^^
2026-01-29T09:50:10.793-05:00  INFO 9432 --- [dev-server-output] c.v.b.devserver.DevServerOutputTracker   :     153 |         });
2026-01-29T09:50:10.793-05:00  INFO 9432 --- [dev-server-output] c.v.b.devserver.DevServerOutputTracker   :     154 |     }, []);
2026-01-29T09:50:10.793-05:00  INFO 9432 --- [dev-server-output] c.v.b.devserver.DevServerOutputTracker   :     155 |
2026-01-29T09:50:10.793-05:00  INFO 9432 --- [dev-server-output] c.v.b.devserver.DevServerOutputTracker   : 
2026-01-29T09:50:10.793-05:00  INFO 9432 --- [dev-server-output] c.v.b.devserver.DevServerOutputTracker   :  ERROR(TypeScript)  Parameter 'total' implicitly has an 'any' type.
2026-01-29T09:50:10.800-05:00  INFO 9432 --- [dev-server-output] c.v.b.devserver.DevServerOutputTracker   :  FILE  C:/Users/LENOVO I7/Desktop/Proyecto/Proyecto_NvidiaCorp/src/main/frontend/views/carrito-list.tsx:24:28
2026-01-29T09:50:10.800-05:00  INFO 9432 --- [dev-server-output] c.v.b.devserver.DevServerOutputTracker   : 
2026-01-29T09:50:10.800-05:00  INFO 9432 --- [dev-server-output] c.v.b.devserver.DevServerOutputTracker   :     22 |   // Cálculos del carrito
2026-01-29T09:50:10.800-05:00  INFO 9432 --- [dev-server-output] c.v.b.devserver.DevServerOutputTracker   :     23 |   const calcularSubtotal = () => {
2026-01-29T09:50:10.800-05:00  INFO 9432 --- [dev-server-output] c.v.b.devserver.DevServerOutputTracker   :   > 24 |     return carrito.reduce((total, item) => {
2026-01-29T09:50:10.800-05:00  INFO 9432 --- [dev-server-output] c.v.b.devserver.DevServerOutputTracker   :        |                            ^^^^^
2026-01-29T09:50:10.800-05:00  INFO 9432 --- [dev-server-output] c.v.b.devserver.DevServerOutputTracker   :     25 |       const cantidad = cantidades[item.id] || 1;
2026-01-29T09:50:10.800-05:00  INFO 9432 --- [dev-server-output] c.v.b.devserver.DevServerOutputTracker   :     26 |       return total + (item.precio * cantidad);
2026-01-29T09:50:10.800-05:00  INFO 9432 --- [dev-server-output] c.v.b.devserver.DevServerOutputTracker   :     27 |     }, 0);
2026-01-29T09:50:10.800-05:00  INFO 9432 --- [dev-server-output] c.v.b.devserver.DevServerOutputTracker   : 
2026-01-29T09:50:10.800-05:00  INFO 9432 --- [dev-server-output] c.v.b.devserver.DevServerOutputTracker   :  ERROR(TypeScript)  Parameter 'item' implicitly has an 'any' type.
2026-01-29T09:50:10.800-05:00  INFO 9432 --- [dev-server-output] c.v.b.devserver.DevServerOutputTracker   :  FILE  C:/Users/LENOVO I7/Desktop/Proyecto/Proyecto_NvidiaCorp/src/main/frontend/views/carrito-list.tsx:24:35
2026-01-29T09:50:10.800-05:00  INFO 9432 --- [dev-server-output] c.v.b.devserver.DevServerOutputTracker   : 
2026-01-29T09:50:10.800-05:00  INFO 9432 --- [dev-server-output] c.v.b.devserver.DevServerOutputTracker   :     22 |   // Cálculos del carrito
2026-01-29T09:50:10.800-05:00  INFO 9432 --- [dev-server-output] c.v.b.devserver.DevServerOutputTracker   :     23 |   const calcularSubtotal = () => {
2026-01-29T09:50:10.800-05:00  INFO 9432 --- [dev-server-output] c.v.b.devserver.DevServerOutputTracker   :   > 24 |     return carrito.reduce((total, item) => {
2026-01-29T09:50:10.805-05:00  INFO 9432 --- [dev-server-output] c.v.b.devserver.DevServerOutputTracker   :        |                                   ^^^^
2026-01-29T09:50:10.805-05:00  INFO 9432 --- [dev-server-output] c.v.b.devserver.DevServerOutputTracker   :     25 |       const cantidad = cantidades[item.id] || 1;
2026-01-29T09:50:10.805-05:00  INFO 9432 --- [dev-server-output] c.v.b.devserver.DevServerOutputTracker   :     26 |       return total + (item.precio * cantidad);
2026-01-29T09:50:10.805-05:00  INFO 9432 --- [dev-server-output] c.v.b.devserver.DevServerOutputTracker   :     27 |     }, 0);
2026-01-29T09:50:10.805-05:00  INFO 9432 --- [dev-server-output] c.v.b.devserver.DevServerOutputTracker   : 
2026-01-29T09:50:10.805-05:00  INFO 9432 --- [dev-server-output] c.v.b.devserver.DevServerOutputTracker   :  ERROR(TypeScript)  Parameter 'p' implicitly has an 'any' type.
2026-01-29T09:50:10.805-05:00  INFO 9432 --- [dev-server-output] c.v.b.devserver.DevServerOutputTracker   :  FILE  C:/Users/LENOVO I7/Desktop/Proyecto/Proyecto_NvidiaCorp/src/main/frontend/views/carrito-list.tsx:40:33
2026-01-29T09:50:10.805-05:00  INFO 9432 --- [dev-server-output] c.v.b.devserver.DevServerOutputTracker   : 
2026-01-29T09:50:10.805-05:00  INFO 9432 --- [dev-server-output] c.v.b.devserver.DevServerOutputTracker   :     38 |   const handleCantidad = (id: number, valor: number) => {
2026-01-29T09:50:10.805-05:00  INFO 9432 --- [dev-server-output] c.v.b.devserver.DevServerOutputTracker   :     39 |     setCantidades((prev) => {
2026-01-29T09:50:10.805-05:00  INFO 9432 --- [dev-server-output] c.v.b.devserver.DevServerOutputTracker   :   > 40 |       const item = carrito.find(p => p.id === id);
2026-01-29T09:50:10.805-05:00  INFO 9432 --- [dev-server-output] c.v.b.devserver.DevServerOutputTracker   :        |                                 ^
2026-01-29T09:50:10.808-05:00  INFO 9432 --- [dev-server-output] c.v.b.devserver.DevServerOutputTracker   :     41 |       const stock = item?.stock ?? 1;
2026-01-29T09:50:10.808-05:00  INFO 9432 --- [dev-server-output] c.v.b.devserver.DevServerOutputTracker   :     42 |       let nuevaCantidad = Math.max(1, (prev[id] || 1) + valor);
2026-01-29T09:50:10.808-05:00  INFO 9432 --- [dev-server-output] c.v.b.devserver.DevServerOutputTracker   :     43 |       console.log("Stock:", stock, "Cantidad actual:", prev[id], "Nueva cantidad:", nuevaCantidad);
2026-01-29T09:50:10.808-05:00  INFO 9432 --- [dev-server-output] c.v.b.devserver.DevServerOutputTracker   : 
2026-01-29T09:50:10.808-05:00  INFO 9432 --- [dev-server-output] c.v.b.devserver.DevServerOutputTracker   :  ERROR(TypeScript)  Parameter 'carritoActual' implicitly has an 'any' type.
2026-01-29T09:50:10.808-05:00  INFO 9432 --- [dev-server-output] c.v.b.devserver.DevServerOutputTracker   :  FILE  C:/Users/LENOVO I7/Desktop/Proyecto/Proyecto_NvidiaCorp/src/main/frontend/views/carrito-list.tsx:52:19
2026-01-29T09:50:10.808-05:00  INFO 9432 --- [dev-server-output] c.v.b.devserver.DevServerOutputTracker   : 
2026-01-29T09:50:10.808-05:00  INFO 9432 --- [dev-server-output] c.v.b.devserver.DevServerOutputTracker   :     50 |         nuevaCantidad = stock;
2026-01-29T09:50:10.808-05:00  INFO 9432 --- [dev-server-output] c.v.b.devserver.DevServerOutputTracker   :     51 |       }
2026-01-29T09:50:10.808-05:00  INFO 9432 --- [dev-server-output] c.v.b.devserver.DevServerOutputTracker   :   > 52 |       setCarrito((carritoActual) =>
2026-01-29T09:50:10.810-05:00  INFO 9432 --- [dev-server-output] c.v.b.devserver.DevServerOutputTracker   :        |                   ^^^^^^^^^^^^^
2026-01-29T09:50:10.810-05:00  INFO 9432 --- [dev-server-output] c.v.b.devserver.DevServerOutputTracker   :     53 |         carritoActual.map((item) =>
2026-01-29T09:50:10.811-05:00  INFO 9432 --- [dev-server-output] c.v.b.devserver.DevServerOutputTracker   :     54 |           item.id === id ? { ...item, cantidad: nuevaCantidad } : item
2026-01-29T09:50:10.811-05:00  INFO 9432 --- [dev-server-output] c.v.b.devserver.DevServerOutputTracker   :     55 |         )
2026-01-29T09:50:10.811-05:00  INFO 9432 --- [dev-server-output] c.v.b.devserver.DevServerOutputTracker   : 
2026-01-29T09:50:10.811-05:00  INFO 9432 --- [dev-server-output] c.v.b.devserver.DevServerOutputTracker   :  ERROR(TypeScript)  Parameter 'item' implicitly has an 'any' type.
2026-01-29T09:50:10.812-05:00  INFO 9432 --- [dev-server-output] c.v.b.devserver.DevServerOutputTracker   :  FILE  C:/Users/LENOVO I7/Desktop/Proyecto/Proyecto_NvidiaCorp/src/main/frontend/views/carrito-list.tsx:53:28
2026-01-29T09:50:10.812-05:00  INFO 9432 --- [dev-server-output] c.v.b.devserver.DevServerOutputTracker   : 
2026-01-29T09:50:10.812-05:00  INFO 9432 --- [dev-server-output] c.v.b.devserver.DevServerOutputTracker   :     51 |       }
2026-01-29T09:50:10.812-05:00  INFO 9432 --- [dev-server-output] c.v.b.devserver.DevServerOutputTracker   :     52 |       setCarrito((carritoActual) =>
2026-01-29T09:50:10.812-05:00  INFO 9432 --- [dev-server-output] c.v.b.devserver.DevServerOutputTracker   :   > 53 |         carritoActual.map((item) =>
2026-01-29T09:50:10.812-05:00  INFO 9432 --- [dev-server-output] c.v.b.devserver.DevServerOutputTracker   :        |                            ^^^^
2026-01-29T09:50:10.812-05:00  INFO 9432 --- [dev-server-output] c.v.b.devserver.DevServerOutputTracker   :     54 |           item.id === id ? { ...item, cantidad: nuevaCantidad } : item
2026-01-29T09:50:10.812-05:00  INFO 9432 --- [dev-server-output] c.v.b.devserver.DevServerOutputTracker   :     55 |         )
2026-01-29T09:50:10.812-05:00  INFO 9432 --- [dev-server-output] c.v.b.devserver.DevServerOutputTracker   :     56 |       );
2026-01-29T09:50:10.814-05:00  INFO 9432 --- [dev-server-output] c.v.b.devserver.DevServerOutputTracker   : 
2026-01-29T09:50:10.815-05:00  INFO 9432 --- [dev-server-output] c.v.b.devserver.DevServerOutputTracker   :  ERROR(TypeScript)  Not all code paths return a value.
2026-01-29T09:50:10.815-05:00  INFO 9432 --- [dev-server-output] c.v.b.devserver.DevServerOutputTracker   :  FILE  C:/Users/LENOVO I7/Desktop/Proyecto/Proyecto_NvidiaCorp/src/main/frontend/views/carrito-list.tsx:112:13
2026-01-29T09:50:10.815-05:00  INFO 9432 --- [dev-server-output] c.v.b.devserver.DevServerOutputTracker   : 
2026-01-29T09:50:10.815-05:00  INFO 9432 --- [dev-server-output] c.v.b.devserver.DevServerOutputTracker   :     110 |   };
2026-01-29T09:50:10.815-05:00  INFO 9432 --- [dev-server-output] c.v.b.devserver.DevServerOutputTracker   :     111 |
2026-01-29T09:50:10.815-05:00  INFO 9432 --- [dev-server-output] c.v.b.devserver.DevServerOutputTracker   :   > 112 |   useEffect(() => {
2026-01-29T09:50:10.815-05:00  INFO 9432 --- [dev-server-output] c.v.b.devserver.DevServerOutputTracker   :         |             ^^^^^^^
2026-01-29T09:50:10.815-05:00  INFO 9432 --- [dev-server-output] c.v.b.devserver.DevServerOutputTracker   :     113 |     if (checkoutId && showPagoModal) {
2026-01-29T09:50:10.815-05:00  INFO 9432 --- [dev-server-output] c.v.b.devserver.DevServerOutputTracker   :     114 |       const script = document.createElement('script');
2026-01-29T09:50:10.815-05:00  INFO 9432 --- [dev-server-output] c.v.b.devserver.DevServerOutputTracker   :     115 |       script.src = `https://eu-test.oppwa.com/v1/paymentWidgets.js?checkoutId=${checkoutId}`;
2026-01-29T09:50:10.815-05:00  INFO 9432 --- [dev-server-output] c.v.b.devserver.DevServerOutputTracker   : 
2026-01-29T09:50:10.815-05:00  INFO 9432 --- [dev-server-output] c.v.b.devserver.DevServerOutputTracker   :  ERROR(TypeScript)  Parameter 'item' implicitly has an 'any' type.
2026-01-29T09:50:10.815-05:00  INFO 9432 --- [dev-server-output] c.v.b.devserver.DevServerOutputTracker   :  FILE  C:/Users/LENOVO I7/Desktop/Proyecto/Proyecto_NvidiaCorp/src/main/frontend/views/carrito-list.tsx:172:31
2026-01-29T09:50:10.815-05:00  INFO 9432 --- [dev-server-output] c.v.b.devserver.DevServerOutputTracker   : 
2026-01-29T09:50:10.815-05:00  INFO 9432 --- [dev-server-output] c.v.b.devserver.DevServerOutputTracker   :     170 |             <div className="carrito-productos">
2026-01-29T09:50:10.815-05:00  INFO 9432 --- [dev-server-output] c.v.b.devserver.DevServerOutputTracker   :     171 |               <div className="producto-grid">
2026-01-29T09:50:10.815-05:00  INFO 9432 --- [dev-server-output] c.v.b.devserver.DevServerOutputTracker   :   > 172 |                 {carrito.map((item) => (
2026-01-29T09:50:10.815-05:00  INFO 9432 --- [dev-server-output] c.v.b.devserver.DevServerOutputTracker   :         |                               ^^^^
2026-01-29T09:50:10.815-05:00  INFO 9432 --- [dev-server-output] c.v.b.devserver.DevServerOutputTracker   :     173 |                   <div key={item.id} className="producto-card">
2026-01-29T09:50:10.815-05:00  INFO 9432 --- [dev-server-output] c.v.b.devserver.DevServerOutputTracker   :     174 |                     <ProductoCard
2026-01-29T09:50:10.815-05:00  INFO 9432 --- [dev-server-output] c.v.b.devserver.DevServerOutputTracker   :     175 |                       item={item}
2026-01-29T09:50:10.815-05:00  INFO 9432 --- [dev-server-output] c.v.b.devserver.DevServerOutputTracker   : 
2026-01-29T09:50:10.815-05:00  INFO 9432 --- [dev-server-output] c.v.b.devserver.DevServerOutputTracker   :  ERROR(TypeScript)  Parameter 'item' implicitly has an 'any' type.
2026-01-29T09:50:10.820-05:00  INFO 9432 --- [dev-server-output] c.v.b.devserver.DevServerOutputTracker   :  FILE  C:/Users/LENOVO I7/Desktop/Proyecto/Proyecto_NvidiaCorp/src/main/frontend/views/carrito-list.tsx:203:34
2026-01-29T09:50:10.820-05:00  INFO 9432 --- [dev-server-output] c.v.b.devserver.DevServerOutputTracker   : 
2026-01-29T09:50:10.820-05:00  INFO 9432 --- [dev-server-output] c.v.b.devserver.DevServerOutputTracker   :     201 |                   <h3 className="carrito-mini-factura-titulo">Productos</h3>
2026-01-29T09:50:10.820-05:00  INFO 9432 --- [dev-server-output] c.v.b.devserver.DevServerOutputTracker   :     202 |                   <ul className="carrito-mini-factura-lista">
2026-01-29T09:50:10.820-05:00  INFO 9432 --- [dev-server-output] c.v.b.devserver.DevServerOutputTracker   :   > 203 |                     {carrito.map(item => (
2026-01-29T09:50:10.820-05:00  INFO 9432 --- [dev-server-output] c.v.b.devserver.DevServerOutputTracker   :         |                                  ^^^^
2026-01-29T09:50:10.820-05:00  INFO 9432 --- [dev-server-output] c.v.b.devserver.DevServerOutputTracker   :     204 |                       <li key={item.id} className="carrito-mini-factura-item">
2026-01-29T09:50:10.820-05:00  INFO 9432 --- [dev-server-output] c.v.b.devserver.DevServerOutputTracker   :     205 |                         <span className="carrito-mini-factura-nombre">{item.nombre}</span>
2026-01-29T09:50:10.820-05:00  INFO 9432 --- [dev-server-output] c.v.b.devserver.DevServerOutputTracker   :     206 |                         <span className="carrito-mini-factura-cantidad">{cantidades[item.id] || 1}</span>
2026-01-29T09:50:10.820-05:00  INFO 9432 --- [dev-server-output] c.v.b.devserver.DevServerOutputTracker   : 
2026-01-29T09:50:10.820-05:00  INFO 9432 --- [dev-server-output] c.v.b.devserver.DevServerOutputTracker   :  ERROR(TypeScript)  Parameter 'acc' implicitly has an 'any' type.
2026-01-29T09:50:10.820-05:00  INFO 9432 --- [dev-server-output] c.v.b.devserver.DevServerOutputTracker   :  FILE  C:/Users/LENOVO I7/Desktop/Proyecto/Proyecto_NvidiaCorp/src/main/frontend/views/Pago-form.tsx:32:44
2026-01-29T09:50:10.820-05:00  INFO 9432 --- [dev-server-output] c.v.b.devserver.DevServerOutputTracker   : 
2026-01-29T09:50:10.820-05:00  INFO 9432 --- [dev-server-output] c.v.b.devserver.DevServerOutputTracker   :     30 |           localStorage.removeItem('carrito');
2026-01-29T09:50:10.820-05:00  INFO 9432 --- [dev-server-output] c.v.b.devserver.DevServerOutputTracker   :     31 |
2026-01-29T09:50:10.820-05:00  INFO 9432 --- [dev-server-output] c.v.b.devserver.DevServerOutputTracker   :   > 32 |           const subtotal = carrito.reduce((acc, item) => acc + (item.precio * (item.cantidad || 1)), 0);
2026-01-29T09:50:10.820-05:00  INFO 9432 --- [dev-server-output] c.v.b.devserver.DevServerOutputTracker   :        |                                            ^^^
2026-01-29T09:50:10.820-05:00  INFO 9432 --- [dev-server-output] c.v.b.devserver.DevServerOutputTracker   :     33 |           const iva = subtotal * 0.15;
2026-01-29T09:50:10.820-05:00  INFO 9432 --- [dev-server-output] c.v.b.devserver.DevServerOutputTracker   :     34 |           const total = subtotal + iva;
2026-01-29T09:50:10.825-05:00  INFO 9432 --- [dev-server-output] c.v.b.devserver.DevServerOutputTracker   :     35 |           localStorage.setItem('factura_items', JSON.stringify(carrito));
2026-01-29T09:50:10.825-05:00  INFO 9432 --- [dev-server-output] c.v.b.devserver.DevServerOutputTracker   : 
2026-01-29T09:50:10.825-05:00  INFO 9432 --- [dev-server-output] c.v.b.devserver.DevServerOutputTracker   :  ERROR(TypeScript)  Parameter 'item' implicitly has an 'any' type.
2026-01-29T09:50:10.825-05:00  INFO 9432 --- [dev-server-output] c.v.b.devserver.DevServerOutputTracker   :  FILE  C:/Users/LENOVO I7/Desktop/Proyecto/Proyecto_NvidiaCorp/src/main/frontend/views/Pago-form.tsx:32:49
2026-01-29T09:50:10.825-05:00  INFO 9432 --- [dev-server-output] c.v.b.devserver.DevServerOutputTracker   : 
2026-01-29T09:50:10.825-05:00  INFO 9432 --- [dev-server-output] c.v.b.devserver.DevServerOutputTracker   :     30 |           localStorage.removeItem('carrito');
2026-01-29T09:50:10.825-05:00  INFO 9432 --- [dev-server-output] c.v.b.devserver.DevServerOutputTracker   :     31 |
2026-01-29T09:50:10.825-05:00  INFO 9432 --- [dev-server-output] c.v.b.devserver.DevServerOutputTracker   :   > 32 |           const subtotal = carrito.reduce((acc, item) => acc + (item.precio * (item.cantidad || 1)), 0);
2026-01-29T09:50:10.825-05:00  INFO 9432 --- [dev-server-output] c.v.b.devserver.DevServerOutputTracker   :        |                                                 ^^^^
2026-01-29T09:50:10.825-05:00  INFO 9432 --- [dev-server-output] c.v.b.devserver.DevServerOutputTracker   :     33 |           const iva = subtotal * 0.15;
2026-01-29T09:50:10.825-05:00  INFO 9432 --- [dev-server-output] c.v.b.devserver.DevServerOutputTracker   :     34 |           const total = subtotal + iva;
2026-01-29T09:50:10.825-05:00  INFO 9432 --- [dev-server-output] c.v.b.devserver.DevServerOutputTracker   :     35 |           localStorage.setItem('factura_items', JSON.stringify(carrito));
2026-01-29T09:50:10.828-05:00  INFO 9432 --- [dev-server-output] c.v.b.devserver.DevServerOutputTracker   : 
2026-01-29T09:50:10.828-05:00  INFO 9432 --- [dev-server-output] c.v.b.devserver.DevServerOutputTracker   :  ERROR(TypeScript)  Not all code paths return a value.
2026-01-29T09:50:10.828-05:00  INFO 9432 --- [dev-server-output] c.v.b.devserver.DevServerOutputTracker   :  FILE  C:/Users/LENOVO I7/Desktop/Proyecto/Proyecto_NvidiaCorp/src/main/frontend/views/Pago-form.tsx:62:13
2026-01-29T09:50:10.828-05:00  INFO 9432 --- [dev-server-output] c.v.b.devserver.DevServerOutputTracker   : 
2026-01-29T09:50:10.828-05:00  INFO 9432 --- [dev-server-output] c.v.b.devserver.DevServerOutputTracker   :     60 |   };
2026-01-29T09:50:10.829-05:00  INFO 9432 --- [dev-server-output] c.v.b.devserver.DevServerOutputTracker   :     61 |
2026-01-29T09:50:10.829-05:00  INFO 9432 --- [dev-server-output] c.v.b.devserver.DevServerOutputTracker   :   > 62 |   useEffect(() => {
2026-01-29T09:50:10.830-05:00  INFO 9432 --- [dev-server-output] c.v.b.devserver.DevServerOutputTracker   :        |             ^^^^^^^
2026-01-29T09:50:10.830-05:00  INFO 9432 --- [dev-server-output] c.v.b.devserver.DevServerOutputTracker   :     63 |     if (checkoutId) {
2026-01-29T09:50:10.830-05:00  INFO 9432 --- [dev-server-output] c.v.b.devserver.DevServerOutputTracker   :     64 |       const script = document.createElement('script');
2026-01-29T09:50:10.830-05:00  INFO 9432 --- [dev-server-output] c.v.b.devserver.DevServerOutputTracker   :     65 |       script.src = `https://eu-test.oppwa.com/v1/paymentWidgets.js?checkoutId=${checkoutId}`;
2026-01-29T09:50:10.831-05:00  INFO 9432 --- [dev-server-output] c.v.b.devserver.DevServerOutputTracker   : 
2026-01-29T09:50:10.831-05:00  INFO 9432 --- [dev-server-output] c.v.b.devserver.DevServerOutputTracker   :  ERROR(TypeScript)  Type 'Element' is not assignable to type 'string'.
2026-01-29T09:50:10.831-05:00  INFO 9432 --- [dev-server-output] c.v.b.devserver.DevServerOutputTracker   :  FILE  C:/Users/LENOVO I7/Desktop/Proyecto/Proyecto_NvidiaCorp/src/main/frontend/views/Pago_list.tsx:86:20
2026-01-29T09:50:10.831-05:00  INFO 9432 --- [dev-server-output] c.v.b.devserver.DevServerOutputTracker   : 
2026-01-29T09:50:10.831-05:00  INFO 9432 --- [dev-server-output] c.v.b.devserver.DevServerOutputTracker   :     84 |   return (
2026-01-29T09:50:10.831-05:00  INFO 9432 --- [dev-server-output] c.v.b.devserver.DevServerOutputTracker   :     85 |     <main className="pago-main">
2026-01-29T09:50:10.831-05:00  INFO 9432 --- [dev-server-output] c.v.b.devserver.DevServerOutputTracker   :   > 86 |       <ViewToolbar title={<span className="pago-title">Lista de Pagos</span>}>
2026-01-29T09:50:10.831-05:00  INFO 9432 --- [dev-server-output] c.v.b.devserver.DevServerOutputTracker   :        |                    ^^^^^
2026-01-29T09:50:10.831-05:00  INFO 9432 --- [dev-server-output] c.v.b.devserver.DevServerOutputTracker   :     87 |         <Group>
2026-01-29T09:50:10.831-05:00  INFO 9432 --- [dev-server-output] c.v.b.devserver.DevServerOutputTracker   :     88 |           {/* Aquí puedes agregar filtros o botones si lo necesitas */}
2026-01-29T09:50:10.831-05:00  INFO 9432 --- [dev-server-output] c.v.b.devserver.DevServerOutputTracker   :     89 |         </Group>
2026-01-29T09:50:10.831-05:00  INFO 9432 --- [dev-server-output] c.v.b.devserver.DevServerOutputTracker   : 
2026-01-29T09:50:10.831-05:00  INFO 9432 --- [dev-server-output] c.v.b.devserver.DevServerOutputTracker   :  ERROR(TypeScript)  Type 'Promise<(Persona | undefined)[] | undefined>' is not assignable to type 'Promise<Persona[]>'.
2026-01-29T09:50:10.831-05:00  INFO 9432 --- [dev-server-output] c.v.b.devserver.DevServerOutputTracker   :   Type '(Persona | undefined)[] | undefined' is not assignable to type 'Persona[]'.
2026-01-29T09:50:10.831-05:00  INFO 9432 --- [dev-server-output] c.v.b.devserver.DevServerOutputTracker   :     Type 'undefined' is not assignable to type 'Persona[]'.
2026-01-29T09:50:10.831-05:00  INFO 9432 --- [dev-server-output] c.v.b.devserver.DevServerOutputTracker   :  FILE  C:/Users/LENOVO I7/Desktop/Proyecto/Proyecto_NvidiaCorp/src/main/frontend/views/persona-list.tsx:172:27
2026-01-29T09:50:10.831-05:00  INFO 9432 --- [dev-server-output] c.v.b.devserver.DevServerOutputTracker   : 
2026-01-29T09:50:10.831-05:00  INFO 9432 --- [dev-server-output] c.v.b.devserver.DevServerOutputTracker   :     170 | export default function PersonaListView() {
2026-01-29T09:50:10.831-05:00  INFO 9432 --- [dev-server-output] c.v.b.devserver.DevServerOutputTracker   :     171 |     const dataProvider = useDataProvider<Persona>({
2026-01-29T09:50:10.831-05:00  INFO 9432 --- [dev-server-output] c.v.b.devserver.DevServerOutputTracker   :   > 172 |         list: (params) => PersonaServices.listAllPersona(),
2026-01-29T09:50:10.834-05:00  INFO 9432 --- [dev-server-output] c.v.b.devserver.DevServerOutputTracker   :         |                           ^^^^^^^^^^^^^^^^^^^^^^^^^^^^^^^^
2026-01-29T09:50:10.834-05:00  INFO 9432 --- [dev-server-output] c.v.b.devserver.DevServerOutputTracker   :     173 |     });
2026-01-29T09:50:10.834-05:00  INFO 9432 --- [dev-server-output] c.v.b.devserver.DevServerOutputTracker   :     174 |
2026-01-29T09:50:10.835-05:00  INFO 9432 --- [dev-server-output] c.v.b.devserver.DevServerOutputTracker   :     175 |     return (
2026-01-29T09:50:10.835-05:00  INFO 9432 --- [dev-server-output] c.v.b.devserver.DevServerOutputTracker   : 
2026-01-29T09:50:10.835-05:00  INFO 9432 --- [dev-server-output] c.v.b.devserver.DevServerOutputTracker   :  ERROR(TypeScript)  Not all code paths return a value.
2026-01-29T09:50:10.835-05:00  INFO 9432 --- [dev-server-output] c.v.b.devserver.DevServerOutputTracker   :  FILE  C:/Users/LENOVO I7/Desktop/Proyecto/Proyecto_NvidiaCorp/src/main/frontend/views/producto-list.tsx:29:15
2026-01-29T09:50:10.835-05:00  INFO 9432 --- [dev-server-output] c.v.b.devserver.DevServerOutputTracker   : 
2026-01-29T09:50:10.835-05:00  INFO 9432 --- [dev-server-output] c.v.b.devserver.DevServerOutputTracker   :     27 |     const navigate = useNavigate();
2026-01-29T09:50:10.835-05:00  INFO 9432 --- [dev-server-output] c.v.b.devserver.DevServerOutputTracker   :     28 |
2026-01-29T09:50:10.835-05:00  INFO 9432 --- [dev-server-output] c.v.b.devserver.DevServerOutputTracker   :   > 29 |     useEffect(() => {
2026-01-29T09:50:10.835-05:00  INFO 9432 --- [dev-server-output] c.v.b.devserver.DevServerOutputTracker   :        |               ^^^^^^^
2026-01-29T09:50:10.835-05:00  INFO 9432 --- [dev-server-output] c.v.b.devserver.DevServerOutputTracker   :     30 |         if (isVisible && producto) {
2026-01-29T09:50:10.835-05:00  INFO 9432 --- [dev-server-output] c.v.b.devserver.DevServerOutputTracker   :     31 |             const timer = setTimeout(() => {
2026-01-29T09:50:10.837-05:00  INFO 9432 --- [dev-server-output] c.v.b.devserver.DevServerOutputTracker   :     32 |                 onClose();
2026-01-29T09:50:10.837-05:00  INFO 9432 --- [dev-server-output] c.v.b.devserver.DevServerOutputTracker   : 
2026-01-29T09:50:10.837-05:00  INFO 9432 --- [dev-server-output] c.v.b.devserver.DevServerOutputTracker   :  ERROR(TypeScript)  Argument of type '(ProductoDTO | undefined)[] | undefined' is not assignable to parameter of type 'SetStateAction<any[]>'.
2026-01-29T09:50:10.837-05:00  INFO 9432 --- [dev-server-output] c.v.b.devserver.DevServerOutputTracker   :   Type 'undefined' is not assignable to type 'SetStateAction<any[]>'.
2026-01-29T09:50:10.837-05:00  INFO 9432 --- [dev-server-output] c.v.b.devserver.DevServerOutputTracker   :  FILE  C:/Users/LENOVO I7/Desktop/Proyecto/Proyecto_NvidiaCorp/src/main/frontend/views/producto-list.tsx:333:26
2026-01-29T09:50:10.837-05:00  INFO 9432 --- [dev-server-output] c.v.b.devserver.DevServerOutputTracker   : 
2026-01-29T09:50:10.837-05:00  INFO 9432 --- [dev-server-output] c.v.b.devserver.DevServerOutputTracker   :     331 |         try {
2026-01-29T09:50:10.837-05:00  INFO 9432 --- [dev-server-output] c.v.b.devserver.DevServerOutputTracker   :     332 |             const items = await ProductoService.listAllProductos();
2026-01-29T09:50:10.837-05:00  INFO 9432 --- [dev-server-output] c.v.b.devserver.DevServerOutputTracker   :   > 333 |             setProductos(items);
2026-01-29T09:50:10.837-05:00  INFO 9432 --- [dev-server-output] c.v.b.devserver.DevServerOutputTracker   :         |                          ^^^^^
2026-01-29T09:50:10.837-05:00  INFO 9432 --- [dev-server-output] c.v.b.devserver.DevServerOutputTracker   :     334 |             // No seteamos filtrados aquí directamente para dejar que el useEffect de filtros maneje la lógica inicial
2026-01-29T09:50:10.837-05:00  INFO 9432 --- [dev-server-output] c.v.b.devserver.DevServerOutputTracker   :     335 |         } catch (error) {
2026-01-29T09:50:10.840-05:00  INFO 9432 --- [dev-server-output] c.v.b.devserver.DevServerOutputTracker   :     336 |             handleError(error);
2026-01-29T09:50:10.840-05:00  INFO 9432 --- [dev-server-output] c.v.b.devserver.DevServerOutputTracker   : 
2026-01-29T09:50:10.840-05:00  INFO 9432 --- [dev-server-output] c.v.b.devserver.DevServerOutputTracker   :  ERROR(TypeScript)  Type 'Element' is not assignable to type 'string'.
2026-01-29T09:50:10.840-05:00  INFO 9432 --- [dev-server-output] c.v.b.devserver.DevServerOutputTracker   :  FILE  C:/Users/LENOVO I7/Desktop/Proyecto/Proyecto_NvidiaCorp/src/main/frontend/views/producto-list.tsx:407:30
2026-01-29T09:50:10.840-05:00  INFO 9432 --- [dev-server-output] c.v.b.devserver.DevServerOutputTracker   : 
2026-01-29T09:50:10.840-05:00  INFO 9432 --- [dev-server-output] c.v.b.devserver.DevServerOutputTracker   :     405 |
2026-01-29T09:50:10.840-05:00  INFO 9432 --- [dev-server-output] c.v.b.devserver.DevServerOutputTracker   :     406 |             <div className="contenido-principal">
2026-01-29T09:50:10.840-05:00  INFO 9432 --- [dev-server-output] c.v.b.devserver.DevServerOutputTracker   :   > 407 |                 <ViewToolbar title={<span className="producto-toolbar-titulo">Productos ({productosFiltrados.length})</span>}>
2026-01-29T09:50:10.840-05:00  INFO 9432 --- [dev-server-output] c.v.b.devserver.DevServerOutputTracker   :         |                              ^^^^^
2026-01-29T09:50:10.840-05:00  INFO 9432 --- [dev-server-output] c.v.b.devserver.DevServerOutputTracker   :     408 |                    <Group></Group>
2026-01-29T09:50:10.840-05:00  INFO 9432 --- [dev-server-output] c.v.b.devserver.DevServerOutputTracker   :     409 |                 </ViewToolbar>
2026-01-29T09:50:10.840-05:00  INFO 9432 --- [dev-server-output] c.v.b.devserver.DevServerOutputTracker   :     410 |
2026-01-29T09:50:10.840-05:00  INFO 9432 --- [dev-server-output] c.v.b.devserver.DevServerOutputTracker   : 
2026-01-29T09:50:10.840-05:00  INFO 9432 --- [dev-server-output] c.v.b.devserver.DevServerOutputTracker   :  ERROR(TypeScript)  Type '{ onProductoCreated: () => Promise<void>; className: string; }' is not assignable to type 'IntrinsicAttributes & ProductoEntryFormProps'.
2026-01-29T09:50:10.840-05:00  INFO 9432 --- [dev-server-output] c.v.b.devserver.DevServerOutputTracker   :   Property 'className' does not exist on type 'IntrinsicAttributes & ProductoEntryFormProps'.
2026-01-29T09:50:10.840-05:00  INFO 9432 --- [dev-server-output] c.v.b.devserver.DevServerOutputTracker   :  FILE  C:/Users/LENOVO I7/Desktop/Proyecto/Proyecto_NvidiaCorp/src/main/frontend/views/producto-list.tsx:440:80
2026-01-29T09:50:10.840-05:00  INFO 9432 --- [dev-server-output] c.v.b.devserver.DevServerOutputTracker   : 
2026-01-29T09:50:10.840-05:00  INFO 9432 --- [dev-server-output] c.v.b.devserver.DevServerOutputTracker   :     438 |                     {/* Funcionalidad Nueva: AdminOnly para crear */}
2026-01-29T09:50:10.840-05:00  INFO 9432 --- [dev-server-output] c.v.b.devserver.DevServerOutputTracker   :     439 |                     <AdminOnly>
2026-01-29T09:50:10.840-05:00  INFO 9432 --- [dev-server-output] c.v.b.devserver.DevServerOutputTracker   :   > 440 |                         <ProductoEntryForm onProductoCreated={cargarProductos} className="producto-btn-registrar" />
2026-01-29T09:50:10.840-05:00  INFO 9432 --- [dev-server-output] c.v.b.devserver.DevServerOutputTracker   :         |                                                                                ^^^^^^^^^
2026-01-29T09:50:10.840-05:00  INFO 9432 --- [dev-server-output] c.v.b.devserver.DevServerOutputTracker   :     441 |                     </AdminOnly>
2026-01-29T09:50:10.840-05:00  INFO 9432 --- [dev-server-output] c.v.b.devserver.DevServerOutputTracker   :     442 |                 </div>
2026-01-29T09:50:10.840-05:00  INFO 9432 --- [dev-server-output] c.v.b.devserver.DevServerOutputTracker   :     443 |
2026-01-29T09:50:10.840-05:00  INFO 9432 --- [dev-server-output] c.v.b.devserver.DevServerOutputTracker   : 
2026-01-29T09:50:10.840-05:00  INFO 9432 --- [dev-server-output] c.v.b.devserver.DevServerOutputTracker   : [TypeScript] Found 22 errors. Watching for file changes.
2026-01-29T09:50:30.685-05:00  INFO 9432 --- [SpringApplicationShutdownHook] o.s.b.w.e.tomcat.GracefulShutdown        : Commencing graceful shutdown. Waiting for active requests to complete
2026-01-29T09:50:30.825-05:00  INFO 9432 --- [tomcat-shutdown] o.s.b.w.e.tomcat.GracefulShutdown        : Graceful shutdown complete
2026-01-29T09:50:30.839-05:00  INFO 9432 --- [SpringApplicationShutdownHook] j.LocalContainerEntityManagerFactoryBean : Closing JPA EntityManagerFactory for persistence unit 'default'
2026-01-29T09:50:30.844-05:00  INFO 9432 --- [SpringApplicationShutdownHook] com.zaxxer.hikari.HikariDataSource       : HikariPool-1 - Shutdown initiated...
2026-01-29T09:50:30.848-05:00  INFO 9432 --- [SpringApplicationShutdownHook] com.zaxxer.hikari.HikariDataSource       : HikariPool-1 - Shutdown completed.
>>>>>>> 6327fe7 (Basura)
2026-01-29T09:57:21.330-05:00  INFO 26668 --- [restartedMain] org.proyecto.nvidiacorp.Application      : Starting Application using Java 17.0.12 with PID 26668 (C:\Users\LENOVO I7\Desktop\Proyecto\Proyecto_NvidiaCorp\target\classes started by LENOVO I7 in C:\Users\LENOVO I7\Desktop\Proyecto\Proyecto_NvidiaCorp)
2026-01-29T09:57:21.340-05:00  INFO 26668 --- [restartedMain] org.proyecto.nvidiacorp.Application      : No active profile set, falling back to 1 default profile: "default"
2026-01-29T09:57:21.428-05:00  INFO 26668 --- [restartedMain] .e.DevToolsPropertyDefaultsPostProcessor : Devtools property defaults active! Set 'spring.devtools.add-properties' to 'false' to disable
2026-01-29T09:57:21.428-05:00  INFO 26668 --- [restartedMain] .e.DevToolsPropertyDefaultsPostProcessor : For additional web related logging consider setting the 'logging.level.web' property to 'DEBUG'
2026-01-29T09:57:23.009-05:00  INFO 26668 --- [restartedMain] .s.d.r.c.RepositoryConfigurationDelegate : Bootstrapping Spring Data JPA repositories in DEFAULT mode.
2026-01-29T09:57:23.205-05:00  INFO 26668 --- [restartedMain] .s.d.r.c.RepositoryConfigurationDelegate : Finished Spring Data repository scanning in 181 ms. Found 8 JPA repository interfaces.
2026-01-29T09:57:25.102-05:00  INFO 26668 --- [restartedMain] o.s.b.w.embedded.tomcat.TomcatWebServer  : Tomcat initialized with port 8080 (http)
2026-01-29T09:57:25.121-05:00  INFO 26668 --- [restartedMain] o.apache.catalina.core.StandardService   : Starting service [Tomcat]
2026-01-29T09:57:25.121-05:00  INFO 26668 --- [restartedMain] o.apache.catalina.core.StandardEngine    : Starting Servlet engine: [Apache Tomcat/10.1.40]
2026-01-29T09:57:25.226-05:00  INFO 26668 --- [restartedMain] o.a.c.c.C.[Tomcat].[localhost].[/]       : Initializing Spring embedded WebApplicationContext
2026-01-29T09:57:25.226-05:00  INFO 26668 --- [restartedMain] w.s.c.ServletWebServerApplicationContext : Root WebApplicationContext: initialization completed in 3798 ms
2026-01-29T09:57:26.262-05:00  INFO 26668 --- [restartedMain] o.a.c.c.C.[Tomcat].[localhost].[/]       : Initializing AtmosphereFramework
2026-01-29T09:57:27.956-05:00  INFO 26668 --- [restartedMain] c.v.f.s.VaadinServletContextInitializer  : Search for subclasses and classes with annotations took 1241 ms
2026-01-29T09:57:28.538-05:00  INFO 26668 --- [restartedMain] c.v.b.d.startup.DevModeStartupListener   : Starting dev-mode updaters in C:\Users\LENOVO I7\Desktop\Proyecto\Proyecto_NvidiaCorp folder.
2026-01-29T09:57:28.662-05:00  INFO 26668 --- [restartedMain] c.v.f.s.f.s.FullDependenciesScanner      : Visited 111 classes. Took 66 ms.
2026-01-29T09:57:29.904-05:00  INFO 26668 --- [vaadin-dev-server-1] c.v.f.s.frontend.TaskUpdatePackages      : Skipping `npm install` because the frontend packages are already installed in the folder 'C:\Users\LENOVO I7\Desktop\Proyecto\Proyecto_NvidiaCorp\node_modules' and the hash in the file 'C:\Users\LENOVO I7\Desktop\Proyecto\Proyecto_NvidiaCorp\node_modules\.vaadin\vaadin.json' is the same as in 'package.json'
2026-01-29T09:57:29.904-05:00  INFO 26668 --- [vaadin-dev-server-1] c.v.f.s.frontend.TaskCopyFrontendFiles   : Copying frontend resources from jar files ...
2026-01-29T09:57:30.029-05:00  INFO 26668 --- [vaadin-dev-server-1] c.v.f.s.frontend.TaskCopyFrontendFiles   : Visited 22 resources. Took 132 ms.
2026-01-29T09:57:30.295-05:00  INFO 26668 --- [restartedMain] o.hibernate.jpa.internal.util.LogHelper  : HHH000204: Processing PersistenceUnitInfo [name: default]
2026-01-29T09:57:30.375-05:00  INFO 26668 --- [restartedMain] org.hibernate.Version                    : HHH000412: Hibernate ORM core version 6.6.13.Final
2026-01-29T09:57:30.424-05:00  INFO 26668 --- [restartedMain] o.h.c.internal.RegionFactoryInitiator    : HHH000026: Second-level cache disabled
2026-01-29T09:57:30.683-05:00  INFO 26668 --- [restartedMain] o.s.o.j.p.SpringPersistenceUnitInfo      : No LoadTimeWeaver setup: ignoring JPA class transformer
2026-01-29T09:57:30.720-05:00  INFO 26668 --- [restartedMain] com.zaxxer.hikari.HikariDataSource       : HikariPool-1 - Starting...
2026-01-29T09:57:30.806-05:00  INFO 26668 --- [restartedMain] com.zaxxer.hikari.pool.HikariPool        : HikariPool-1 - Added connection org.mariadb.jdbc.Connection@40b82fb7
2026-01-29T09:57:30.806-05:00  INFO 26668 --- [restartedMain] com.zaxxer.hikari.HikariDataSource       : HikariPool-1 - Start completed.
2026-01-29T09:57:30.850-05:00  WARN 26668 --- [restartedMain] org.hibernate.orm.deprecation            : HHH90000025: MariaDBDialect does not need to be specified explicitly using 'hibernate.dialect' (remove the property setting and it will be selected by default)
2026-01-29T09:57:30.872-05:00  INFO 26668 --- [restartedMain] org.hibernate.orm.connections.pooling    : HHH10001005: Database info:
	Database JDBC URL [Connecting through datasource 'HikariDataSource (HikariPool-1)']
	Database driver: undefined/unknown
	Database version: 12.1.2
	Autocommit mode: undefined/unknown
	Isolation level: undefined/unknown
	Minimum pool size: undefined/unknown
	Maximum pool size: undefined/unknown
2026-01-29T09:57:33.403-05:00  INFO 26668 --- [restartedMain] o.h.e.t.j.p.i.JtaPlatformInitiator       : HHH000489: No JTA platform available (set 'hibernate.transaction.jta.platform' to enable JTA platform integration)
2026-01-29T09:57:33.582-05:00  INFO 26668 --- [restartedMain] j.LocalContainerEntityManagerFactoryBean : Initialized JPA EntityManagerFactory for persistence unit 'default'
2026-01-29T09:57:36.758-05:00  WARN 26668 --- [restartedMain] ConfigServletWebServerApplicationContext : Exception encountered during context initialization - cancelling refresh attempt: org.springframework.beans.factory.BeanCreationException: Error creating bean with name 'geminiService' defined in file [C:\Users\LENOVO I7\Desktop\Proyecto\Proyecto_NvidiaCorp\target\classes\org\proyecto\nvidiacorp\base\controller\services\GeminiService.class]: Unexpected exception during bean creation
2026-01-29T09:57:36.774-05:00  INFO 26668 --- [restartedMain] j.LocalContainerEntityManagerFactoryBean : Closing JPA EntityManagerFactory for persistence unit 'default'
2026-01-29T09:57:36.840-05:00  INFO 26668 --- [restartedMain] com.zaxxer.hikari.HikariDataSource       : HikariPool-1 - Shutdown initiated...
2026-01-29T09:57:36.874-05:00  INFO 26668 --- [restartedMain] com.zaxxer.hikari.HikariDataSource       : HikariPool-1 - Shutdown completed.
2026-01-29T09:57:36.907-05:00  INFO 26668 --- [restartedMain] o.apache.catalina.core.StandardService   : Stopping service [Tomcat]
2026-01-29T09:57:36.945-05:00  WARN 26668 --- [restartedMain] o.a.c.loader.WebappClassLoaderBase       : The web application [ROOT] appears to have started a thread named [JNA Cleaner] but has failed to stop it. This is very likely to create a memory leak. Stack trace of thread:
 java.base@17.0.12/java.lang.Object.wait(Native Method)
 java.base@17.0.12/java.lang.ref.ReferenceQueue.remove(ReferenceQueue.java:155)
 app//com.sun.jna.internal.Cleaner$CleanerThread.run(Cleaner.java:154)
2026-01-29T09:57:36.945-05:00  WARN 26668 --- [restartedMain] o.a.c.loader.WebappClassLoaderBase       : The web application [ROOT] appears to have started a thread named [vaadin-dev-server-1] but has failed to stop it. This is very likely to create a memory leak. Stack trace of thread:
 java.base@17.0.12/java.lang.Thread.sleep(Native Method)
 app//com.vaadin.base.devserver.startup.DevModeInitializer.lambda$initDevModeHandler$0(DevModeInitializer.java:346)
 app//com.vaadin.base.devserver.startup.DevModeInitializer$$Lambda$1192/0x00000202536b55c8.run(Unknown Source)
 java.base@17.0.12/java.util.concurrent.CompletableFuture$AsyncRun.run(CompletableFuture.java:1804)
 java.base@17.0.12/java.util.concurrent.ThreadPoolExecutor.runWorker(ThreadPoolExecutor.java:1136)
 java.base@17.0.12/java.util.concurrent.ThreadPoolExecutor$Worker.run(ThreadPoolExecutor.java:635)
 java.base@17.0.12/java.lang.Thread.run(Thread.java:842)
2026-01-29T09:57:36.954-05:00  WARN 26668 --- [restartedMain] o.a.c.loader.WebappClassLoaderBase       : The web application [ROOT] appears to have started a thread named [vaadin-dev-server-2] but has failed to stop it. This is very likely to create a memory leak. Stack trace of thread:
 java.base@17.0.12/jdk.internal.misc.Unsafe.park(Native Method)
 java.base@17.0.12/java.util.concurrent.locks.LockSupport.park(LockSupport.java:211)
 java.base@17.0.12/java.util.concurrent.CompletableFuture$Signaller.block(CompletableFuture.java:1864)
 java.base@17.0.12/java.util.concurrent.ForkJoinPool.unmanagedBlock(ForkJoinPool.java:3465)
 java.base@17.0.12/java.util.concurrent.ForkJoinPool.managedBlock(ForkJoinPool.java:3436)
 java.base@17.0.12/java.util.concurrent.CompletableFuture.waitingGet(CompletableFuture.java:1898)
 java.base@17.0.12/java.util.concurrent.CompletableFuture.join(CompletableFuture.java:2117)
 app//com.vaadin.base.devserver.AbstractDevServerRunner.waitForDevServer(AbstractDevServerRunner.java:560)
 app//com.vaadin.base.devserver.DevModeHandlerManagerImpl.lambda$initDevModeHandler$0(DevModeHandlerManagerImpl.java:109)
 app//com.vaadin.base.devserver.DevModeHandlerManagerImpl$$Lambda$1202/0x00000202536b7420.run(Unknown Source)
 java.base@17.0.12/java.util.concurrent.CompletableFuture$AsyncRun.run(CompletableFuture.java:1804)
 java.base@17.0.12/java.util.concurrent.ThreadPoolExecutor.runWorker(ThreadPoolExecutor.java:1136)
 java.base@17.0.12/java.util.concurrent.ThreadPoolExecutor$Worker.run(ThreadPoolExecutor.java:635)
 java.base@17.0.12/java.lang.Thread.run(Thread.java:842)
2026-01-29T09:57:37.082-05:00  INFO 26668 --- [restartedMain] .s.b.a.l.ConditionEvaluationReportLogger : 

Error starting ApplicationContext. To display the condition evaluation report re-run your application with 'debug' enabled.
2026-01-29T09:57:37.241-05:00 ERROR 26668 --- [restartedMain] o.s.boot.SpringApplication               : Application run failed

org.springframework.beans.factory.BeanCreationException: Error creating bean with name 'geminiService' defined in file [C:\Users\LENOVO I7\Desktop\Proyecto\Proyecto_NvidiaCorp\target\classes\org\proyecto\nvidiacorp\base\controller\services\GeminiService.class]: Unexpected exception during bean creation
	at org.springframework.beans.factory.support.AbstractAutowireCapableBeanFactory.createBean(AbstractAutowireCapableBeanFactory.java:542) ~[spring-beans-6.2.6.jar:6.2.6]
	at org.springframework.beans.factory.support.AbstractBeanFactory.lambda$doGetBean$0(AbstractBeanFactory.java:339) ~[spring-beans-6.2.6.jar:6.2.6]
	at org.springframework.beans.factory.support.DefaultSingletonBeanRegistry.getSingleton(DefaultSingletonBeanRegistry.java:371) ~[spring-beans-6.2.6.jar:6.2.6]
	at org.springframework.beans.factory.support.AbstractBeanFactory.doGetBean(AbstractBeanFactory.java:337) ~[spring-beans-6.2.6.jar:6.2.6]
	at org.springframework.beans.factory.support.AbstractBeanFactory.getBean(AbstractBeanFactory.java:202) ~[spring-beans-6.2.6.jar:6.2.6]
	at org.springframework.beans.factory.support.DefaultListableBeanFactory.instantiateSingleton(DefaultListableBeanFactory.java:1221) ~[spring-beans-6.2.6.jar:6.2.6]
	at org.springframework.beans.factory.support.DefaultListableBeanFactory.preInstantiateSingleton(DefaultListableBeanFactory.java:1187) ~[spring-beans-6.2.6.jar:6.2.6]
	at org.springframework.beans.factory.support.DefaultListableBeanFactory.preInstantiateSingletons(DefaultListableBeanFactory.java:1122) ~[spring-beans-6.2.6.jar:6.2.6]
	at org.springframework.context.support.AbstractApplicationContext.finishBeanFactoryInitialization(AbstractApplicationContext.java:987) ~[spring-context-6.2.6.jar:6.2.6]
	at org.springframework.context.support.AbstractApplicationContext.refresh(AbstractApplicationContext.java:627) ~[spring-context-6.2.6.jar:6.2.6]
	at org.springframework.boot.web.servlet.context.ServletWebServerApplicationContext.refresh(ServletWebServerApplicationContext.java:146) ~[spring-boot-3.4.5.jar:3.4.5]
	at org.springframework.boot.SpringApplication.refresh(SpringApplication.java:753) ~[spring-boot-3.4.5.jar:3.4.5]
	at org.springframework.boot.SpringApplication.refreshContext(SpringApplication.java:439) ~[spring-boot-3.4.5.jar:3.4.5]
	at org.springframework.boot.SpringApplication.run(SpringApplication.java:318) ~[spring-boot-3.4.5.jar:3.4.5]
	at org.springframework.boot.SpringApplication.run(SpringApplication.java:1362) ~[spring-boot-3.4.5.jar:3.4.5]
	at org.springframework.boot.SpringApplication.run(SpringApplication.java:1351) ~[spring-boot-3.4.5.jar:3.4.5]
	at org.proyecto.nvidiacorp.Application.main(Application.java:21) ~[classes/:na]
	at java.base/jdk.internal.reflect.NativeMethodAccessorImpl.invoke0(Native Method) ~[na:na]
	at java.base/jdk.internal.reflect.NativeMethodAccessorImpl.invoke(NativeMethodAccessorImpl.java:77) ~[na:na]
	at java.base/jdk.internal.reflect.DelegatingMethodAccessorImpl.invoke(DelegatingMethodAccessorImpl.java:43) ~[na:na]
	at java.base/java.lang.reflect.Method.invoke(Method.java:568) ~[na:na]
	at org.springframework.boot.devtools.restart.RestartLauncher.run(RestartLauncher.java:50) ~[spring-boot-devtools-3.4.5.jar:3.4.5]
Caused by: org.springframework.util.PlaceholderResolutionException: Could not resolve placeholder 'GEMINI_API_KEY' in value "${GEMINI_API_KEY}" <-- "${gemini.api.key}"
	at org.springframework.util.PlaceholderResolutionException.withValue(PlaceholderResolutionException.java:81) ~[spring-core-6.2.6.jar:6.2.6]
	at org.springframework.util.PlaceholderParser$ParsedValue.resolve(PlaceholderParser.java:423) ~[spring-core-6.2.6.jar:6.2.6]
	at org.springframework.util.PlaceholderParser.replacePlaceholders(PlaceholderParser.java:128) ~[spring-core-6.2.6.jar:6.2.6]
	at org.springframework.util.PropertyPlaceholderHelper.parseStringValue(PropertyPlaceholderHelper.java:118) ~[spring-core-6.2.6.jar:6.2.6]
	at org.springframework.util.PropertyPlaceholderHelper.replacePlaceholders(PropertyPlaceholderHelper.java:114) ~[spring-core-6.2.6.jar:6.2.6]
	at org.springframework.core.env.AbstractPropertyResolver.doResolvePlaceholders(AbstractPropertyResolver.java:255) ~[spring-core-6.2.6.jar:6.2.6]
	at org.springframework.core.env.AbstractPropertyResolver.resolveRequiredPlaceholders(AbstractPropertyResolver.java:226) ~[spring-core-6.2.6.jar:6.2.6]
	at org.springframework.context.support.PropertySourcesPlaceholderConfigurer.lambda$processProperties$0(PropertySourcesPlaceholderConfigurer.java:201) ~[spring-context-6.2.6.jar:6.2.6]
	at org.springframework.beans.factory.support.AbstractBeanFactory.resolveEmbeddedValue(AbstractBeanFactory.java:971) ~[spring-beans-6.2.6.jar:6.2.6]
	at org.springframework.beans.factory.support.DefaultListableBeanFactory.doResolveDependency(DefaultListableBeanFactory.java:1649) ~[spring-beans-6.2.6.jar:6.2.6]
	at org.springframework.beans.factory.support.DefaultListableBeanFactory.resolveDependency(DefaultListableBeanFactory.java:1627) ~[spring-beans-6.2.6.jar:6.2.6]
	at org.springframework.beans.factory.support.ConstructorResolver.resolveAutowiredArgument(ConstructorResolver.java:913) ~[spring-beans-6.2.6.jar:6.2.6]
	at org.springframework.beans.factory.support.ConstructorResolver.createArgumentArray(ConstructorResolver.java:791) ~[spring-beans-6.2.6.jar:6.2.6]
	at org.springframework.beans.factory.support.ConstructorResolver.autowireConstructor(ConstructorResolver.java:240) ~[spring-beans-6.2.6.jar:6.2.6]
	at org.springframework.beans.factory.support.AbstractAutowireCapableBeanFactory.autowireConstructor(AbstractAutowireCapableBeanFactory.java:1387) ~[spring-beans-6.2.6.jar:6.2.6]
	at org.springframework.beans.factory.support.AbstractAutowireCapableBeanFactory.createBeanInstance(AbstractAutowireCapableBeanFactory.java:1224) ~[spring-beans-6.2.6.jar:6.2.6]
	at org.springframework.beans.factory.support.AbstractAutowireCapableBeanFactory.doCreateBean(AbstractAutowireCapableBeanFactory.java:569) ~[spring-beans-6.2.6.jar:6.2.6]
	at org.springframework.beans.factory.support.AbstractAutowireCapableBeanFactory.createBean(AbstractAutowireCapableBeanFactory.java:529) ~[spring-beans-6.2.6.jar:6.2.6]
	... 21 common frames omitted

2026-01-29T10:00:58.678-05:00  INFO 16672 --- [restartedMain] org.proyecto.nvidiacorp.Application      : Starting Application using Java 17.0.12 with PID 16672 (C:\Users\LENOVO I7\Desktop\Proyecto\Proyecto_NvidiaCorp\target\classes started by LENOVO I7 in C:\Users\LENOVO I7\Desktop\Proyecto\Proyecto_NvidiaCorp)
2026-01-29T10:00:58.682-05:00  INFO 16672 --- [restartedMain] org.proyecto.nvidiacorp.Application      : No active profile set, falling back to 1 default profile: "default"
2026-01-29T10:00:58.766-05:00  INFO 16672 --- [restartedMain] .e.DevToolsPropertyDefaultsPostProcessor : Devtools property defaults active! Set 'spring.devtools.add-properties' to 'false' to disable
2026-01-29T10:00:58.766-05:00  INFO 16672 --- [restartedMain] .e.DevToolsPropertyDefaultsPostProcessor : For additional web related logging consider setting the 'logging.level.web' property to 'DEBUG'
2026-01-29T10:01:00.330-05:00  INFO 16672 --- [restartedMain] .s.d.r.c.RepositoryConfigurationDelegate : Bootstrapping Spring Data JPA repositories in DEFAULT mode.
2026-01-29T10:01:00.536-05:00  INFO 16672 --- [restartedMain] .s.d.r.c.RepositoryConfigurationDelegate : Finished Spring Data repository scanning in 193 ms. Found 8 JPA repository interfaces.
2026-01-29T10:01:07.219-05:00  INFO 16672 --- [restartedMain] o.s.b.w.embedded.tomcat.TomcatWebServer  : Tomcat initialized with port 8080 (http)
2026-01-29T10:01:07.426-05:00  INFO 16672 --- [restartedMain] o.apache.catalina.core.StandardService   : Starting service [Tomcat]
2026-01-29T10:01:07.442-05:00  INFO 16672 --- [restartedMain] o.apache.catalina.core.StandardEngine    : Starting Servlet engine: [Apache Tomcat/10.1.40]
2026-01-29T10:01:08.646-05:00  INFO 16672 --- [restartedMain] o.a.c.c.C.[Tomcat].[localhost].[/]       : Initializing Spring embedded WebApplicationContext
2026-01-29T10:01:08.678-05:00  INFO 16672 --- [restartedMain] w.s.c.ServletWebServerApplicationContext : Root WebApplicationContext: initialization completed in 9895 ms
2026-01-29T10:01:16.039-05:00  INFO 16672 --- [restartedMain] o.a.c.c.C.[Tomcat].[localhost].[/]       : Initializing AtmosphereFramework
2026-01-29T10:01:27.636-05:00  INFO 16672 --- [restartedMain] c.v.f.s.VaadinServletContextInitializer  : Search for subclasses and classes with annotations took 8891 ms
2026-01-29T10:01:28.900-05:00  INFO 16672 --- [restartedMain] c.v.b.d.startup.DevModeStartupListener   : Starting dev-mode updaters in C:\Users\LENOVO I7\Desktop\Proyecto\Proyecto_NvidiaCorp folder.
2026-01-29T10:01:29.050-05:00  INFO 16672 --- [restartedMain] c.v.f.s.f.s.FullDependenciesScanner      : Visited 111 classes. Took 96 ms.
2026-01-29T10:01:30.096-05:00  INFO 16672 --- [vaadin-dev-server-1] c.v.f.s.frontend.TaskUpdatePackages      : Skipping `npm install` because the frontend packages are already installed in the folder 'C:\Users\LENOVO I7\Desktop\Proyecto\Proyecto_NvidiaCorp\node_modules' and the hash in the file 'C:\Users\LENOVO I7\Desktop\Proyecto\Proyecto_NvidiaCorp\node_modules\.vaadin\vaadin.json' is the same as in 'package.json'
2026-01-29T10:01:30.100-05:00  INFO 16672 --- [vaadin-dev-server-1] c.v.f.s.frontend.TaskCopyFrontendFiles   : Copying frontend resources from jar files ...
2026-01-29T10:01:30.237-05:00  INFO 16672 --- [vaadin-dev-server-1] c.v.f.s.frontend.TaskCopyFrontendFiles   : Visited 22 resources. Took 137 ms.
2026-01-29T10:01:30.476-05:00  INFO 16672 --- [restartedMain] o.hibernate.jpa.internal.util.LogHelper  : HHH000204: Processing PersistenceUnitInfo [name: default]
2026-01-29T10:01:30.703-05:00  INFO 16672 --- [restartedMain] org.hibernate.Version                    : HHH000412: Hibernate ORM core version 6.6.13.Final
2026-01-29T10:01:30.752-05:00  INFO 16672 --- [restartedMain] o.h.c.internal.RegionFactoryInitiator    : HHH000026: Second-level cache disabled
2026-01-29T10:01:31.015-05:00  INFO 16672 --- [restartedMain] o.s.o.j.p.SpringPersistenceUnitInfo      : No LoadTimeWeaver setup: ignoring JPA class transformer
2026-01-29T10:01:31.055-05:00  INFO 16672 --- [restartedMain] com.zaxxer.hikari.HikariDataSource       : HikariPool-1 - Starting...
2026-01-29T10:01:35.806-05:00  INFO 16672 --- [restartedMain] com.zaxxer.hikari.pool.HikariPool        : HikariPool-1 - Added connection org.mariadb.jdbc.Connection@3809888f
2026-01-29T10:01:35.811-05:00  INFO 16672 --- [restartedMain] com.zaxxer.hikari.HikariDataSource       : HikariPool-1 - Start completed.
2026-01-29T10:01:35.886-05:00  WARN 16672 --- [restartedMain] org.hibernate.orm.deprecation            : HHH90000025: MariaDBDialect does not need to be specified explicitly using 'hibernate.dialect' (remove the property setting and it will be selected by default)
2026-01-29T10:01:35.944-05:00  INFO 16672 --- [restartedMain] org.hibernate.orm.connections.pooling    : HHH10001005: Database info:
	Database JDBC URL [Connecting through datasource 'HikariDataSource (HikariPool-1)']
	Database driver: undefined/unknown
	Database version: 10.4.32
	Autocommit mode: undefined/unknown
	Isolation level: undefined/unknown
	Minimum pool size: undefined/unknown
	Maximum pool size: undefined/unknown
2026-01-29T10:01:37.285-05:00  INFO 16672 --- [restartedMain] o.h.e.t.j.p.i.JtaPlatformInitiator       : HHH000489: No JTA platform available (set 'hibernate.transaction.jta.platform' to enable JTA platform integration)
2026-01-29T10:01:37.489-05:00  INFO 16672 --- [restartedMain] j.LocalContainerEntityManagerFactoryBean : Initialized JPA EntityManagerFactory for persistence unit 'default'
2026-01-29T10:01:38.100-05:00  WARN 16672 --- [restartedMain] ConfigServletWebServerApplicationContext : Exception encountered during context initialization - cancelling refresh attempt: org.springframework.beans.factory.BeanCreationException: Error creating bean with name 'geminiService' defined in file [C:\Users\LENOVO I7\Desktop\Proyecto\Proyecto_NvidiaCorp\target\classes\org\proyecto\nvidiacorp\base\controller\services\GeminiService.class]: Unexpected exception during bean creation
2026-01-29T10:01:38.101-05:00  INFO 16672 --- [restartedMain] j.LocalContainerEntityManagerFactoryBean : Closing JPA EntityManagerFactory for persistence unit 'default'
2026-01-29T10:01:38.104-05:00  INFO 16672 --- [restartedMain] com.zaxxer.hikari.HikariDataSource       : HikariPool-1 - Shutdown initiated...
2026-01-29T10:01:38.256-05:00  INFO 16672 --- [restartedMain] com.zaxxer.hikari.HikariDataSource       : HikariPool-1 - Shutdown completed.
2026-01-29T10:01:38.263-05:00  INFO 16672 --- [restartedMain] o.apache.catalina.core.StandardService   : Stopping service [Tomcat]
2026-01-29T10:01:38.271-05:00  WARN 16672 --- [restartedMain] o.a.c.loader.WebappClassLoaderBase       : The web application [ROOT] appears to have started a thread named [JNA Cleaner] but has failed to stop it. This is very likely to create a memory leak. Stack trace of thread:
 java.base@17.0.12/java.lang.Object.wait(Native Method)
 java.base@17.0.12/java.lang.ref.ReferenceQueue.remove(ReferenceQueue.java:155)
 app//com.sun.jna.internal.Cleaner$CleanerThread.run(Cleaner.java:154)
2026-01-29T10:01:38.273-05:00  WARN 16672 --- [restartedMain] o.a.c.loader.WebappClassLoaderBase       : The web application [ROOT] appears to have started a thread named [vaadin-dev-server-1] but has failed to stop it. This is very likely to create a memory leak. Stack trace of thread:
 java.base@17.0.12/java.lang.Thread.sleep(Native Method)
 app//com.vaadin.base.devserver.startup.DevModeInitializer.lambda$initDevModeHandler$0(DevModeInitializer.java:346)
 app//com.vaadin.base.devserver.startup.DevModeInitializer$$Lambda$1192/0x000001fba66b6d80.run(Unknown Source)
 java.base@17.0.12/java.util.concurrent.CompletableFuture$AsyncRun.run(CompletableFuture.java:1804)
 java.base@17.0.12/java.util.concurrent.ThreadPoolExecutor.runWorker(ThreadPoolExecutor.java:1136)
 java.base@17.0.12/java.util.concurrent.ThreadPoolExecutor$Worker.run(ThreadPoolExecutor.java:635)
 java.base@17.0.12/java.lang.Thread.run(Thread.java:842)
2026-01-29T10:01:38.275-05:00  WARN 16672 --- [restartedMain] o.a.c.loader.WebappClassLoaderBase       : The web application [ROOT] appears to have started a thread named [vaadin-dev-server-2] but has failed to stop it. This is very likely to create a memory leak. Stack trace of thread:
 java.base@17.0.12/jdk.internal.misc.Unsafe.park(Native Method)
 java.base@17.0.12/java.util.concurrent.locks.LockSupport.park(LockSupport.java:211)
 java.base@17.0.12/java.util.concurrent.CompletableFuture$Signaller.block(CompletableFuture.java:1864)
 java.base@17.0.12/java.util.concurrent.ForkJoinPool.unmanagedBlock(ForkJoinPool.java:3465)
 java.base@17.0.12/java.util.concurrent.ForkJoinPool.managedBlock(ForkJoinPool.java:3436)
 java.base@17.0.12/java.util.concurrent.CompletableFuture.waitingGet(CompletableFuture.java:1898)
 java.base@17.0.12/java.util.concurrent.CompletableFuture.join(CompletableFuture.java:2117)
 app//com.vaadin.base.devserver.AbstractDevServerRunner.waitForDevServer(AbstractDevServerRunner.java:560)
 app//com.vaadin.base.devserver.DevModeHandlerManagerImpl.lambda$initDevModeHandler$0(DevModeHandlerManagerImpl.java:109)
 app//com.vaadin.base.devserver.DevModeHandlerManagerImpl$$Lambda$1199/0x000001fba66b8668.run(Unknown Source)
 java.base@17.0.12/java.util.concurrent.CompletableFuture$AsyncRun.run(CompletableFuture.java:1804)
 java.base@17.0.12/java.util.concurrent.ThreadPoolExecutor.runWorker(ThreadPoolExecutor.java:1136)
 java.base@17.0.12/java.util.concurrent.ThreadPoolExecutor$Worker.run(ThreadPoolExecutor.java:635)
 java.base@17.0.12/java.lang.Thread.run(Thread.java:842)
2026-01-29T10:01:38.301-05:00  INFO 16672 --- [restartedMain] .s.b.a.l.ConditionEvaluationReportLogger : 

Error starting ApplicationContext. To display the condition evaluation report re-run your application with 'debug' enabled.
2026-01-29T10:01:38.325-05:00 ERROR 16672 --- [restartedMain] o.s.boot.SpringApplication               : Application run failed

org.springframework.beans.factory.BeanCreationException: Error creating bean with name 'geminiService' defined in file [C:\Users\LENOVO I7\Desktop\Proyecto\Proyecto_NvidiaCorp\target\classes\org\proyecto\nvidiacorp\base\controller\services\GeminiService.class]: Unexpected exception during bean creation
	at org.springframework.beans.factory.support.AbstractAutowireCapableBeanFactory.createBean(AbstractAutowireCapableBeanFactory.java:542) ~[spring-beans-6.2.6.jar:6.2.6]
	at org.springframework.beans.factory.support.AbstractBeanFactory.lambda$doGetBean$0(AbstractBeanFactory.java:339) ~[spring-beans-6.2.6.jar:6.2.6]
	at org.springframework.beans.factory.support.DefaultSingletonBeanRegistry.getSingleton(DefaultSingletonBeanRegistry.java:371) ~[spring-beans-6.2.6.jar:6.2.6]
	at org.springframework.beans.factory.support.AbstractBeanFactory.doGetBean(AbstractBeanFactory.java:337) ~[spring-beans-6.2.6.jar:6.2.6]
	at org.springframework.beans.factory.support.AbstractBeanFactory.getBean(AbstractBeanFactory.java:202) ~[spring-beans-6.2.6.jar:6.2.6]
	at org.springframework.beans.factory.support.DefaultListableBeanFactory.instantiateSingleton(DefaultListableBeanFactory.java:1221) ~[spring-beans-6.2.6.jar:6.2.6]
	at org.springframework.beans.factory.support.DefaultListableBeanFactory.preInstantiateSingleton(DefaultListableBeanFactory.java:1187) ~[spring-beans-6.2.6.jar:6.2.6]
	at org.springframework.beans.factory.support.DefaultListableBeanFactory.preInstantiateSingletons(DefaultListableBeanFactory.java:1122) ~[spring-beans-6.2.6.jar:6.2.6]
	at org.springframework.context.support.AbstractApplicationContext.finishBeanFactoryInitialization(AbstractApplicationContext.java:987) ~[spring-context-6.2.6.jar:6.2.6]
	at org.springframework.context.support.AbstractApplicationContext.refresh(AbstractApplicationContext.java:627) ~[spring-context-6.2.6.jar:6.2.6]
	at org.springframework.boot.web.servlet.context.ServletWebServerApplicationContext.refresh(ServletWebServerApplicationContext.java:146) ~[spring-boot-3.4.5.jar:3.4.5]
	at org.springframework.boot.SpringApplication.refresh(SpringApplication.java:753) ~[spring-boot-3.4.5.jar:3.4.5]
	at org.springframework.boot.SpringApplication.refreshContext(SpringApplication.java:439) ~[spring-boot-3.4.5.jar:3.4.5]
	at org.springframework.boot.SpringApplication.run(SpringApplication.java:318) ~[spring-boot-3.4.5.jar:3.4.5]
	at org.springframework.boot.SpringApplication.run(SpringApplication.java:1362) ~[spring-boot-3.4.5.jar:3.4.5]
	at org.springframework.boot.SpringApplication.run(SpringApplication.java:1351) ~[spring-boot-3.4.5.jar:3.4.5]
	at org.proyecto.nvidiacorp.Application.main(Application.java:21) ~[classes/:na]
	at java.base/jdk.internal.reflect.NativeMethodAccessorImpl.invoke0(Native Method) ~[na:na]
	at java.base/jdk.internal.reflect.NativeMethodAccessorImpl.invoke(NativeMethodAccessorImpl.java:77) ~[na:na]
	at java.base/jdk.internal.reflect.DelegatingMethodAccessorImpl.invoke(DelegatingMethodAccessorImpl.java:43) ~[na:na]
	at java.base/java.lang.reflect.Method.invoke(Method.java:568) ~[na:na]
	at org.springframework.boot.devtools.restart.RestartLauncher.run(RestartLauncher.java:50) ~[spring-boot-devtools-3.4.5.jar:3.4.5]
Caused by: org.springframework.util.PlaceholderResolutionException: Could not resolve placeholder 'GEMINI_API_KEY' in value "${GEMINI_API_KEY}" <-- "${gemini.api.key}"
	at org.springframework.util.PlaceholderResolutionException.withValue(PlaceholderResolutionException.java:81) ~[spring-core-6.2.6.jar:6.2.6]
	at org.springframework.util.PlaceholderParser$ParsedValue.resolve(PlaceholderParser.java:423) ~[spring-core-6.2.6.jar:6.2.6]
	at org.springframework.util.PlaceholderParser.replacePlaceholders(PlaceholderParser.java:128) ~[spring-core-6.2.6.jar:6.2.6]
	at org.springframework.util.PropertyPlaceholderHelper.parseStringValue(PropertyPlaceholderHelper.java:118) ~[spring-core-6.2.6.jar:6.2.6]
	at org.springframework.util.PropertyPlaceholderHelper.replacePlaceholders(PropertyPlaceholderHelper.java:114) ~[spring-core-6.2.6.jar:6.2.6]
	at org.springframework.core.env.AbstractPropertyResolver.doResolvePlaceholders(AbstractPropertyResolver.java:255) ~[spring-core-6.2.6.jar:6.2.6]
	at org.springframework.core.env.AbstractPropertyResolver.resolveRequiredPlaceholders(AbstractPropertyResolver.java:226) ~[spring-core-6.2.6.jar:6.2.6]
	at org.springframework.context.support.PropertySourcesPlaceholderConfigurer.lambda$processProperties$0(PropertySourcesPlaceholderConfigurer.java:201) ~[spring-context-6.2.6.jar:6.2.6]
	at org.springframework.beans.factory.support.AbstractBeanFactory.resolveEmbeddedValue(AbstractBeanFactory.java:971) ~[spring-beans-6.2.6.jar:6.2.6]
	at org.springframework.beans.factory.support.DefaultListableBeanFactory.doResolveDependency(DefaultListableBeanFactory.java:1649) ~[spring-beans-6.2.6.jar:6.2.6]
	at org.springframework.beans.factory.support.DefaultListableBeanFactory.resolveDependency(DefaultListableBeanFactory.java:1627) ~[spring-beans-6.2.6.jar:6.2.6]
	at org.springframework.beans.factory.support.ConstructorResolver.resolveAutowiredArgument(ConstructorResolver.java:913) ~[spring-beans-6.2.6.jar:6.2.6]
	at org.springframework.beans.factory.support.ConstructorResolver.createArgumentArray(ConstructorResolver.java:791) ~[spring-beans-6.2.6.jar:6.2.6]
	at org.springframework.beans.factory.support.ConstructorResolver.autowireConstructor(ConstructorResolver.java:240) ~[spring-beans-6.2.6.jar:6.2.6]
	at org.springframework.beans.factory.support.AbstractAutowireCapableBeanFactory.autowireConstructor(AbstractAutowireCapableBeanFactory.java:1387) ~[spring-beans-6.2.6.jar:6.2.6]
	at org.springframework.beans.factory.support.AbstractAutowireCapableBeanFactory.createBeanInstance(AbstractAutowireCapableBeanFactory.java:1224) ~[spring-beans-6.2.6.jar:6.2.6]
	at org.springframework.beans.factory.support.AbstractAutowireCapableBeanFactory.doCreateBean(AbstractAutowireCapableBeanFactory.java:569) ~[spring-beans-6.2.6.jar:6.2.6]
	at org.springframework.beans.factory.support.AbstractAutowireCapableBeanFactory.createBean(AbstractAutowireCapableBeanFactory.java:529) ~[spring-beans-6.2.6.jar:6.2.6]
	... 21 common frames omitted

2026-01-29T10:12:37.162-05:00  INFO 23488 --- [restartedMain] org.proyecto.nvidiacorp.Application      : Starting Application using Java 17.0.12 with PID 23488 (C:\Users\LENOVO I7\Desktop\Proyecto\Proyecto_NvidiaCorp\target\classes started by LENOVO I7 in C:\Users\LENOVO I7\Desktop\Proyecto\Proyecto_NvidiaCorp)
2026-01-29T10:12:37.176-05:00  INFO 23488 --- [restartedMain] org.proyecto.nvidiacorp.Application      : No active profile set, falling back to 1 default profile: "default"
2026-01-29T10:12:37.235-05:00  INFO 23488 --- [restartedMain] .e.DevToolsPropertyDefaultsPostProcessor : Devtools property defaults active! Set 'spring.devtools.add-properties' to 'false' to disable
2026-01-29T10:12:37.235-05:00  INFO 23488 --- [restartedMain] .e.DevToolsPropertyDefaultsPostProcessor : For additional web related logging consider setting the 'logging.level.web' property to 'DEBUG'
2026-01-29T10:12:38.336-05:00  INFO 23488 --- [restartedMain] .s.d.r.c.RepositoryConfigurationDelegate : Bootstrapping Spring Data JPA repositories in DEFAULT mode.
2026-01-29T10:12:38.472-05:00  INFO 23488 --- [restartedMain] .s.d.r.c.RepositoryConfigurationDelegate : Finished Spring Data repository scanning in 123 ms. Found 8 JPA repository interfaces.
2026-01-29T10:12:39.627-05:00  INFO 23488 --- [restartedMain] o.s.b.w.embedded.tomcat.TomcatWebServer  : Tomcat initialized with port 8080 (http)
2026-01-29T10:12:39.628-05:00  INFO 23488 --- [restartedMain] o.apache.catalina.core.StandardService   : Starting service [Tomcat]
2026-01-29T10:12:39.628-05:00  INFO 23488 --- [restartedMain] o.apache.catalina.core.StandardEngine    : Starting Servlet engine: [Apache Tomcat/10.1.40]
2026-01-29T10:12:39.695-05:00  INFO 23488 --- [restartedMain] o.a.c.c.C.[Tomcat].[localhost].[/]       : Initializing Spring embedded WebApplicationContext
2026-01-29T10:12:39.695-05:00  INFO 23488 --- [restartedMain] w.s.c.ServletWebServerApplicationContext : Root WebApplicationContext: initialization completed in 2460 ms
2026-01-29T10:12:40.467-05:00  INFO 23488 --- [restartedMain] o.a.c.c.C.[Tomcat].[localhost].[/]       : Initializing AtmosphereFramework
2026-01-29T10:12:41.658-05:00  INFO 23488 --- [restartedMain] c.v.f.s.VaadinServletContextInitializer  : Search for subclasses and classes with annotations took 888 ms
2026-01-29T10:12:42.115-05:00  INFO 23488 --- [restartedMain] c.v.b.d.startup.DevModeStartupListener   : Starting dev-mode updaters in C:\Users\LENOVO I7\Desktop\Proyecto\Proyecto_NvidiaCorp folder.
2026-01-29T10:12:42.190-05:00  INFO 23488 --- [restartedMain] c.v.f.s.f.s.FullDependenciesScanner      : Visited 111 classes. Took 46 ms.
2026-01-29T10:12:42.632-05:00  INFO 23488 --- [vaadin-dev-server-1] c.v.f.s.frontend.TaskUpdatePackages      : Skipping `npm install` because the frontend packages are already installed in the folder 'C:\Users\LENOVO I7\Desktop\Proyecto\Proyecto_NvidiaCorp\node_modules' and the hash in the file 'C:\Users\LENOVO I7\Desktop\Proyecto\Proyecto_NvidiaCorp\node_modules\.vaadin\vaadin.json' is the same as in 'package.json'
2026-01-29T10:12:42.634-05:00  INFO 23488 --- [vaadin-dev-server-1] c.v.f.s.frontend.TaskCopyFrontendFiles   : Copying frontend resources from jar files ...
2026-01-29T10:12:42.747-05:00  INFO 23488 --- [vaadin-dev-server-1] c.v.f.s.frontend.TaskCopyFrontendFiles   : Visited 22 resources. Took 112 ms.
2026-01-29T10:12:42.939-05:00  INFO 23488 --- [restartedMain] o.hibernate.jpa.internal.util.LogHelper  : HHH000204: Processing PersistenceUnitInfo [name: default]
2026-01-29T10:12:43.094-05:00  INFO 23488 --- [restartedMain] org.hibernate.Version                    : HHH000412: Hibernate ORM core version 6.6.13.Final
2026-01-29T10:12:43.122-05:00  INFO 23488 --- [restartedMain] o.h.c.internal.RegionFactoryInitiator    : HHH000026: Second-level cache disabled
2026-01-29T10:12:43.291-05:00  INFO 23488 --- [restartedMain] o.s.o.j.p.SpringPersistenceUnitInfo      : No LoadTimeWeaver setup: ignoring JPA class transformer
2026-01-29T10:12:43.316-05:00  INFO 23488 --- [restartedMain] com.zaxxer.hikari.HikariDataSource       : HikariPool-1 - Starting...
2026-01-29T10:12:43.416-05:00  INFO 23488 --- [restartedMain] com.zaxxer.hikari.pool.HikariPool        : HikariPool-1 - Added connection org.mariadb.jdbc.Connection@48d69c0e
2026-01-29T10:12:43.416-05:00  INFO 23488 --- [restartedMain] com.zaxxer.hikari.HikariDataSource       : HikariPool-1 - Start completed.
2026-01-29T10:12:43.445-05:00  WARN 23488 --- [restartedMain] org.hibernate.orm.deprecation            : HHH90000025: MariaDBDialect does not need to be specified explicitly using 'hibernate.dialect' (remove the property setting and it will be selected by default)
2026-01-29T10:12:43.462-05:00  INFO 23488 --- [restartedMain] org.hibernate.orm.connections.pooling    : HHH10001005: Database info:
	Database JDBC URL [Connecting through datasource 'HikariDataSource (HikariPool-1)']
	Database driver: undefined/unknown
	Database version: 10.4.32
	Autocommit mode: undefined/unknown
	Isolation level: undefined/unknown
	Minimum pool size: undefined/unknown
	Maximum pool size: undefined/unknown
2026-01-29T10:12:44.341-05:00  INFO 23488 --- [restartedMain] o.h.e.t.j.p.i.JtaPlatformInitiator       : HHH000489: No JTA platform available (set 'hibernate.transaction.jta.platform' to enable JTA platform integration)
2026-01-29T10:12:44.553-05:00  INFO 23488 --- [restartedMain] j.LocalContainerEntityManagerFactoryBean : Initialized JPA EntityManagerFactory for persistence unit 'default'
2026-01-29T10:12:44.992-05:00  WARN 23488 --- [restartedMain] ConfigServletWebServerApplicationContext : Exception encountered during context initialization - cancelling refresh attempt: org.springframework.beans.factory.BeanCreationException: Error creating bean with name 'geminiService' defined in file [C:\Users\LENOVO I7\Desktop\Proyecto\Proyecto_NvidiaCorp\target\classes\org\proyecto\nvidiacorp\base\controller\services\GeminiService.class]: Unexpected exception during bean creation
2026-01-29T10:12:44.992-05:00  INFO 23488 --- [restartedMain] j.LocalContainerEntityManagerFactoryBean : Closing JPA EntityManagerFactory for persistence unit 'default'
2026-01-29T10:12:44.992-05:00  INFO 23488 --- [restartedMain] com.zaxxer.hikari.HikariDataSource       : HikariPool-1 - Shutdown initiated...
2026-01-29T10:12:45.164-05:00  INFO 23488 --- [restartedMain] com.zaxxer.hikari.HikariDataSource       : HikariPool-1 - Shutdown completed.
2026-01-29T10:12:45.164-05:00  INFO 23488 --- [restartedMain] o.apache.catalina.core.StandardService   : Stopping service [Tomcat]
2026-01-29T10:12:45.177-05:00  WARN 23488 --- [restartedMain] o.a.c.loader.WebappClassLoaderBase       : The web application [ROOT] appears to have started a thread named [JNA Cleaner] but has failed to stop it. This is very likely to create a memory leak. Stack trace of thread:
 java.base@17.0.12/java.lang.Object.wait(Native Method)
 java.base@17.0.12/java.lang.ref.ReferenceQueue.remove(ReferenceQueue.java:155)
 app//com.sun.jna.internal.Cleaner$CleanerThread.run(Cleaner.java:154)
2026-01-29T10:12:45.178-05:00  WARN 23488 --- [restartedMain] o.a.c.loader.WebappClassLoaderBase       : The web application [ROOT] appears to have started a thread named [vaadin-dev-server-1] but has failed to stop it. This is very likely to create a memory leak. Stack trace of thread:
 java.base@17.0.12/java.lang.Thread.sleep(Native Method)
 app//com.vaadin.base.devserver.startup.DevModeInitializer.lambda$initDevModeHandler$0(DevModeInitializer.java:346)
 app//com.vaadin.base.devserver.startup.DevModeInitializer$$Lambda$1192/0x00000170d26b2b40.run(Unknown Source)
 java.base@17.0.12/java.util.concurrent.CompletableFuture$AsyncRun.run(CompletableFuture.java:1804)
 java.base@17.0.12/java.util.concurrent.ThreadPoolExecutor.runWorker(ThreadPoolExecutor.java:1136)
 java.base@17.0.12/java.util.concurrent.ThreadPoolExecutor$Worker.run(ThreadPoolExecutor.java:635)
 java.base@17.0.12/java.lang.Thread.run(Thread.java:842)
2026-01-29T10:12:45.178-05:00  WARN 23488 --- [restartedMain] o.a.c.loader.WebappClassLoaderBase       : The web application [ROOT] appears to have started a thread named [vaadin-dev-server-2] but has failed to stop it. This is very likely to create a memory leak. Stack trace of thread:
 java.base@17.0.12/jdk.internal.misc.Unsafe.park(Native Method)
 java.base@17.0.12/java.util.concurrent.locks.LockSupport.park(LockSupport.java:211)
 java.base@17.0.12/java.util.concurrent.CompletableFuture$Signaller.block(CompletableFuture.java:1864)
 java.base@17.0.12/java.util.concurrent.ForkJoinPool.unmanagedBlock(ForkJoinPool.java:3465)
 java.base@17.0.12/java.util.concurrent.ForkJoinPool.managedBlock(ForkJoinPool.java:3436)
 java.base@17.0.12/java.util.concurrent.CompletableFuture.waitingGet(CompletableFuture.java:1898)
 java.base@17.0.12/java.util.concurrent.CompletableFuture.join(CompletableFuture.java:2117)
 app//com.vaadin.base.devserver.AbstractDevServerRunner.waitForDevServer(AbstractDevServerRunner.java:560)
 app//com.vaadin.base.devserver.DevModeHandlerManagerImpl.lambda$initDevModeHandler$0(DevModeHandlerManagerImpl.java:109)
 app//com.vaadin.base.devserver.DevModeHandlerManagerImpl$$Lambda$1198/0x00000170d26b7220.run(Unknown Source)
 java.base@17.0.12/java.util.concurrent.CompletableFuture$AsyncRun.run(CompletableFuture.java:1804)
 java.base@17.0.12/java.util.concurrent.ThreadPoolExecutor.runWorker(ThreadPoolExecutor.java:1136)
 java.base@17.0.12/java.util.concurrent.ThreadPoolExecutor$Worker.run(ThreadPoolExecutor.java:635)
 java.base@17.0.12/java.lang.Thread.run(Thread.java:842)
2026-01-29T10:12:45.186-05:00  INFO 23488 --- [restartedMain] .s.b.a.l.ConditionEvaluationReportLogger : 

Error starting ApplicationContext. To display the condition evaluation report re-run your application with 'debug' enabled.
2026-01-29T10:12:45.213-05:00 ERROR 23488 --- [restartedMain] o.s.boot.SpringApplication               : Application run failed

org.springframework.beans.factory.BeanCreationException: Error creating bean with name 'geminiService' defined in file [C:\Users\LENOVO I7\Desktop\Proyecto\Proyecto_NvidiaCorp\target\classes\org\proyecto\nvidiacorp\base\controller\services\GeminiService.class]: Unexpected exception during bean creation
	at org.springframework.beans.factory.support.AbstractAutowireCapableBeanFactory.createBean(AbstractAutowireCapableBeanFactory.java:542) ~[spring-beans-6.2.6.jar:6.2.6]
	at org.springframework.beans.factory.support.AbstractBeanFactory.lambda$doGetBean$0(AbstractBeanFactory.java:339) ~[spring-beans-6.2.6.jar:6.2.6]
	at org.springframework.beans.factory.support.DefaultSingletonBeanRegistry.getSingleton(DefaultSingletonBeanRegistry.java:371) ~[spring-beans-6.2.6.jar:6.2.6]
	at org.springframework.beans.factory.support.AbstractBeanFactory.doGetBean(AbstractBeanFactory.java:337) ~[spring-beans-6.2.6.jar:6.2.6]
	at org.springframework.beans.factory.support.AbstractBeanFactory.getBean(AbstractBeanFactory.java:202) ~[spring-beans-6.2.6.jar:6.2.6]
	at org.springframework.beans.factory.support.DefaultListableBeanFactory.instantiateSingleton(DefaultListableBeanFactory.java:1221) ~[spring-beans-6.2.6.jar:6.2.6]
	at org.springframework.beans.factory.support.DefaultListableBeanFactory.preInstantiateSingleton(DefaultListableBeanFactory.java:1187) ~[spring-beans-6.2.6.jar:6.2.6]
	at org.springframework.beans.factory.support.DefaultListableBeanFactory.preInstantiateSingletons(DefaultListableBeanFactory.java:1122) ~[spring-beans-6.2.6.jar:6.2.6]
	at org.springframework.context.support.AbstractApplicationContext.finishBeanFactoryInitialization(AbstractApplicationContext.java:987) ~[spring-context-6.2.6.jar:6.2.6]
	at org.springframework.context.support.AbstractApplicationContext.refresh(AbstractApplicationContext.java:627) ~[spring-context-6.2.6.jar:6.2.6]
	at org.springframework.boot.web.servlet.context.ServletWebServerApplicationContext.refresh(ServletWebServerApplicationContext.java:146) ~[spring-boot-3.4.5.jar:3.4.5]
	at org.springframework.boot.SpringApplication.refresh(SpringApplication.java:753) ~[spring-boot-3.4.5.jar:3.4.5]
	at org.springframework.boot.SpringApplication.refreshContext(SpringApplication.java:439) ~[spring-boot-3.4.5.jar:3.4.5]
	at org.springframework.boot.SpringApplication.run(SpringApplication.java:318) ~[spring-boot-3.4.5.jar:3.4.5]
	at org.springframework.boot.SpringApplication.run(SpringApplication.java:1362) ~[spring-boot-3.4.5.jar:3.4.5]
	at org.springframework.boot.SpringApplication.run(SpringApplication.java:1351) ~[spring-boot-3.4.5.jar:3.4.5]
	at org.proyecto.nvidiacorp.Application.main(Application.java:21) ~[classes/:na]
	at java.base/jdk.internal.reflect.NativeMethodAccessorImpl.invoke0(Native Method) ~[na:na]
	at java.base/jdk.internal.reflect.NativeMethodAccessorImpl.invoke(NativeMethodAccessorImpl.java:77) ~[na:na]
	at java.base/jdk.internal.reflect.DelegatingMethodAccessorImpl.invoke(DelegatingMethodAccessorImpl.java:43) ~[na:na]
	at java.base/java.lang.reflect.Method.invoke(Method.java:568) ~[na:na]
	at org.springframework.boot.devtools.restart.RestartLauncher.run(RestartLauncher.java:50) ~[spring-boot-devtools-3.4.5.jar:3.4.5]
Caused by: org.springframework.util.PlaceholderResolutionException: Could not resolve placeholder 'GEMINI_API_KEY' in value "${GEMINI_API_KEY}" <-- "${gemini.api.key}"
	at org.springframework.util.PlaceholderResolutionException.withValue(PlaceholderResolutionException.java:81) ~[spring-core-6.2.6.jar:6.2.6]
	at org.springframework.util.PlaceholderParser$ParsedValue.resolve(PlaceholderParser.java:423) ~[spring-core-6.2.6.jar:6.2.6]
	at org.springframework.util.PlaceholderParser.replacePlaceholders(PlaceholderParser.java:128) ~[spring-core-6.2.6.jar:6.2.6]
	at org.springframework.util.PropertyPlaceholderHelper.parseStringValue(PropertyPlaceholderHelper.java:118) ~[spring-core-6.2.6.jar:6.2.6]
	at org.springframework.util.PropertyPlaceholderHelper.replacePlaceholders(PropertyPlaceholderHelper.java:114) ~[spring-core-6.2.6.jar:6.2.6]
	at org.springframework.core.env.AbstractPropertyResolver.doResolvePlaceholders(AbstractPropertyResolver.java:255) ~[spring-core-6.2.6.jar:6.2.6]
	at org.springframework.core.env.AbstractPropertyResolver.resolveRequiredPlaceholders(AbstractPropertyResolver.java:226) ~[spring-core-6.2.6.jar:6.2.6]
	at org.springframework.context.support.PropertySourcesPlaceholderConfigurer.lambda$processProperties$0(PropertySourcesPlaceholderConfigurer.java:201) ~[spring-context-6.2.6.jar:6.2.6]
	at org.springframework.beans.factory.support.AbstractBeanFactory.resolveEmbeddedValue(AbstractBeanFactory.java:971) ~[spring-beans-6.2.6.jar:6.2.6]
	at org.springframework.beans.factory.support.DefaultListableBeanFactory.doResolveDependency(DefaultListableBeanFactory.java:1649) ~[spring-beans-6.2.6.jar:6.2.6]
	at org.springframework.beans.factory.support.DefaultListableBeanFactory.resolveDependency(DefaultListableBeanFactory.java:1627) ~[spring-beans-6.2.6.jar:6.2.6]
	at org.springframework.beans.factory.support.ConstructorResolver.resolveAutowiredArgument(ConstructorResolver.java:913) ~[spring-beans-6.2.6.jar:6.2.6]
	at org.springframework.beans.factory.support.ConstructorResolver.createArgumentArray(ConstructorResolver.java:791) ~[spring-beans-6.2.6.jar:6.2.6]
	at org.springframework.beans.factory.support.ConstructorResolver.autowireConstructor(ConstructorResolver.java:240) ~[spring-beans-6.2.6.jar:6.2.6]
	at org.springframework.beans.factory.support.AbstractAutowireCapableBeanFactory.autowireConstructor(AbstractAutowireCapableBeanFactory.java:1387) ~[spring-beans-6.2.6.jar:6.2.6]
	at org.springframework.beans.factory.support.AbstractAutowireCapableBeanFactory.createBeanInstance(AbstractAutowireCapableBeanFactory.java:1224) ~[spring-beans-6.2.6.jar:6.2.6]
	at org.springframework.beans.factory.support.AbstractAutowireCapableBeanFactory.doCreateBean(AbstractAutowireCapableBeanFactory.java:569) ~[spring-beans-6.2.6.jar:6.2.6]
	at org.springframework.beans.factory.support.AbstractAutowireCapableBeanFactory.createBean(AbstractAutowireCapableBeanFactory.java:529) ~[spring-beans-6.2.6.jar:6.2.6]
	... 21 common frames omitted

2026-01-29T10:14:46.950-05:00  INFO 18284 --- [restartedMain] org.proyecto.nvidiacorp.Application      : Starting Application using Java 17.0.12 with PID 18284 (C:\Users\LENOVO I7\Desktop\Proyecto\Proyecto_NvidiaCorp\target\classes started by LENOVO I7 in C:\Users\LENOVO I7\Desktop\Proyecto\Proyecto_NvidiaCorp)
2026-01-29T10:14:46.958-05:00  INFO 18284 --- [restartedMain] org.proyecto.nvidiacorp.Application      : No active profile set, falling back to 1 default profile: "default"
2026-01-29T10:14:47.075-05:00  INFO 18284 --- [restartedMain] .e.DevToolsPropertyDefaultsPostProcessor : Devtools property defaults active! Set 'spring.devtools.add-properties' to 'false' to disable
2026-01-29T10:14:47.075-05:00  INFO 18284 --- [restartedMain] .e.DevToolsPropertyDefaultsPostProcessor : For additional web related logging consider setting the 'logging.level.web' property to 'DEBUG'
2026-01-29T10:14:48.749-05:00  INFO 18284 --- [restartedMain] .s.d.r.c.RepositoryConfigurationDelegate : Bootstrapping Spring Data JPA repositories in DEFAULT mode.
2026-01-29T10:14:48.939-05:00  INFO 18284 --- [restartedMain] .s.d.r.c.RepositoryConfigurationDelegate : Finished Spring Data repository scanning in 189 ms. Found 8 JPA repository interfaces.
2026-01-29T10:14:50.913-05:00  INFO 18284 --- [restartedMain] o.s.b.w.embedded.tomcat.TomcatWebServer  : Tomcat initialized with port 8080 (http)
2026-01-29T10:14:50.934-05:00  INFO 18284 --- [restartedMain] o.apache.catalina.core.StandardService   : Starting service [Tomcat]
2026-01-29T10:14:50.934-05:00  INFO 18284 --- [restartedMain] o.apache.catalina.core.StandardEngine    : Starting Servlet engine: [Apache Tomcat/10.1.40]
2026-01-29T10:14:51.065-05:00  INFO 18284 --- [restartedMain] o.a.c.c.C.[Tomcat].[localhost].[/]       : Initializing Spring embedded WebApplicationContext
2026-01-29T10:14:51.065-05:00  INFO 18284 --- [restartedMain] w.s.c.ServletWebServerApplicationContext : Root WebApplicationContext: initialization completed in 3989 ms
2026-01-29T10:14:52.509-05:00  INFO 18284 --- [restartedMain] o.a.c.c.C.[Tomcat].[localhost].[/]       : Initializing AtmosphereFramework
2026-01-29T10:14:54.828-05:00  INFO 18284 --- [restartedMain] c.v.f.s.VaadinServletContextInitializer  : Search for subclasses and classes with annotations took 1809 ms
2026-01-29T10:14:55.511-05:00  INFO 18284 --- [restartedMain] c.v.b.d.startup.DevModeStartupListener   : Starting dev-mode updaters in C:\Users\LENOVO I7\Desktop\Proyecto\Proyecto_NvidiaCorp folder.
2026-01-29T10:14:55.651-05:00  INFO 18284 --- [restartedMain] c.v.f.s.f.s.FullDependenciesScanner      : Visited 111 classes. Took 74 ms.
2026-01-29T10:14:56.631-05:00  INFO 18284 --- [vaadin-dev-server-1] c.v.f.s.frontend.TaskUpdatePackages      : Skipping `npm install` because the frontend packages are already installed in the folder 'C:\Users\LENOVO I7\Desktop\Proyecto\Proyecto_NvidiaCorp\node_modules' and the hash in the file 'C:\Users\LENOVO I7\Desktop\Proyecto\Proyecto_NvidiaCorp\node_modules\.vaadin\vaadin.json' is the same as in 'package.json'
2026-01-29T10:14:56.642-05:00  INFO 18284 --- [vaadin-dev-server-1] c.v.f.s.frontend.TaskCopyFrontendFiles   : Copying frontend resources from jar files ...
2026-01-29T10:14:56.887-05:00  INFO 18284 --- [vaadin-dev-server-1] c.v.f.s.frontend.TaskCopyFrontendFiles   : Visited 22 resources. Took 252 ms.
2026-01-29T10:14:57.153-05:00  INFO 18284 --- [restartedMain] o.hibernate.jpa.internal.util.LogHelper  : HHH000204: Processing PersistenceUnitInfo [name: default]
2026-01-29T10:14:57.368-05:00  INFO 18284 --- [restartedMain] org.hibernate.Version                    : HHH000412: Hibernate ORM core version 6.6.13.Final
2026-01-29T10:14:57.424-05:00  INFO 18284 --- [restartedMain] o.h.c.internal.RegionFactoryInitiator    : HHH000026: Second-level cache disabled
2026-01-29T10:14:57.796-05:00  INFO 18284 --- [restartedMain] o.s.o.j.p.SpringPersistenceUnitInfo      : No LoadTimeWeaver setup: ignoring JPA class transformer
2026-01-29T10:14:57.837-05:00  INFO 18284 --- [restartedMain] com.zaxxer.hikari.HikariDataSource       : HikariPool-1 - Starting...
2026-01-29T10:14:57.992-05:00  INFO 18284 --- [restartedMain] com.zaxxer.hikari.pool.HikariPool        : HikariPool-1 - Added connection org.mariadb.jdbc.Connection@48d69c0e
2026-01-29T10:14:57.992-05:00  INFO 18284 --- [restartedMain] com.zaxxer.hikari.HikariDataSource       : HikariPool-1 - Start completed.
2026-01-29T10:14:58.027-05:00  WARN 18284 --- [restartedMain] org.hibernate.orm.deprecation            : HHH90000025: MariaDBDialect does not need to be specified explicitly using 'hibernate.dialect' (remove the property setting and it will be selected by default)
2026-01-29T10:14:58.064-05:00  INFO 18284 --- [restartedMain] org.hibernate.orm.connections.pooling    : HHH10001005: Database info:
	Database JDBC URL [Connecting through datasource 'HikariDataSource (HikariPool-1)']
	Database driver: undefined/unknown
	Database version: 10.4.32
	Autocommit mode: undefined/unknown
	Isolation level: undefined/unknown
	Minimum pool size: undefined/unknown
	Maximum pool size: undefined/unknown
2026-01-29T10:15:00.004-05:00  INFO 18284 --- [restartedMain] o.h.e.t.j.p.i.JtaPlatformInitiator       : HHH000489: No JTA platform available (set 'hibernate.transaction.jta.platform' to enable JTA platform integration)
2026-01-29T10:15:00.171-05:00  INFO 18284 --- [restartedMain] j.LocalContainerEntityManagerFactoryBean : Initialized JPA EntityManagerFactory for persistence unit 'default'
2026-01-29T10:15:02.747-05:00  INFO 18284 --- [restartedMain] o.s.b.a.e.web.EndpointLinksResolver      : Exposing 1 endpoint beneath base path '/actuator'
2026-01-29T10:15:02.926-05:00  WARN 18284 --- [restartedMain] o.s.s.c.a.web.builders.WebSecurity       : You are asking Spring Security to ignore Or [Ant [pattern='/manifest.webmanifest'], Ant [pattern='/sw.js'], Ant [pattern='/sw-runtime-resources-precache.js'], Ant [pattern='/offline.html'], Ant [pattern='/offline-stub.html'], Ant [pattern='/icons/icon.png'], Ant [pattern='/themes/**'], Ant [pattern='/icons/icon-144x144.png'], Ant [pattern='/icons/icon-192x192.png'], Ant [pattern='/icons/icon-512x512.png'], Ant [pattern='/icons/icon-16x16.png'], Ant [pattern='/icons/icon-32x32.png'], Ant [pattern='/icons/icon-96x96.png'], Ant [pattern='/icons/icon-180x180.png'], Ant [pattern='/icons/icon-2048x2732.png'], Ant [pattern='/icons/icon-2732x2048.png'], Ant [pattern='/icons/icon-1668x2388.png'], Ant [pattern='/icons/icon-2388x1668.png'], Ant [pattern='/icons/icon-1668x2224.png'], Ant [pattern='/icons/icon-2224x1668.png'], Ant [pattern='/icons/icon-1620x2160.png'], Ant [pattern='/icons/icon-2160x1620.png'], Ant [pattern='/icons/icon-1536x2048.png'], Ant [pattern='/icons/icon-2048x1536.png'], Ant [pattern='/icons/icon-1284x2778.png'], Ant [pattern='/icons/icon-2778x1284.png'], Ant [pattern='/icons/icon-1170x2532.png'], Ant [pattern='/icons/icon-2532x1170.png'], Ant [pattern='/icons/icon-1125x2436.png'], Ant [pattern='/icons/icon-2436x1125.png'], Ant [pattern='/icons/icon-1242x2688.png'], Ant [pattern='/icons/icon-2688x1242.png'], Ant [pattern='/icons/icon-828x1792.png'], Ant [pattern='/icons/icon-1792x828.png'], Ant [pattern='/icons/icon-1242x2208.png'], Ant [pattern='/icons/icon-2208x1242.png'], Ant [pattern='/icons/icon-750x1334.png'], Ant [pattern='/icons/icon-1334x750.png'], Ant [pattern='/icons/icon-640x1136.png'], Ant [pattern='/icons/icon-1136x640.png'], Ant [pattern='/favicon.ico']]. This is not recommended -- please use permitAll via HttpSecurity#authorizeHttpRequests instead.
2026-01-29T10:15:02.926-05:00  WARN 18284 --- [restartedMain] o.s.s.c.a.web.builders.WebSecurity       : You are asking Spring Security to ignore Ant [pattern='static/**']. This is not recommended -- please use permitAll via HttpSecurity#authorizeHttpRequests instead.
2026-01-29T10:15:05.715-05:00  INFO 18284 --- [restartedMain] o.s.b.d.a.OptionalLiveReloadServer       : LiveReload server is running on port 35729
2026-01-29T10:15:10.087-05:00  INFO 18284 --- [restartedMain] c.v.f.s.DefaultDeploymentConfiguration   : 
Vaadin is running in DEVELOPMENT mode - do not use for production deployments.
2026-01-29T10:15:10.156-05:00  INFO 18284 --- [restartedMain] c.vaadin.flow.spring.SpringInstantiator  : The number of beans implementing 'I18NProvider' is 0. Cannot use Spring beans for I18N, falling back to the default behavior
2026-01-29T10:15:10.289-05:00  INFO 18284 --- [restartedMain] o.s.b.w.embedded.tomcat.TomcatWebServer  : Tomcat started on port 8080 (http) with context path '/'
2026-01-29T10:15:10.311-05:00  INFO 18284 --- [restartedMain] org.proyecto.nvidiacorp.Application      : Started Application in 24.03 seconds (process running for 24.831)
2026-01-29T10:15:10.334-05:00  INFO 18284 --- [ForkJoinPool.commonPool-worker-1] c.v.b.devserver.AbstractDevServerRunner  : Starting Vite
2026-01-29T10:15:10.377-05:00  INFO 18284 --- [restartedMain] o.proyecto.nvidiacorp.base.DataLoader    : =================================================
2026-01-29T10:15:10.378-05:00  INFO 18284 --- [restartedMain] o.proyecto.nvidiacorp.base.DataLoader    : ? INICIANDO CARGA MASIVA DE DATOS ?
2026-01-29T10:15:10.378-05:00  INFO 18284 --- [restartedMain] o.proyecto.nvidiacorp.base.DataLoader    : =================================================
2026-01-29T10:15:11.087-05:00  INFO 18284 --- [restartedMain] o.proyecto.nvidiacorp.base.DataLoader    : ?? Rol ya tiene datos (omitido).
2026-01-29T10:15:11.119-05:00  INFO 18284 --- [restartedMain] o.proyecto.nvidiacorp.base.DataLoader    : ?? Persona ya tiene datos (omitido).
2026-01-29T10:15:11.135-05:00  INFO 18284 --- [restartedMain] o.proyecto.nvidiacorp.base.DataLoader    : ?? Marca ya tiene datos (omitido).
2026-01-29T10:15:11.163-05:00  INFO 18284 --- [restartedMain] o.proyecto.nvidiacorp.base.DataLoader    : ?? Usuario ya tiene datos (omitido).
2026-01-29T10:15:11.187-05:00  INFO 18284 --- [ForkJoinPool.commonPool-worker-1] c.v.b.devserver.AbstractDevServerRunner  : Running Vite to compile frontend resources. This may take a moment, please stand by...
2026-01-29T10:15:11.188-05:00  INFO 18284 --- [restartedMain] o.proyecto.nvidiacorp.base.DataLoader    : ?? Producto ya tiene datos (omitido).
2026-01-29T10:15:11.267-05:00  WARN 18284 --- [restartedMain] o.m.jdbc.message.server.ErrorPacket      : Error: 1048-23000: Column 'entregado' cannot be null
2026-01-29T10:15:11.268-05:00  WARN 18284 --- [restartedMain] o.h.engine.jdbc.spi.SqlExceptionHelper   : SQL Error: 1048, SQLState: 23000
2026-01-29T10:15:11.269-05:00 ERROR 18284 --- [restartedMain] o.h.engine.jdbc.spi.SqlExceptionHelper   : (conn=107) Column 'entregado' cannot be null
2026-01-29T10:15:11.284-05:00 ERROR 18284 --- [restartedMain] o.proyecto.nvidiacorp.base.DataLoader    : ? ERROR cargando Factura: could not execute statement [(conn=107) Column 'entregado' cannot be null] [insert into factura (entregado,fecha,id_orden_pedido,id_persona,iva,metodo_pago,sub_total,total) values (?,?,?,?,?,?,?,?)]; SQL [insert into factura (entregado,fecha,id_orden_pedido,id_persona,iva,metodo_pago,sub_total,total) values (?,?,?,?,?,?,?,?)]; constraint [null]
2026-01-29T10:15:11.313-05:00  INFO 18284 --- [restartedMain] o.proyecto.nvidiacorp.base.DataLoader    : ?? Pago ya tiene datos (omitido).
2026-01-29T10:15:11.313-05:00  INFO 18284 --- [restartedMain] o.proyecto.nvidiacorp.base.DataLoader    : =================================================
2026-01-29T10:15:11.313-05:00  INFO 18284 --- [restartedMain] o.proyecto.nvidiacorp.base.DataLoader    : ? CARGA MASIVA FINALIZADA ?
2026-01-29T10:15:13.462-05:00  INFO 18284 --- [dev-server-output] c.v.b.devserver.DevServerOutputTracker   : 
2026-01-29T10:15:13.462-05:00  INFO 18284 --- [dev-server-output] c.v.b.devserver.DevServerOutputTracker   :   VITE v6.3.4  ready in 2211 ms
2026-01-29T10:15:13.462-05:00  INFO 18284 --- [dev-server-output] c.v.b.devserver.DevServerOutputTracker   : 
2026-01-29T10:15:13.462-05:00  INFO 18284 --- [ForkJoinPool.commonPool-worker-1] c.v.b.devserver.AbstractDevServerRunner  : Started Vite. Time: 3138ms
2026-01-29T10:15:13.462-05:00  INFO 18284 --- [dev-server-output] c.v.b.devserver.DevServerOutputTracker   :   ?  Local:   http://127.0.0.1:58023/VAADIN/
2026-01-29T10:15:13.483-05:00  INFO 18284 --- [vaadin-dev-server-2] c.v.b.d.DevModeHandlerManagerImpl        : Application running at http://localhost:8080/
2026-01-29T10:15:17.468-05:00  INFO 18284 --- [dev-server-output] c.v.b.devserver.DevServerOutputTracker   : 
2026-01-29T10:15:17.468-05:00  INFO 18284 --- [dev-server-output] c.v.b.devserver.DevServerOutputTracker   :  ERROR(TypeScript)  Property 'user' does not exist on type 'AuthContextType'.
2026-01-29T10:15:17.468-05:00  INFO 18284 --- [dev-server-output] c.v.b.devserver.DevServerOutputTracker   :  FILE  C:/Users/LENOVO I7/Desktop/Proyecto/Proyecto_NvidiaCorp/src/main/frontend/components/Navbar.tsx:12:11
2026-01-29T10:15:17.468-05:00  INFO 18284 --- [dev-server-output] c.v.b.devserver.DevServerOutputTracker   : 
2026-01-29T10:15:17.468-05:00  INFO 18284 --- [dev-server-output] c.v.b.devserver.DevServerOutputTracker   :     10 |   const navigate = useNavigate();
2026-01-29T10:15:17.468-05:00  INFO 18284 --- [dev-server-output] c.v.b.devserver.DevServerOutputTracker   :     11 |   const location = useLocation(); // <-- Obtiene el objeto location
2026-01-29T10:15:17.468-05:00  INFO 18284 --- [dev-server-output] c.v.b.devserver.DevServerOutputTracker   :   > 12 |   const { user } = useAuth();
2026-01-29T10:15:17.468-05:00  INFO 18284 --- [dev-server-output] c.v.b.devserver.DevServerOutputTracker   :        |           ^^^^
2026-01-29T10:15:17.468-05:00  INFO 18284 --- [dev-server-output] c.v.b.devserver.DevServerOutputTracker   :     13 |
2026-01-29T10:15:17.468-05:00  INFO 18284 --- [dev-server-output] c.v.b.devserver.DevServerOutputTracker   :     14 |   console.log("Usuario autenticado:", user); // <-- Agrega esto
2026-01-29T10:15:17.468-05:00  INFO 18284 --- [dev-server-output] c.v.b.devserver.DevServerOutputTracker   :     15 |
2026-01-29T10:15:17.468-05:00  INFO 18284 --- [dev-server-output] c.v.b.devserver.DevServerOutputTracker   : 
2026-01-29T10:15:17.468-05:00  INFO 18284 --- [dev-server-output] c.v.b.devserver.DevServerOutputTracker   :  ERROR(TypeScript)  Type 'Marca | undefined' is not assignable to type 'Marca'.
2026-01-29T10:15:17.468-05:00  INFO 18284 --- [dev-server-output] c.v.b.devserver.DevServerOutputTracker   :   Type 'undefined' is not assignable to type 'Marca'.
2026-01-29T10:15:17.468-05:00  INFO 18284 --- [dev-server-output] c.v.b.devserver.DevServerOutputTracker   :  FILE  C:/Users/LENOVO I7/Desktop/Proyecto/Proyecto_NvidiaCorp/src/main/frontend/views/_producto-admin.tsx:47:68
2026-01-29T10:15:17.468-05:00  INFO 18284 --- [dev-server-output] c.v.b.devserver.DevServerOutputTracker   : 
2026-01-29T10:15:17.468-05:00  INFO 18284 --- [dev-server-output] c.v.b.devserver.DevServerOutputTracker   :     45 |         // Carga de marcas
2026-01-29T10:15:17.468-05:00  INFO 18284 --- [dev-server-output] c.v.b.devserver.DevServerOutputTracker   :     46 |         MarcaService.listAllMarcas().then(result => {
2026-01-29T10:15:17.484-05:00  INFO 18284 --- [dev-server-output] c.v.b.devserver.DevServerOutputTracker   :   > 47 |              setMarcas([{ id: 0, nombre: 'Seleccione una marca' }, ...(result || [])]);
2026-01-29T10:15:17.484-05:00  INFO 18284 --- [dev-server-output] c.v.b.devserver.DevServerOutputTracker   :        |                                                                    ^^^^^^^^^^^^^^^^^
2026-01-29T10:15:17.484-05:00  INFO 18284 --- [dev-server-output] c.v.b.devserver.DevServerOutputTracker   :     48 |         }).catch(console.error);
2026-01-29T10:15:17.484-05:00  INFO 18284 --- [dev-server-output] c.v.b.devserver.DevServerOutputTracker   :     49 |     }, []);
2026-01-29T10:15:17.484-05:00  INFO 18284 --- [dev-server-output] c.v.b.devserver.DevServerOutputTracker   :     50 |
2026-01-29T10:15:17.485-05:00  INFO 18284 --- [dev-server-output] c.v.b.devserver.DevServerOutputTracker   : 
2026-01-29T10:15:17.485-05:00  INFO 18284 --- [dev-server-output] c.v.b.devserver.DevServerOutputTracker   :  ERROR(TypeScript)  Type 'number' is not assignable to type 'string'.
2026-01-29T10:15:17.485-05:00  INFO 18284 --- [dev-server-output] c.v.b.devserver.DevServerOutputTracker   :  FILE  C:/Users/LENOVO I7/Desktop/Proyecto/Proyecto_NvidiaCorp/src/main/frontend/views/_producto-admin.tsx:98:25
2026-01-29T10:15:17.485-05:00  INFO 18284 --- [dev-server-output] c.v.b.devserver.DevServerOutputTracker   : 
2026-01-29T10:15:17.485-05:00  INFO 18284 --- [dev-server-output] c.v.b.devserver.DevServerOutputTracker   :      96 |                         itemLabelPath="nombre"
2026-01-29T10:15:17.485-05:00  INFO 18284 --- [dev-server-output] c.v.b.devserver.DevServerOutputTracker   :      97 |                         itemValuePath="id"
2026-01-29T10:15:17.485-05:00  INFO 18284 --- [dev-server-output] c.v.b.devserver.DevServerOutputTracker   :   >  98 |                         value={marca.value}
2026-01-29T10:15:17.485-05:00  INFO 18284 --- [dev-server-output] c.v.b.devserver.DevServerOutputTracker   :         |                         ^^^^^
2026-01-29T10:15:17.485-05:00  INFO 18284 --- [dev-server-output] c.v.b.devserver.DevServerOutputTracker   :      99 |                         onValueChanged={e => marca.value = e.detail.value}
2026-01-29T10:15:17.487-05:00  INFO 18284 --- [dev-server-output] c.v.b.devserver.DevServerOutputTracker   :     100 |                     />
2026-01-29T10:15:17.488-05:00  INFO 18284 --- [dev-server-output] c.v.b.devserver.DevServerOutputTracker   :     101 |                     
2026-01-29T10:15:17.489-05:00  INFO 18284 --- [dev-server-output] c.v.b.devserver.DevServerOutputTracker   : 
2026-01-29T10:15:17.489-05:00  INFO 18284 --- [dev-server-output] c.v.b.devserver.DevServerOutputTracker   :  ERROR(TypeScript)  Type 'string' is not assignable to type 'number'.
2026-01-29T10:15:17.489-05:00  INFO 18284 --- [dev-server-output] c.v.b.devserver.DevServerOutputTracker   :  FILE  C:/Users/LENOVO I7/Desktop/Proyecto/Proyecto_NvidiaCorp/src/main/frontend/views/_producto-admin.tsx:99:46
2026-01-29T10:15:17.489-05:00  INFO 18284 --- [dev-server-output] c.v.b.devserver.DevServerOutputTracker   : 
2026-01-29T10:15:17.489-05:00  INFO 18284 --- [dev-server-output] c.v.b.devserver.DevServerOutputTracker   :      97 |                         itemValuePath="id"
2026-01-29T10:15:17.489-05:00  INFO 18284 --- [dev-server-output] c.v.b.devserver.DevServerOutputTracker   :      98 |                         value={marca.value}
2026-01-29T10:15:17.490-05:00  INFO 18284 --- [dev-server-output] c.v.b.devserver.DevServerOutputTracker   :   >  99 |                         onValueChanged={e => marca.value = e.detail.value}
2026-01-29T10:15:17.490-05:00  INFO 18284 --- [dev-server-output] c.v.b.devserver.DevServerOutputTracker   :         |                                              ^^^^^^^^^^^
2026-01-29T10:15:17.490-05:00  INFO 18284 --- [dev-server-output] c.v.b.devserver.DevServerOutputTracker   :     100 |                     />
2026-01-29T10:15:17.491-05:00  INFO 18284 --- [dev-server-output] c.v.b.devserver.DevServerOutputTracker   :     101 |                     
2026-01-29T10:15:17.491-05:00  INFO 18284 --- [dev-server-output] c.v.b.devserver.DevServerOutputTracker   :     102 |                     <TextField label="Precio" value={precio.value.toString()} onValueChanged={e => precio.value = parseFloat(e.detail.value) || 0} />
2026-01-29T10:15:17.491-05:00  INFO 18284 --- [dev-server-output] c.v.b.devserver.DevServerOutputTracker   : 
2026-01-29T10:15:17.491-05:00  INFO 18284 --- [dev-server-output] c.v.b.devserver.DevServerOutputTracker   :  ERROR(TypeScript)  Type 'Marca | undefined' is not assignable to type 'Marca'.
2026-01-29T10:15:17.491-05:00  INFO 18284 --- [dev-server-output] c.v.b.devserver.DevServerOutputTracker   :   Type 'undefined' is not assignable to type 'Marca'.
2026-01-29T10:15:17.491-05:00  INFO 18284 --- [dev-server-output] c.v.b.devserver.DevServerOutputTracker   :  FILE  C:/Users/LENOVO I7/Desktop/Proyecto/Proyecto_NvidiaCorp/src/main/frontend/views/_producto-admin.tsx:152:58
2026-01-29T10:15:17.491-05:00  INFO 18284 --- [dev-server-output] c.v.b.devserver.DevServerOutputTracker   : 
2026-01-29T10:15:17.492-05:00  INFO 18284 --- [dev-server-output] c.v.b.devserver.DevServerOutputTracker   :     150 |     useEffect(() => {
2026-01-29T10:15:17.492-05:00  INFO 18284 --- [dev-server-output] c.v.b.devserver.DevServerOutputTracker   :     151 |         MarcaService.listAllMarcas().then(result => {
2026-01-29T10:15:17.492-05:00  INFO 18284 --- [dev-server-output] c.v.b.devserver.DevServerOutputTracker   :   > 152 |              setMarcas([{ id: 0, nombre: 'Seleccione' }, ...(result || [])]);
2026-01-29T10:15:17.492-05:00  INFO 18284 --- [dev-server-output] c.v.b.devserver.DevServerOutputTracker   :         |                                                          ^^^^^^^^^^^^^^^^^
2026-01-29T10:15:17.493-05:00  INFO 18284 --- [dev-server-output] c.v.b.devserver.DevServerOutputTracker   :     153 |         });
2026-01-29T10:15:17.493-05:00  INFO 18284 --- [dev-server-output] c.v.b.devserver.DevServerOutputTracker   :     154 |     }, []);
2026-01-29T10:15:17.493-05:00  INFO 18284 --- [dev-server-output] c.v.b.devserver.DevServerOutputTracker   :     155 |
2026-01-29T10:15:17.493-05:00  INFO 18284 --- [dev-server-output] c.v.b.devserver.DevServerOutputTracker   : 
2026-01-29T10:15:17.494-05:00  INFO 18284 --- [dev-server-output] c.v.b.devserver.DevServerOutputTracker   :  ERROR(TypeScript)  Parameter 'total' implicitly has an 'any' type.
2026-01-29T10:15:17.494-05:00  INFO 18284 --- [dev-server-output] c.v.b.devserver.DevServerOutputTracker   :  FILE  C:/Users/LENOVO I7/Desktop/Proyecto/Proyecto_NvidiaCorp/src/main/frontend/views/carrito-list.tsx:24:28
2026-01-29T10:15:17.494-05:00  INFO 18284 --- [dev-server-output] c.v.b.devserver.DevServerOutputTracker   : 
2026-01-29T10:15:17.494-05:00  INFO 18284 --- [dev-server-output] c.v.b.devserver.DevServerOutputTracker   :     22 |   // Cálculos del carrito
2026-01-29T10:15:17.494-05:00  INFO 18284 --- [dev-server-output] c.v.b.devserver.DevServerOutputTracker   :     23 |   const calcularSubtotal = () => {
2026-01-29T10:15:17.494-05:00  INFO 18284 --- [dev-server-output] c.v.b.devserver.DevServerOutputTracker   :   > 24 |     return carrito.reduce((total, item) => {
2026-01-29T10:15:17.495-05:00  INFO 18284 --- [dev-server-output] c.v.b.devserver.DevServerOutputTracker   :        |                            ^^^^^
2026-01-29T10:15:17.496-05:00  INFO 18284 --- [dev-server-output] c.v.b.devserver.DevServerOutputTracker   :     25 |       const cantidad = cantidades[item.id] || 1;
2026-01-29T10:15:17.496-05:00  INFO 18284 --- [dev-server-output] c.v.b.devserver.DevServerOutputTracker   :     26 |       return total + (item.precio * cantidad);
2026-01-29T10:15:17.496-05:00  INFO 18284 --- [dev-server-output] c.v.b.devserver.DevServerOutputTracker   :     27 |     }, 0);
2026-01-29T10:15:17.496-05:00  INFO 18284 --- [dev-server-output] c.v.b.devserver.DevServerOutputTracker   : 
2026-01-29T10:15:17.498-05:00  INFO 18284 --- [dev-server-output] c.v.b.devserver.DevServerOutputTracker   :  ERROR(TypeScript)  Parameter 'item' implicitly has an 'any' type.
2026-01-29T10:15:17.498-05:00  INFO 18284 --- [dev-server-output] c.v.b.devserver.DevServerOutputTracker   :  FILE  C:/Users/LENOVO I7/Desktop/Proyecto/Proyecto_NvidiaCorp/src/main/frontend/views/carrito-list.tsx:24:35
2026-01-29T10:15:17.498-05:00  INFO 18284 --- [dev-server-output] c.v.b.devserver.DevServerOutputTracker   : 
2026-01-29T10:15:17.498-05:00  INFO 18284 --- [dev-server-output] c.v.b.devserver.DevServerOutputTracker   :     22 |   // Cálculos del carrito
2026-01-29T10:15:17.498-05:00  INFO 18284 --- [dev-server-output] c.v.b.devserver.DevServerOutputTracker   :     23 |   const calcularSubtotal = () => {
2026-01-29T10:15:17.499-05:00  INFO 18284 --- [dev-server-output] c.v.b.devserver.DevServerOutputTracker   :   > 24 |     return carrito.reduce((total, item) => {
2026-01-29T10:15:17.499-05:00  INFO 18284 --- [dev-server-output] c.v.b.devserver.DevServerOutputTracker   :        |                                   ^^^^
2026-01-29T10:15:17.499-05:00  INFO 18284 --- [dev-server-output] c.v.b.devserver.DevServerOutputTracker   :     25 |       const cantidad = cantidades[item.id] || 1;
2026-01-29T10:15:17.499-05:00  INFO 18284 --- [dev-server-output] c.v.b.devserver.DevServerOutputTracker   :     26 |       return total + (item.precio * cantidad);
2026-01-29T10:15:17.500-05:00  INFO 18284 --- [dev-server-output] c.v.b.devserver.DevServerOutputTracker   :     27 |     }, 0);
2026-01-29T10:15:17.500-05:00  INFO 18284 --- [dev-server-output] c.v.b.devserver.DevServerOutputTracker   : 
2026-01-29T10:15:17.500-05:00  INFO 18284 --- [dev-server-output] c.v.b.devserver.DevServerOutputTracker   :  ERROR(TypeScript)  Parameter 'p' implicitly has an 'any' type.
2026-01-29T10:15:17.501-05:00  INFO 18284 --- [dev-server-output] c.v.b.devserver.DevServerOutputTracker   :  FILE  C:/Users/LENOVO I7/Desktop/Proyecto/Proyecto_NvidiaCorp/src/main/frontend/views/carrito-list.tsx:40:33
2026-01-29T10:15:17.501-05:00  INFO 18284 --- [dev-server-output] c.v.b.devserver.DevServerOutputTracker   : 
2026-01-29T10:15:17.501-05:00  INFO 18284 --- [dev-server-output] c.v.b.devserver.DevServerOutputTracker   :     38 |   const handleCantidad = (id: number, valor: number) => {
2026-01-29T10:15:17.502-05:00  INFO 18284 --- [dev-server-output] c.v.b.devserver.DevServerOutputTracker   :     39 |     setCantidades((prev) => {
2026-01-29T10:15:17.502-05:00  INFO 18284 --- [dev-server-output] c.v.b.devserver.DevServerOutputTracker   :   > 40 |       const item = carrito.find(p => p.id === id);
2026-01-29T10:15:17.502-05:00  INFO 18284 --- [dev-server-output] c.v.b.devserver.DevServerOutputTracker   :        |                                 ^
2026-01-29T10:15:17.502-05:00  INFO 18284 --- [dev-server-output] c.v.b.devserver.DevServerOutputTracker   :     41 |       const stock = item?.stock ?? 1;
2026-01-29T10:15:17.502-05:00  INFO 18284 --- [dev-server-output] c.v.b.devserver.DevServerOutputTracker   :     42 |       let nuevaCantidad = Math.max(1, (prev[id] || 1) + valor);
2026-01-29T10:15:17.503-05:00  INFO 18284 --- [dev-server-output] c.v.b.devserver.DevServerOutputTracker   :     43 |       console.log("Stock:", stock, "Cantidad actual:", prev[id], "Nueva cantidad:", nuevaCantidad);
2026-01-29T10:15:17.503-05:00  INFO 18284 --- [dev-server-output] c.v.b.devserver.DevServerOutputTracker   : 
2026-01-29T10:15:17.503-05:00  INFO 18284 --- [dev-server-output] c.v.b.devserver.DevServerOutputTracker   :  ERROR(TypeScript)  Parameter 'carritoActual' implicitly has an 'any' type.
2026-01-29T10:15:17.503-05:00  INFO 18284 --- [dev-server-output] c.v.b.devserver.DevServerOutputTracker   :  FILE  C:/Users/LENOVO I7/Desktop/Proyecto/Proyecto_NvidiaCorp/src/main/frontend/views/carrito-list.tsx:52:19
2026-01-29T10:15:17.503-05:00  INFO 18284 --- [dev-server-output] c.v.b.devserver.DevServerOutputTracker   : 
2026-01-29T10:15:17.503-05:00  INFO 18284 --- [dev-server-output] c.v.b.devserver.DevServerOutputTracker   :     50 |         nuevaCantidad = stock;
2026-01-29T10:15:17.503-05:00  INFO 18284 --- [dev-server-output] c.v.b.devserver.DevServerOutputTracker   :     51 |       }
2026-01-29T10:15:17.504-05:00  INFO 18284 --- [dev-server-output] c.v.b.devserver.DevServerOutputTracker   :   > 52 |       setCarrito((carritoActual) =>
2026-01-29T10:15:17.504-05:00  INFO 18284 --- [dev-server-output] c.v.b.devserver.DevServerOutputTracker   :        |                   ^^^^^^^^^^^^^
2026-01-29T10:15:17.504-05:00  INFO 18284 --- [dev-server-output] c.v.b.devserver.DevServerOutputTracker   :     53 |         carritoActual.map((item) =>
2026-01-29T10:15:17.504-05:00  INFO 18284 --- [dev-server-output] c.v.b.devserver.DevServerOutputTracker   :     54 |           item.id === id ? { ...item, cantidad: nuevaCantidad } : item
2026-01-29T10:15:17.504-05:00  INFO 18284 --- [dev-server-output] c.v.b.devserver.DevServerOutputTracker   :     55 |         )
2026-01-29T10:15:17.504-05:00  INFO 18284 --- [dev-server-output] c.v.b.devserver.DevServerOutputTracker   : 
2026-01-29T10:15:17.504-05:00  INFO 18284 --- [dev-server-output] c.v.b.devserver.DevServerOutputTracker   :  ERROR(TypeScript)  Parameter 'item' implicitly has an 'any' type.
2026-01-29T10:15:17.505-05:00  INFO 18284 --- [dev-server-output] c.v.b.devserver.DevServerOutputTracker   :  FILE  C:/Users/LENOVO I7/Desktop/Proyecto/Proyecto_NvidiaCorp/src/main/frontend/views/carrito-list.tsx:53:28
2026-01-29T10:15:17.505-05:00  INFO 18284 --- [dev-server-output] c.v.b.devserver.DevServerOutputTracker   : 
2026-01-29T10:15:17.505-05:00  INFO 18284 --- [dev-server-output] c.v.b.devserver.DevServerOutputTracker   :     51 |       }
2026-01-29T10:15:17.505-05:00  INFO 18284 --- [dev-server-output] c.v.b.devserver.DevServerOutputTracker   :     52 |       setCarrito((carritoActual) =>
2026-01-29T10:15:17.505-05:00  INFO 18284 --- [dev-server-output] c.v.b.devserver.DevServerOutputTracker   :   > 53 |         carritoActual.map((item) =>
2026-01-29T10:15:17.505-05:00  INFO 18284 --- [dev-server-output] c.v.b.devserver.DevServerOutputTracker   :        |                            ^^^^
2026-01-29T10:15:17.505-05:00  INFO 18284 --- [dev-server-output] c.v.b.devserver.DevServerOutputTracker   :     54 |           item.id === id ? { ...item, cantidad: nuevaCantidad } : item
2026-01-29T10:15:17.505-05:00  INFO 18284 --- [dev-server-output] c.v.b.devserver.DevServerOutputTracker   :     55 |         )
2026-01-29T10:15:17.505-05:00  INFO 18284 --- [dev-server-output] c.v.b.devserver.DevServerOutputTracker   :     56 |       );
2026-01-29T10:15:17.505-05:00  INFO 18284 --- [dev-server-output] c.v.b.devserver.DevServerOutputTracker   : 
2026-01-29T10:15:17.505-05:00  INFO 18284 --- [dev-server-output] c.v.b.devserver.DevServerOutputTracker   :  ERROR(TypeScript)  Not all code paths return a value.
2026-01-29T10:15:17.508-05:00  INFO 18284 --- [dev-server-output] c.v.b.devserver.DevServerOutputTracker   :  FILE  C:/Users/LENOVO I7/Desktop/Proyecto/Proyecto_NvidiaCorp/src/main/frontend/views/carrito-list.tsx:112:13
2026-01-29T10:15:17.509-05:00  INFO 18284 --- [dev-server-output] c.v.b.devserver.DevServerOutputTracker   : 
2026-01-29T10:15:17.509-05:00  INFO 18284 --- [dev-server-output] c.v.b.devserver.DevServerOutputTracker   :     110 |   };
2026-01-29T10:15:17.510-05:00  INFO 18284 --- [dev-server-output] c.v.b.devserver.DevServerOutputTracker   :     111 |
2026-01-29T10:15:17.511-05:00  INFO 18284 --- [dev-server-output] c.v.b.devserver.DevServerOutputTracker   :   > 112 |   useEffect(() => {
2026-01-29T10:15:17.511-05:00  INFO 18284 --- [dev-server-output] c.v.b.devserver.DevServerOutputTracker   :         |             ^^^^^^^
2026-01-29T10:15:17.511-05:00  INFO 18284 --- [dev-server-output] c.v.b.devserver.DevServerOutputTracker   :     113 |     if (checkoutId && showPagoModal) {
2026-01-29T10:15:17.512-05:00  INFO 18284 --- [dev-server-output] c.v.b.devserver.DevServerOutputTracker   :     114 |       const script = document.createElement('script');
2026-01-29T10:15:17.515-05:00  INFO 18284 --- [dev-server-output] c.v.b.devserver.DevServerOutputTracker   :     115 |       script.src = `https://eu-test.oppwa.com/v1/paymentWidgets.js?checkoutId=${checkoutId}`;
2026-01-29T10:15:17.515-05:00  INFO 18284 --- [dev-server-output] c.v.b.devserver.DevServerOutputTracker   : 
2026-01-29T10:15:17.515-05:00  INFO 18284 --- [dev-server-output] c.v.b.devserver.DevServerOutputTracker   :  ERROR(TypeScript)  Parameter 'item' implicitly has an 'any' type.
2026-01-29T10:15:17.515-05:00  INFO 18284 --- [dev-server-output] c.v.b.devserver.DevServerOutputTracker   :  FILE  C:/Users/LENOVO I7/Desktop/Proyecto/Proyecto_NvidiaCorp/src/main/frontend/views/carrito-list.tsx:172:31
2026-01-29T10:15:17.515-05:00  INFO 18284 --- [dev-server-output] c.v.b.devserver.DevServerOutputTracker   : 
2026-01-29T10:15:17.515-05:00  INFO 18284 --- [dev-server-output] c.v.b.devserver.DevServerOutputTracker   :     170 |             <div className="carrito-productos">
2026-01-29T10:15:17.517-05:00  INFO 18284 --- [dev-server-output] c.v.b.devserver.DevServerOutputTracker   :     171 |               <div className="producto-grid">
2026-01-29T10:15:17.517-05:00  INFO 18284 --- [dev-server-output] c.v.b.devserver.DevServerOutputTracker   :   > 172 |                 {carrito.map((item) => (
2026-01-29T10:15:17.517-05:00  INFO 18284 --- [dev-server-output] c.v.b.devserver.DevServerOutputTracker   :         |                               ^^^^
2026-01-29T10:15:17.517-05:00  INFO 18284 --- [dev-server-output] c.v.b.devserver.DevServerOutputTracker   :     173 |                   <div key={item.id} className="producto-card">
2026-01-29T10:15:17.517-05:00  INFO 18284 --- [dev-server-output] c.v.b.devserver.DevServerOutputTracker   :     174 |                     <ProductoCard
2026-01-29T10:15:17.517-05:00  INFO 18284 --- [dev-server-output] c.v.b.devserver.DevServerOutputTracker   :     175 |                       item={item}
2026-01-29T10:15:17.520-05:00  INFO 18284 --- [dev-server-output] c.v.b.devserver.DevServerOutputTracker   : 
2026-01-29T10:15:17.520-05:00  INFO 18284 --- [dev-server-output] c.v.b.devserver.DevServerOutputTracker   :  ERROR(TypeScript)  Parameter 'item' implicitly has an 'any' type.
2026-01-29T10:15:17.520-05:00  INFO 18284 --- [dev-server-output] c.v.b.devserver.DevServerOutputTracker   :  FILE  C:/Users/LENOVO I7/Desktop/Proyecto/Proyecto_NvidiaCorp/src/main/frontend/views/carrito-list.tsx:203:34
2026-01-29T10:15:17.520-05:00  INFO 18284 --- [dev-server-output] c.v.b.devserver.DevServerOutputTracker   : 
2026-01-29T10:15:17.520-05:00  INFO 18284 --- [dev-server-output] c.v.b.devserver.DevServerOutputTracker   :     201 |                   <h3 className="carrito-mini-factura-titulo">Productos</h3>
2026-01-29T10:15:17.520-05:00  INFO 18284 --- [dev-server-output] c.v.b.devserver.DevServerOutputTracker   :     202 |                   <ul className="carrito-mini-factura-lista">
2026-01-29T10:15:17.522-05:00  INFO 18284 --- [dev-server-output] c.v.b.devserver.DevServerOutputTracker   :   > 203 |                     {carrito.map(item => (
2026-01-29T10:15:17.522-05:00  INFO 18284 --- [dev-server-output] c.v.b.devserver.DevServerOutputTracker   :         |                                  ^^^^
2026-01-29T10:15:17.522-05:00  INFO 18284 --- [dev-server-output] c.v.b.devserver.DevServerOutputTracker   :     204 |                       <li key={item.id} className="carrito-mini-factura-item">
2026-01-29T10:15:17.522-05:00  INFO 18284 --- [dev-server-output] c.v.b.devserver.DevServerOutputTracker   :     205 |                         <span className="carrito-mini-factura-nombre">{item.nombre}</span>
2026-01-29T10:15:17.522-05:00  INFO 18284 --- [dev-server-output] c.v.b.devserver.DevServerOutputTracker   :     206 |                         <span className="carrito-mini-factura-cantidad">{cantidades[item.id] || 1}</span>
2026-01-29T10:15:17.522-05:00  INFO 18284 --- [dev-server-output] c.v.b.devserver.DevServerOutputTracker   : 
2026-01-29T10:15:17.522-05:00  INFO 18284 --- [dev-server-output] c.v.b.devserver.DevServerOutputTracker   :  ERROR(TypeScript)  Parameter 'acc' implicitly has an 'any' type.
2026-01-29T10:15:17.522-05:00  INFO 18284 --- [dev-server-output] c.v.b.devserver.DevServerOutputTracker   :  FILE  C:/Users/LENOVO I7/Desktop/Proyecto/Proyecto_NvidiaCorp/src/main/frontend/views/Pago-form.tsx:32:44
2026-01-29T10:15:17.522-05:00  INFO 18284 --- [dev-server-output] c.v.b.devserver.DevServerOutputTracker   : 
2026-01-29T10:15:17.522-05:00  INFO 18284 --- [dev-server-output] c.v.b.devserver.DevServerOutputTracker   :     30 |           localStorage.removeItem('carrito');
2026-01-29T10:15:17.522-05:00  INFO 18284 --- [dev-server-output] c.v.b.devserver.DevServerOutputTracker   :     31 |
2026-01-29T10:15:17.522-05:00  INFO 18284 --- [dev-server-output] c.v.b.devserver.DevServerOutputTracker   :   > 32 |           const subtotal = carrito.reduce((acc, item) => acc + (item.precio * (item.cantidad || 1)), 0);
2026-01-29T10:15:17.522-05:00  INFO 18284 --- [dev-server-output] c.v.b.devserver.DevServerOutputTracker   :        |                                            ^^^
2026-01-29T10:15:17.522-05:00  INFO 18284 --- [dev-server-output] c.v.b.devserver.DevServerOutputTracker   :     33 |           const iva = subtotal * 0.15;
2026-01-29T10:15:17.522-05:00  INFO 18284 --- [dev-server-output] c.v.b.devserver.DevServerOutputTracker   :     34 |           const total = subtotal + iva;
2026-01-29T10:15:17.522-05:00  INFO 18284 --- [dev-server-output] c.v.b.devserver.DevServerOutputTracker   :     35 |           localStorage.setItem('factura_items', JSON.stringify(carrito));
2026-01-29T10:15:17.526-05:00  INFO 18284 --- [dev-server-output] c.v.b.devserver.DevServerOutputTracker   : 
2026-01-29T10:15:17.526-05:00  INFO 18284 --- [dev-server-output] c.v.b.devserver.DevServerOutputTracker   :  ERROR(TypeScript)  Parameter 'item' implicitly has an 'any' type.
2026-01-29T10:15:17.526-05:00  INFO 18284 --- [dev-server-output] c.v.b.devserver.DevServerOutputTracker   :  FILE  C:/Users/LENOVO I7/Desktop/Proyecto/Proyecto_NvidiaCorp/src/main/frontend/views/Pago-form.tsx:32:49
2026-01-29T10:15:17.527-05:00  INFO 18284 --- [dev-server-output] c.v.b.devserver.DevServerOutputTracker   : 
2026-01-29T10:15:17.527-05:00  INFO 18284 --- [dev-server-output] c.v.b.devserver.DevServerOutputTracker   :     30 |           localStorage.removeItem('carrito');
2026-01-29T10:15:17.527-05:00  INFO 18284 --- [dev-server-output] c.v.b.devserver.DevServerOutputTracker   :     31 |
2026-01-29T10:15:17.527-05:00  INFO 18284 --- [dev-server-output] c.v.b.devserver.DevServerOutputTracker   :   > 32 |           const subtotal = carrito.reduce((acc, item) => acc + (item.precio * (item.cantidad || 1)), 0);
2026-01-29T10:15:17.528-05:00  INFO 18284 --- [dev-server-output] c.v.b.devserver.DevServerOutputTracker   :        |                                                 ^^^^
2026-01-29T10:15:17.528-05:00  INFO 18284 --- [dev-server-output] c.v.b.devserver.DevServerOutputTracker   :     33 |           const iva = subtotal * 0.15;
2026-01-29T10:15:17.528-05:00  INFO 18284 --- [dev-server-output] c.v.b.devserver.DevServerOutputTracker   :     34 |           const total = subtotal + iva;
2026-01-29T10:15:17.528-05:00  INFO 18284 --- [dev-server-output] c.v.b.devserver.DevServerOutputTracker   :     35 |           localStorage.setItem('factura_items', JSON.stringify(carrito));
2026-01-29T10:15:17.529-05:00  INFO 18284 --- [dev-server-output] c.v.b.devserver.DevServerOutputTracker   : 
2026-01-29T10:15:17.529-05:00  INFO 18284 --- [dev-server-output] c.v.b.devserver.DevServerOutputTracker   :  ERROR(TypeScript)  Not all code paths return a value.
2026-01-29T10:15:17.529-05:00  INFO 18284 --- [dev-server-output] c.v.b.devserver.DevServerOutputTracker   :  FILE  C:/Users/LENOVO I7/Desktop/Proyecto/Proyecto_NvidiaCorp/src/main/frontend/views/Pago-form.tsx:62:13
2026-01-29T10:15:17.529-05:00  INFO 18284 --- [dev-server-output] c.v.b.devserver.DevServerOutputTracker   : 
2026-01-29T10:15:17.530-05:00  INFO 18284 --- [dev-server-output] c.v.b.devserver.DevServerOutputTracker   :     60 |   };
2026-01-29T10:15:17.530-05:00  INFO 18284 --- [dev-server-output] c.v.b.devserver.DevServerOutputTracker   :     61 |
2026-01-29T10:15:17.530-05:00  INFO 18284 --- [dev-server-output] c.v.b.devserver.DevServerOutputTracker   :   > 62 |   useEffect(() => {
2026-01-29T10:15:17.531-05:00  INFO 18284 --- [dev-server-output] c.v.b.devserver.DevServerOutputTracker   :        |             ^^^^^^^
2026-01-29T10:15:17.531-05:00  INFO 18284 --- [dev-server-output] c.v.b.devserver.DevServerOutputTracker   :     63 |     if (checkoutId) {
2026-01-29T10:15:17.531-05:00  INFO 18284 --- [dev-server-output] c.v.b.devserver.DevServerOutputTracker   :     64 |       const script = document.createElement('script');
2026-01-29T10:15:17.531-05:00  INFO 18284 --- [dev-server-output] c.v.b.devserver.DevServerOutputTracker   :     65 |       script.src = `https://eu-test.oppwa.com/v1/paymentWidgets.js?checkoutId=${checkoutId}`;
2026-01-29T10:15:17.531-05:00  INFO 18284 --- [dev-server-output] c.v.b.devserver.DevServerOutputTracker   : 
2026-01-29T10:15:17.531-05:00  INFO 18284 --- [dev-server-output] c.v.b.devserver.DevServerOutputTracker   :  ERROR(TypeScript)  Type 'Element' is not assignable to type 'string'.
2026-01-29T10:15:17.531-05:00  INFO 18284 --- [dev-server-output] c.v.b.devserver.DevServerOutputTracker   :  FILE  C:/Users/LENOVO I7/Desktop/Proyecto/Proyecto_NvidiaCorp/src/main/frontend/views/Pago_list.tsx:86:20
2026-01-29T10:15:17.531-05:00  INFO 18284 --- [dev-server-output] c.v.b.devserver.DevServerOutputTracker   : 
2026-01-29T10:15:17.531-05:00  INFO 18284 --- [dev-server-output] c.v.b.devserver.DevServerOutputTracker   :     84 |   return (
2026-01-29T10:15:17.531-05:00  INFO 18284 --- [dev-server-output] c.v.b.devserver.DevServerOutputTracker   :     85 |     <main className="pago-main">
2026-01-29T10:15:17.531-05:00  INFO 18284 --- [dev-server-output] c.v.b.devserver.DevServerOutputTracker   :   > 86 |       <ViewToolbar title={<span className="pago-title">Lista de Pagos</span>}>
2026-01-29T10:15:17.531-05:00  INFO 18284 --- [dev-server-output] c.v.b.devserver.DevServerOutputTracker   :        |                    ^^^^^
2026-01-29T10:15:17.531-05:00  INFO 18284 --- [dev-server-output] c.v.b.devserver.DevServerOutputTracker   :     87 |         <Group>
2026-01-29T10:15:17.531-05:00  INFO 18284 --- [dev-server-output] c.v.b.devserver.DevServerOutputTracker   :     88 |           {/* Aquí puedes agregar filtros o botones si lo necesitas */}
2026-01-29T10:15:17.531-05:00  INFO 18284 --- [dev-server-output] c.v.b.devserver.DevServerOutputTracker   :     89 |         </Group>
2026-01-29T10:15:17.531-05:00  INFO 18284 --- [dev-server-output] c.v.b.devserver.DevServerOutputTracker   : 
2026-01-29T10:15:17.531-05:00  INFO 18284 --- [dev-server-output] c.v.b.devserver.DevServerOutputTracker   :  ERROR(TypeScript)  Type 'Promise<(Persona | undefined)[] | undefined>' is not assignable to type 'Promise<Persona[]>'.
2026-01-29T10:15:17.531-05:00  INFO 18284 --- [dev-server-output] c.v.b.devserver.DevServerOutputTracker   :   Type '(Persona | undefined)[] | undefined' is not assignable to type 'Persona[]'.
2026-01-29T10:15:17.531-05:00  INFO 18284 --- [dev-server-output] c.v.b.devserver.DevServerOutputTracker   :     Type 'undefined' is not assignable to type 'Persona[]'.
2026-01-29T10:15:17.531-05:00  INFO 18284 --- [dev-server-output] c.v.b.devserver.DevServerOutputTracker   :  FILE  C:/Users/LENOVO I7/Desktop/Proyecto/Proyecto_NvidiaCorp/src/main/frontend/views/persona-list.tsx:172:27
2026-01-29T10:15:17.531-05:00  INFO 18284 --- [dev-server-output] c.v.b.devserver.DevServerOutputTracker   : 
2026-01-29T10:15:17.531-05:00  INFO 18284 --- [dev-server-output] c.v.b.devserver.DevServerOutputTracker   :     170 | export default function PersonaListView() {
2026-01-29T10:15:17.531-05:00  INFO 18284 --- [dev-server-output] c.v.b.devserver.DevServerOutputTracker   :     171 |     const dataProvider = useDataProvider<Persona>({
2026-01-29T10:15:17.531-05:00  INFO 18284 --- [dev-server-output] c.v.b.devserver.DevServerOutputTracker   :   > 172 |         list: (params) => PersonaServices.listAllPersona(),
2026-01-29T10:15:17.531-05:00  INFO 18284 --- [dev-server-output] c.v.b.devserver.DevServerOutputTracker   :         |                           ^^^^^^^^^^^^^^^^^^^^^^^^^^^^^^^^
2026-01-29T10:15:17.531-05:00  INFO 18284 --- [dev-server-output] c.v.b.devserver.DevServerOutputTracker   :     173 |     });
2026-01-29T10:15:17.531-05:00  INFO 18284 --- [dev-server-output] c.v.b.devserver.DevServerOutputTracker   :     174 |
2026-01-29T10:15:17.531-05:00  INFO 18284 --- [dev-server-output] c.v.b.devserver.DevServerOutputTracker   :     175 |     return (
2026-01-29T10:15:17.531-05:00  INFO 18284 --- [dev-server-output] c.v.b.devserver.DevServerOutputTracker   : 
2026-01-29T10:15:17.531-05:00  INFO 18284 --- [dev-server-output] c.v.b.devserver.DevServerOutputTracker   :  ERROR(TypeScript)  Not all code paths return a value.
2026-01-29T10:15:17.531-05:00  INFO 18284 --- [dev-server-output] c.v.b.devserver.DevServerOutputTracker   :  FILE  C:/Users/LENOVO I7/Desktop/Proyecto/Proyecto_NvidiaCorp/src/main/frontend/views/producto-list.tsx:28:15
2026-01-29T10:15:17.531-05:00  INFO 18284 --- [dev-server-output] c.v.b.devserver.DevServerOutputTracker   : 
2026-01-29T10:15:17.531-05:00  INFO 18284 --- [dev-server-output] c.v.b.devserver.DevServerOutputTracker   :     26 |     const navigate = useNavigate();
2026-01-29T10:15:17.531-05:00  INFO 18284 --- [dev-server-output] c.v.b.devserver.DevServerOutputTracker   :     27 |
2026-01-29T10:15:17.531-05:00  INFO 18284 --- [dev-server-output] c.v.b.devserver.DevServerOutputTracker   :   > 28 |     useEffect(() => {
2026-01-29T10:15:17.531-05:00  INFO 18284 --- [dev-server-output] c.v.b.devserver.DevServerOutputTracker   :        |               ^^^^^^^
2026-01-29T10:15:17.531-05:00  INFO 18284 --- [dev-server-output] c.v.b.devserver.DevServerOutputTracker   :     29 |         if (isVisible && producto) {
2026-01-29T10:15:17.531-05:00  INFO 18284 --- [dev-server-output] c.v.b.devserver.DevServerOutputTracker   :     30 |             const timer = setTimeout(() => {
2026-01-29T10:15:17.531-05:00  INFO 18284 --- [dev-server-output] c.v.b.devserver.DevServerOutputTracker   :     31 |                 onClose();
2026-01-29T10:15:17.531-05:00  INFO 18284 --- [dev-server-output] c.v.b.devserver.DevServerOutputTracker   : 
2026-01-29T10:15:17.531-05:00  INFO 18284 --- [dev-server-output] c.v.b.devserver.DevServerOutputTracker   :  ERROR(TypeScript)  'respuesta' is possibly 'undefined'.
2026-01-29T10:15:17.531-05:00  INFO 18284 --- [dev-server-output] c.v.b.devserver.DevServerOutputTracker   :  FILE  C:/Users/LENOVO I7/Desktop/Proyecto/Proyecto_NvidiaCorp/src/main/frontend/views/producto-list.tsx:218:17
2026-01-29T10:15:17.531-05:00  INFO 18284 --- [dev-server-output] c.v.b.devserver.DevServerOutputTracker   : 
2026-01-29T10:15:17.531-05:00  INFO 18284 --- [dev-server-output] c.v.b.devserver.DevServerOutputTracker   :     216 |
2026-01-29T10:15:17.542-05:00  INFO 18284 --- [dev-server-output] c.v.b.devserver.DevServerOutputTracker   :     217 |             // --- Lógica de Añadir al Carrito ---
2026-01-29T10:15:17.542-05:00  INFO 18284 --- [dev-server-output] c.v.b.devserver.DevServerOutputTracker   :   > 218 |             if (respuesta.includes("[ADD_TO_CART:")) {
2026-01-29T10:15:17.542-05:00  INFO 18284 --- [dev-server-output] c.v.b.devserver.DevServerOutputTracker   :         |                 ^^^^^^^^^
2026-01-29T10:15:17.543-05:00  INFO 18284 --- [dev-server-output] c.v.b.devserver.DevServerOutputTracker   :     219 |                 const match = respuesta.match(/\[ADD_TO_CART:(\d+)\]/);
2026-01-29T10:15:17.543-05:00  INFO 18284 --- [dev-server-output] c.v.b.devserver.DevServerOutputTracker   :     220 |                 if (match) {
2026-01-29T10:15:17.543-05:00  INFO 18284 --- [dev-server-output] c.v.b.devserver.DevServerOutputTracker   :     221 |                     const id = parseInt(match[1]);
2026-01-29T10:15:17.544-05:00  INFO 18284 --- [dev-server-output] c.v.b.devserver.DevServerOutputTracker   : 
2026-01-29T10:15:17.544-05:00  INFO 18284 --- [dev-server-output] c.v.b.devserver.DevServerOutputTracker   :  ERROR(TypeScript)  'respuesta' is possibly 'undefined'.
2026-01-29T10:15:17.544-05:00  INFO 18284 --- [dev-server-output] c.v.b.devserver.DevServerOutputTracker   :  FILE  C:/Users/LENOVO I7/Desktop/Proyecto/Proyecto_NvidiaCorp/src/main/frontend/views/producto-list.tsx:219:31
2026-01-29T10:15:17.544-05:00  INFO 18284 --- [dev-server-output] c.v.b.devserver.DevServerOutputTracker   : 
2026-01-29T10:15:17.544-05:00  INFO 18284 --- [dev-server-output] c.v.b.devserver.DevServerOutputTracker   :     217 |             // --- Lógica de Añadir al Carrito ---
2026-01-29T10:15:17.545-05:00  INFO 18284 --- [dev-server-output] c.v.b.devserver.DevServerOutputTracker   :     218 |             if (respuesta.includes("[ADD_TO_CART:")) {
2026-01-29T10:15:17.545-05:00  INFO 18284 --- [dev-server-output] c.v.b.devserver.DevServerOutputTracker   :   > 219 |                 const match = respuesta.match(/\[ADD_TO_CART:(\d+)\]/);
2026-01-29T10:15:17.545-05:00  INFO 18284 --- [dev-server-output] c.v.b.devserver.DevServerOutputTracker   :         |                               ^^^^^^^^^
2026-01-29T10:15:17.546-05:00  INFO 18284 --- [dev-server-output] c.v.b.devserver.DevServerOutputTracker   :     220 |                 if (match) {
2026-01-29T10:15:17.546-05:00  INFO 18284 --- [dev-server-output] c.v.b.devserver.DevServerOutputTracker   :     221 |                     const id = parseInt(match[1]);
2026-01-29T10:15:17.546-05:00  INFO 18284 --- [dev-server-output] c.v.b.devserver.DevServerOutputTracker   :     222 |                     const prod = productos.find(p => p.id === id);
2026-01-29T10:15:17.546-05:00  INFO 18284 --- [dev-server-output] c.v.b.devserver.DevServerOutputTracker   : 
2026-01-29T10:15:17.548-05:00  INFO 18284 --- [dev-server-output] c.v.b.devserver.DevServerOutputTracker   :  ERROR(TypeScript)  'respuesta' is possibly 'undefined'.
2026-01-29T10:15:17.548-05:00  INFO 18284 --- [dev-server-output] c.v.b.devserver.DevServerOutputTracker   :  FILE  C:/Users/LENOVO I7/Desktop/Proyecto/Proyecto_NvidiaCorp/src/main/frontend/views/producto-list.tsx:231:33
2026-01-29T10:15:17.548-05:00  INFO 18284 --- [dev-server-output] c.v.b.devserver.DevServerOutputTracker   : 
2026-01-29T10:15:17.548-05:00  INFO 18284 --- [dev-server-output] c.v.b.devserver.DevServerOutputTracker   :     229 |
2026-01-29T10:15:17.548-05:00  INFO 18284 --- [dev-server-output] c.v.b.devserver.DevServerOutputTracker   :     230 |             // Limpiamos el código del texto antes de mostrarlo
2026-01-29T10:15:17.549-05:00  INFO 18284 --- [dev-server-output] c.v.b.devserver.DevServerOutputTracker   :   > 231 |             const textoLimpio = respuesta.replace(/\[ADD_TO_CART:.*?\]/g, "").trim();
2026-01-29T10:15:17.549-05:00  INFO 18284 --- [dev-server-output] c.v.b.devserver.DevServerOutputTracker   :         |                                 ^^^^^^^^^
2026-01-29T10:15:17.549-05:00  INFO 18284 --- [dev-server-output] c.v.b.devserver.DevServerOutputTracker   :     232 |             setHistorial(prev => [...prev, { rol: 'ia', texto: textoLimpio }]);
2026-01-29T10:15:17.549-05:00  INFO 18284 --- [dev-server-output] c.v.b.devserver.DevServerOutputTracker   :     233 |         } catch (error) {
2026-01-29T10:15:17.549-05:00  INFO 18284 --- [dev-server-output] c.v.b.devserver.DevServerOutputTracker   :     234 |             console.error(error);
2026-01-29T10:15:17.549-05:00  INFO 18284 --- [dev-server-output] c.v.b.devserver.DevServerOutputTracker   : 
2026-01-29T10:15:17.549-05:00  INFO 18284 --- [dev-server-output] c.v.b.devserver.DevServerOutputTracker   :  ERROR(TypeScript)  Argument of type '(ProductoDTO | undefined)[] | undefined' is not assignable to parameter of type 'SetStateAction<Producto[]>'.
2026-01-29T10:15:17.549-05:00  INFO 18284 --- [dev-server-output] c.v.b.devserver.DevServerOutputTracker   :   Type 'undefined' is not assignable to type 'SetStateAction<Producto[]>'.
2026-01-29T10:15:17.549-05:00  INFO 18284 --- [dev-server-output] c.v.b.devserver.DevServerOutputTracker   :  FILE  C:/Users/LENOVO I7/Desktop/Proyecto/Proyecto_NvidiaCorp/src/main/frontend/views/producto-list.tsx:250:22
2026-01-29T10:15:17.549-05:00  INFO 18284 --- [dev-server-output] c.v.b.devserver.DevServerOutputTracker   : 
2026-01-29T10:15:17.549-05:00  INFO 18284 --- [dev-server-output] c.v.b.devserver.DevServerOutputTracker   :     248 |     const cargarProductos = async () => {
2026-01-29T10:15:17.549-05:00  INFO 18284 --- [dev-server-output] c.v.b.devserver.DevServerOutputTracker   :     249 |         const data = await ProductoService.listAllProductos();
2026-01-29T10:15:17.549-05:00  INFO 18284 --- [dev-server-output] c.v.b.devserver.DevServerOutputTracker   :   > 250 |         setProductos(data);
2026-01-29T10:15:17.549-05:00  INFO 18284 --- [dev-server-output] c.v.b.devserver.DevServerOutputTracker   :         |                      ^^^^
2026-01-29T10:15:17.549-05:00  INFO 18284 --- [dev-server-output] c.v.b.devserver.DevServerOutputTracker   :     251 |         setProductosFiltrados(data);
2026-01-29T10:15:17.549-05:00  INFO 18284 --- [dev-server-output] c.v.b.devserver.DevServerOutputTracker   :     252 |         console.log("Productos recibidos:", data);
2026-01-29T10:15:17.549-05:00  INFO 18284 --- [dev-server-output] c.v.b.devserver.DevServerOutputTracker   :     253 |     };
2026-01-29T10:15:17.549-05:00  INFO 18284 --- [dev-server-output] c.v.b.devserver.DevServerOutputTracker   : 
2026-01-29T10:15:17.549-05:00  INFO 18284 --- [dev-server-output] c.v.b.devserver.DevServerOutputTracker   :  ERROR(TypeScript)  Argument of type '(ProductoDTO | undefined)[] | undefined' is not assignable to parameter of type 'SetStateAction<Producto[]>'.
2026-01-29T10:15:17.549-05:00  INFO 18284 --- [dev-server-output] c.v.b.devserver.DevServerOutputTracker   :   Type 'undefined' is not assignable to type 'SetStateAction<Producto[]>'.
2026-01-29T10:15:17.549-05:00  INFO 18284 --- [dev-server-output] c.v.b.devserver.DevServerOutputTracker   :  FILE  C:/Users/LENOVO I7/Desktop/Proyecto/Proyecto_NvidiaCorp/src/main/frontend/views/producto-list.tsx:251:31
2026-01-29T10:15:17.549-05:00  INFO 18284 --- [dev-server-output] c.v.b.devserver.DevServerOutputTracker   : 
2026-01-29T10:15:17.549-05:00  INFO 18284 --- [dev-server-output] c.v.b.devserver.DevServerOutputTracker   :     249 |         const data = await ProductoService.listAllProductos();
2026-01-29T10:15:17.549-05:00  INFO 18284 --- [dev-server-output] c.v.b.devserver.DevServerOutputTracker   :     250 |         setProductos(data);
2026-01-29T10:15:17.549-05:00  INFO 18284 --- [dev-server-output] c.v.b.devserver.DevServerOutputTracker   :   > 251 |         setProductosFiltrados(data);
2026-01-29T10:15:17.549-05:00  INFO 18284 --- [dev-server-output] c.v.b.devserver.DevServerOutputTracker   :         |                               ^^^^
2026-01-29T10:15:17.549-05:00  INFO 18284 --- [dev-server-output] c.v.b.devserver.DevServerOutputTracker   :     252 |         console.log("Productos recibidos:", data);
2026-01-29T10:15:17.549-05:00  INFO 18284 --- [dev-server-output] c.v.b.devserver.DevServerOutputTracker   :     253 |     };
2026-01-29T10:15:17.549-05:00  INFO 18284 --- [dev-server-output] c.v.b.devserver.DevServerOutputTracker   :     254 |
2026-01-29T10:15:17.549-05:00  INFO 18284 --- [dev-server-output] c.v.b.devserver.DevServerOutputTracker   : 
2026-01-29T10:15:17.549-05:00  INFO 18284 --- [dev-server-output] c.v.b.devserver.DevServerOutputTracker   :  ERROR(TypeScript)  Property 'busqueda' does not exist on type 'typeof import("C:/Users/LENOVO I7/Desktop/Proyecto/Proyecto_NvidiaCorp/src/main/frontend/generated/ProductoService")'.
2026-01-29T10:15:17.549-05:00  INFO 18284 --- [dev-server-output] c.v.b.devserver.DevServerOutputTracker   :  FILE  C:/Users/LENOVO I7/Desktop/Proyecto/Proyecto_NvidiaCorp/src/main/frontend/views/producto-list.tsx:350:29
2026-01-29T10:15:17.549-05:00  INFO 18284 --- [dev-server-output] c.v.b.devserver.DevServerOutputTracker   : 
2026-01-29T10:15:17.549-05:00  INFO 18284 --- [dev-server-output] c.v.b.devserver.DevServerOutputTracker   :     348 |                 return;
2026-01-29T10:15:17.549-05:00  INFO 18284 --- [dev-server-output] c.v.b.devserver.DevServerOutputTracker   :     349 |             }
2026-01-29T10:15:17.549-05:00  INFO 18284 --- [dev-server-output] c.v.b.devserver.DevServerOutputTracker   :   > 350 |             ProductoService.busqueda(criterio.value, text.value).then(function (data) {
2026-01-29T10:15:17.549-05:00  INFO 18284 --- [dev-server-output] c.v.b.devserver.DevServerOutputTracker   :         |                             ^^^^^^^^
2026-01-29T10:15:17.549-05:00  INFO 18284 --- [dev-server-output] c.v.b.devserver.DevServerOutputTracker   :     351 |                 setProductos(data);
2026-01-29T10:15:17.549-05:00  INFO 18284 --- [dev-server-output] c.v.b.devserver.DevServerOutputTracker   :     352 |                 console.log("Resultados de busqueda:", data);
2026-01-29T10:15:17.549-05:00  INFO 18284 --- [dev-server-output] c.v.b.devserver.DevServerOutputTracker   :     353 |                 Notification.show(`Se encontraron ${data.length} resultado(s)`, {
2026-01-29T10:15:17.549-05:00  INFO 18284 --- [dev-server-output] c.v.b.devserver.DevServerOutputTracker   : 
2026-01-29T10:15:17.549-05:00  INFO 18284 --- [dev-server-output] c.v.b.devserver.DevServerOutputTracker   :  ERROR(TypeScript)  Parameter 'data' implicitly has an 'any' type.
2026-01-29T10:15:17.549-05:00  INFO 18284 --- [dev-server-output] c.v.b.devserver.DevServerOutputTracker   :  FILE  C:/Users/LENOVO I7/Desktop/Proyecto/Proyecto_NvidiaCorp/src/main/frontend/views/producto-list.tsx:350:81
2026-01-29T10:15:17.549-05:00  INFO 18284 --- [dev-server-output] c.v.b.devserver.DevServerOutputTracker   : 
2026-01-29T10:15:17.549-05:00  INFO 18284 --- [dev-server-output] c.v.b.devserver.DevServerOutputTracker   :     348 |                 return;
2026-01-29T10:15:17.549-05:00  INFO 18284 --- [dev-server-output] c.v.b.devserver.DevServerOutputTracker   :     349 |             }
2026-01-29T10:15:17.549-05:00  INFO 18284 --- [dev-server-output] c.v.b.devserver.DevServerOutputTracker   :   > 350 |             ProductoService.busqueda(criterio.value, text.value).then(function (data) {
2026-01-29T10:15:17.549-05:00  INFO 18284 --- [dev-server-output] c.v.b.devserver.DevServerOutputTracker   :         |                                                                                 ^^^^
2026-01-29T10:15:17.559-05:00  INFO 18284 --- [dev-server-output] c.v.b.devserver.DevServerOutputTracker   :     351 |                 setProductos(data);
2026-01-29T10:15:17.559-05:00  INFO 18284 --- [dev-server-output] c.v.b.devserver.DevServerOutputTracker   :     352 |                 console.log("Resultados de busqueda:", data);
2026-01-29T10:15:17.559-05:00  INFO 18284 --- [dev-server-output] c.v.b.devserver.DevServerOutputTracker   :     353 |                 Notification.show(`Se encontraron ${data.length} resultado(s)`, {
2026-01-29T10:15:17.559-05:00  INFO 18284 --- [dev-server-output] c.v.b.devserver.DevServerOutputTracker   : 
2026-01-29T10:15:17.559-05:00  INFO 18284 --- [dev-server-output] c.v.b.devserver.DevServerOutputTracker   :  ERROR(TypeScript)  Type 'Element' is not assignable to type 'string'.
2026-01-29T10:15:17.560-05:00  INFO 18284 --- [dev-server-output] c.v.b.devserver.DevServerOutputTracker   :  FILE  C:/Users/LENOVO I7/Desktop/Proyecto/Proyecto_NvidiaCorp/src/main/frontend/views/producto-list.tsx:599:21
2026-01-29T10:15:17.560-05:00  INFO 18284 --- [dev-server-output] c.v.b.devserver.DevServerOutputTracker   : 
2026-01-29T10:15:17.560-05:00  INFO 18284 --- [dev-server-output] c.v.b.devserver.DevServerOutputTracker   :     597 |             <div className="contenido-principal">
2026-01-29T10:15:17.560-05:00  INFO 18284 --- [dev-server-output] c.v.b.devserver.DevServerOutputTracker   :     598 |                 <ViewToolbar
2026-01-29T10:15:17.560-05:00  INFO 18284 --- [dev-server-output] c.v.b.devserver.DevServerOutputTracker   :   > 599 |                     title={
2026-01-29T10:15:17.561-05:00  INFO 18284 --- [dev-server-output] c.v.b.devserver.DevServerOutputTracker   :         |                     ^^^^^
2026-01-29T10:15:17.561-05:00  INFO 18284 --- [dev-server-output] c.v.b.devserver.DevServerOutputTracker   :     600 |                         <span className="producto-toolbar-titulo">
2026-01-29T10:15:17.561-05:00  INFO 18284 --- [dev-server-output] c.v.b.devserver.DevServerOutputTracker   :     601 |                             Productos ({productosFiltrados.length})
2026-01-29T10:15:17.561-05:00  INFO 18284 --- [dev-server-output] c.v.b.devserver.DevServerOutputTracker   :     602 |                         </span>
2026-01-29T10:15:17.561-05:00  INFO 18284 --- [dev-server-output] c.v.b.devserver.DevServerOutputTracker   : 
2026-01-29T10:15:17.562-05:00  INFO 18284 --- [dev-server-output] c.v.b.devserver.DevServerOutputTracker   :  ERROR(TypeScript)  Type '(event: KeyboardEvent) => void' is not assignable to type 'KeyboardEventHandler<TextField>'.
2026-01-29T10:15:17.562-05:00  INFO 18284 --- [dev-server-output] c.v.b.devserver.DevServerOutputTracker   :   Types of parameters 'event' and 'event' are incompatible.
2026-01-29T10:15:17.562-05:00  INFO 18284 --- [dev-server-output] c.v.b.devserver.DevServerOutputTracker   :     Type 'KeyboardEvent<TextField>' is missing the following properties from type 'KeyboardEvent': isComposing, initKeyboardEvent, DOM_KEY_LOCATION_STANDARD, DOM_KEY_LOCATION_LEFT, and 14 more.
2026-01-29T10:15:17.562-05:00  INFO 18284 --- [dev-server-output] c.v.b.devserver.DevServerOutputTracker   :  FILE  C:/Users/LENOVO I7/Desktop/Proyecto/Proyecto_NvidiaCorp/src/main/frontend/views/producto-list.tsx:629:25
2026-01-29T10:15:17.562-05:00  INFO 18284 --- [dev-server-output] c.v.b.devserver.DevServerOutputTracker   : 
2026-01-29T10:15:17.563-05:00  INFO 18284 --- [dev-server-output] c.v.b.devserver.DevServerOutputTracker   :     627 |                         value={text.value}
2026-01-29T10:15:17.563-05:00  INFO 18284 --- [dev-server-output] c.v.b.devserver.DevServerOutputTracker   :     628 |                         onValueChanged={(evt) => (text.value = evt.detail.value)}
2026-01-29T10:15:17.563-05:00  INFO 18284 --- [dev-server-output] c.v.b.devserver.DevServerOutputTracker   :   > 629 |                         onKeyDown={handleKeyPress}
2026-01-29T10:15:17.564-05:00  INFO 18284 --- [dev-server-output] c.v.b.devserver.DevServerOutputTracker   :         |                         ^^^^^^^^^
2026-01-29T10:15:17.564-05:00  INFO 18284 --- [dev-server-output] c.v.b.devserver.DevServerOutputTracker   :     630 |                         clearButtonVisible
2026-01-29T10:15:17.564-05:00  INFO 18284 --- [dev-server-output] c.v.b.devserver.DevServerOutputTracker   :     631 |                     >
2026-01-29T10:15:17.564-05:00  INFO 18284 --- [dev-server-output] c.v.b.devserver.DevServerOutputTracker   :     632 |                         <Icon slot="prefix" icon="vaadin:search" style={{ color: '#76b900', fontSize: '1.2rem' }} />
2026-01-29T10:15:17.564-05:00  INFO 18284 --- [dev-server-output] c.v.b.devserver.DevServerOutputTracker   : 
2026-01-29T10:15:17.564-05:00  INFO 18284 --- [dev-server-output] c.v.b.devserver.DevServerOutputTracker   :  ERROR(TypeScript)  Type '{ onProductoCreated: () => Promise<void>; className: string; }' is not assignable to type 'IntrinsicAttributes & ProductoEntryFormProps'.
2026-01-29T10:15:17.564-05:00  INFO 18284 --- [dev-server-output] c.v.b.devserver.DevServerOutputTracker   :   Property 'className' does not exist on type 'IntrinsicAttributes & ProductoEntryFormProps'.
2026-01-29T10:15:17.564-05:00  INFO 18284 --- [dev-server-output] c.v.b.devserver.DevServerOutputTracker   :  FILE  C:/Users/LENOVO I7/Desktop/Proyecto/Proyecto_NvidiaCorp/src/main/frontend/views/producto-list.tsx:658:25
2026-01-29T10:15:17.564-05:00  INFO 18284 --- [dev-server-output] c.v.b.devserver.DevServerOutputTracker   : 
2026-01-29T10:15:17.564-05:00  INFO 18284 --- [dev-server-output] c.v.b.devserver.DevServerOutputTracker   :     656 |                     <ProductoEntryForm
2026-01-29T10:15:17.564-05:00  INFO 18284 --- [dev-server-output] c.v.b.devserver.DevServerOutputTracker   :     657 |                         onProductoCreated={cargarProductos}
2026-01-29T10:15:17.564-05:00  INFO 18284 --- [dev-server-output] c.v.b.devserver.DevServerOutputTracker   :   > 658 |                         className="producto-btn-registrar"
2026-01-29T10:15:17.564-05:00  INFO 18284 --- [dev-server-output] c.v.b.devserver.DevServerOutputTracker   :         |                         ^^^^^^^^^
2026-01-29T10:15:17.564-05:00  INFO 18284 --- [dev-server-output] c.v.b.devserver.DevServerOutputTracker   :     659 |                     />
2026-01-29T10:15:17.564-05:00  INFO 18284 --- [dev-server-output] c.v.b.devserver.DevServerOutputTracker   :     660 |                 </div>
2026-01-29T10:15:17.564-05:00  INFO 18284 --- [dev-server-output] c.v.b.devserver.DevServerOutputTracker   :     661 |
2026-01-29T10:15:17.564-05:00  INFO 18284 --- [dev-server-output] c.v.b.devserver.DevServerOutputTracker   : 
2026-01-29T10:15:17.564-05:00  INFO 18284 --- [dev-server-output] c.v.b.devserver.DevServerOutputTracker   : [TypeScript] Found 29 errors. Watching for file changes.
2026-01-29T10:17:10.202-05:00  INFO 18284 --- [http-nio-8080-exec-1] o.a.c.c.C.[Tomcat].[localhost].[/]       : Initializing Spring DispatcherServlet 'dispatcherServlet'
2026-01-29T10:17:10.204-05:00  INFO 18284 --- [http-nio-8080-exec-1] o.s.web.servlet.DispatcherServlet        : Initializing Servlet 'dispatcherServlet'
2026-01-29T10:17:10.206-05:00  INFO 18284 --- [http-nio-8080-exec-1] o.s.web.servlet.DispatcherServlet        : Completed initialization in 2 ms
2026-01-29T10:25:47.374-05:00  INFO 18284 --- [dev-server-output] c.v.b.devserver.DevServerOutputTracker   : 10:25:47 a. m. [vite] (client) hmr update /views/Pago-form.tsx
2026-01-29T10:25:47.933-05:00  INFO 18284 --- [dev-server-output] c.v.b.devserver.DevServerOutputTracker   : 
2026-01-29T10:25:47.936-05:00  INFO 18284 --- [dev-server-output] c.v.b.devserver.DevServerOutputTracker   :  ERROR(TypeScript)  Property 'user' does not exist on type 'AuthContextType'.
2026-01-29T10:25:47.936-05:00  INFO 18284 --- [dev-server-output] c.v.b.devserver.DevServerOutputTracker   :  FILE  C:/Users/LENOVO I7/Desktop/Proyecto/Proyecto_NvidiaCorp/src/main/frontend/components/Navbar.tsx:12:11
2026-01-29T10:25:47.936-05:00  INFO 18284 --- [dev-server-output] c.v.b.devserver.DevServerOutputTracker   : 
2026-01-29T10:25:47.936-05:00  INFO 18284 --- [dev-server-output] c.v.b.devserver.DevServerOutputTracker   :     10 |   const navigate = useNavigate();
2026-01-29T10:25:47.936-05:00  INFO 18284 --- [dev-server-output] c.v.b.devserver.DevServerOutputTracker   :     11 |   const location = useLocation(); // <-- Obtiene el objeto location
2026-01-29T10:25:47.936-05:00  INFO 18284 --- [dev-server-output] c.v.b.devserver.DevServerOutputTracker   :   > 12 |   const { user } = useAuth();
2026-01-29T10:25:47.936-05:00  INFO 18284 --- [dev-server-output] c.v.b.devserver.DevServerOutputTracker   :        |           ^^^^
2026-01-29T10:25:47.936-05:00  INFO 18284 --- [dev-server-output] c.v.b.devserver.DevServerOutputTracker   :     13 |
2026-01-29T10:25:47.936-05:00  INFO 18284 --- [dev-server-output] c.v.b.devserver.DevServerOutputTracker   :     14 |   console.log("Usuario autenticado:", user); // <-- Agrega esto
2026-01-29T10:25:47.936-05:00  INFO 18284 --- [dev-server-output] c.v.b.devserver.DevServerOutputTracker   :     15 |
2026-01-29T10:25:47.936-05:00  INFO 18284 --- [dev-server-output] c.v.b.devserver.DevServerOutputTracker   : 
2026-01-29T10:25:47.936-05:00  INFO 18284 --- [dev-server-output] c.v.b.devserver.DevServerOutputTracker   :  ERROR(TypeScript)  Type 'Marca | undefined' is not assignable to type 'Marca'.
2026-01-29T10:25:47.936-05:00  INFO 18284 --- [dev-server-output] c.v.b.devserver.DevServerOutputTracker   :   Type 'undefined' is not assignable to type 'Marca'.
2026-01-29T10:25:47.936-05:00  INFO 18284 --- [dev-server-output] c.v.b.devserver.DevServerOutputTracker   :  FILE  C:/Users/LENOVO I7/Desktop/Proyecto/Proyecto_NvidiaCorp/src/main/frontend/views/_producto-admin.tsx:47:68
2026-01-29T10:25:47.938-05:00  INFO 18284 --- [dev-server-output] c.v.b.devserver.DevServerOutputTracker   : 
2026-01-29T10:25:47.938-05:00  INFO 18284 --- [dev-server-output] c.v.b.devserver.DevServerOutputTracker   :     45 |         // Carga de marcas
2026-01-29T10:25:47.938-05:00  INFO 18284 --- [dev-server-output] c.v.b.devserver.DevServerOutputTracker   :     46 |         MarcaService.listAllMarcas().then(result => {
2026-01-29T10:25:47.938-05:00  INFO 18284 --- [dev-server-output] c.v.b.devserver.DevServerOutputTracker   :   > 47 |              setMarcas([{ id: 0, nombre: 'Seleccione una marca' }, ...(result || [])]);
2026-01-29T10:25:47.938-05:00  INFO 18284 --- [dev-server-output] c.v.b.devserver.DevServerOutputTracker   :        |                                                                    ^^^^^^^^^^^^^^^^^
2026-01-29T10:25:47.938-05:00  INFO 18284 --- [dev-server-output] c.v.b.devserver.DevServerOutputTracker   :     48 |         }).catch(console.error);
2026-01-29T10:25:47.938-05:00  INFO 18284 --- [dev-server-output] c.v.b.devserver.DevServerOutputTracker   :     49 |     }, []);
2026-01-29T10:25:47.938-05:00  INFO 18284 --- [dev-server-output] c.v.b.devserver.DevServerOutputTracker   :     50 |
2026-01-29T10:25:47.938-05:00  INFO 18284 --- [dev-server-output] c.v.b.devserver.DevServerOutputTracker   : 
2026-01-29T10:25:47.938-05:00  INFO 18284 --- [dev-server-output] c.v.b.devserver.DevServerOutputTracker   :  ERROR(TypeScript)  Type 'number' is not assignable to type 'string'.
2026-01-29T10:25:47.938-05:00  INFO 18284 --- [dev-server-output] c.v.b.devserver.DevServerOutputTracker   :  FILE  C:/Users/LENOVO I7/Desktop/Proyecto/Proyecto_NvidiaCorp/src/main/frontend/views/_producto-admin.tsx:98:25
2026-01-29T10:25:47.938-05:00  INFO 18284 --- [dev-server-output] c.v.b.devserver.DevServerOutputTracker   : 
2026-01-29T10:25:47.938-05:00  INFO 18284 --- [dev-server-output] c.v.b.devserver.DevServerOutputTracker   :      96 |                         itemLabelPath="nombre"
2026-01-29T10:25:47.938-05:00  INFO 18284 --- [dev-server-output] c.v.b.devserver.DevServerOutputTracker   :      97 |                         itemValuePath="id"
2026-01-29T10:25:47.938-05:00  INFO 18284 --- [dev-server-output] c.v.b.devserver.DevServerOutputTracker   :   >  98 |                         value={marca.value}
2026-01-29T10:25:47.940-05:00  INFO 18284 --- [dev-server-output] c.v.b.devserver.DevServerOutputTracker   :         |                         ^^^^^
2026-01-29T10:25:47.940-05:00  INFO 18284 --- [dev-server-output] c.v.b.devserver.DevServerOutputTracker   :      99 |                         onValueChanged={e => marca.value = e.detail.value}
2026-01-29T10:25:47.940-05:00  INFO 18284 --- [dev-server-output] c.v.b.devserver.DevServerOutputTracker   :     100 |                     />
2026-01-29T10:25:47.940-05:00  INFO 18284 --- [dev-server-output] c.v.b.devserver.DevServerOutputTracker   :     101 |                     
2026-01-29T10:25:47.940-05:00  INFO 18284 --- [dev-server-output] c.v.b.devserver.DevServerOutputTracker   : 
2026-01-29T10:25:47.940-05:00  INFO 18284 --- [dev-server-output] c.v.b.devserver.DevServerOutputTracker   :  ERROR(TypeScript)  Type 'string' is not assignable to type 'number'.
2026-01-29T10:25:47.940-05:00  INFO 18284 --- [dev-server-output] c.v.b.devserver.DevServerOutputTracker   :  FILE  C:/Users/LENOVO I7/Desktop/Proyecto/Proyecto_NvidiaCorp/src/main/frontend/views/_producto-admin.tsx:99:46
2026-01-29T10:25:47.940-05:00  INFO 18284 --- [dev-server-output] c.v.b.devserver.DevServerOutputTracker   : 
2026-01-29T10:25:47.940-05:00  INFO 18284 --- [dev-server-output] c.v.b.devserver.DevServerOutputTracker   :      97 |                         itemValuePath="id"
2026-01-29T10:25:47.940-05:00  INFO 18284 --- [dev-server-output] c.v.b.devserver.DevServerOutputTracker   :      98 |                         value={marca.value}
2026-01-29T10:25:47.942-05:00  INFO 18284 --- [dev-server-output] c.v.b.devserver.DevServerOutputTracker   :   >  99 |                         onValueChanged={e => marca.value = e.detail.value}
2026-01-29T10:25:47.943-05:00  INFO 18284 --- [dev-server-output] c.v.b.devserver.DevServerOutputTracker   :         |                                              ^^^^^^^^^^^
2026-01-29T10:25:47.943-05:00  INFO 18284 --- [dev-server-output] c.v.b.devserver.DevServerOutputTracker   :     100 |                     />
2026-01-29T10:25:47.943-05:00  INFO 18284 --- [dev-server-output] c.v.b.devserver.DevServerOutputTracker   :     101 |                     
2026-01-29T10:25:47.943-05:00  INFO 18284 --- [dev-server-output] c.v.b.devserver.DevServerOutputTracker   :     102 |                     <TextField label="Precio" value={precio.value.toString()} onValueChanged={e => precio.value = parseFloat(e.detail.value) || 0} />
2026-01-29T10:25:47.944-05:00  INFO 18284 --- [dev-server-output] c.v.b.devserver.DevServerOutputTracker   : 
2026-01-29T10:25:47.944-05:00  INFO 18284 --- [dev-server-output] c.v.b.devserver.DevServerOutputTracker   :  ERROR(TypeScript)  Type 'Marca | undefined' is not assignable to type 'Marca'.
2026-01-29T10:25:47.944-05:00  INFO 18284 --- [dev-server-output] c.v.b.devserver.DevServerOutputTracker   :   Type 'undefined' is not assignable to type 'Marca'.
2026-01-29T10:25:47.945-05:00  INFO 18284 --- [dev-server-output] c.v.b.devserver.DevServerOutputTracker   :  FILE  C:/Users/LENOVO I7/Desktop/Proyecto/Proyecto_NvidiaCorp/src/main/frontend/views/_producto-admin.tsx:152:58
2026-01-29T10:25:47.945-05:00  INFO 18284 --- [dev-server-output] c.v.b.devserver.DevServerOutputTracker   : 
2026-01-29T10:25:47.946-05:00  INFO 18284 --- [dev-server-output] c.v.b.devserver.DevServerOutputTracker   :     150 |     useEffect(() => {
2026-01-29T10:25:47.946-05:00  INFO 18284 --- [dev-server-output] c.v.b.devserver.DevServerOutputTracker   :     151 |         MarcaService.listAllMarcas().then(result => {
2026-01-29T10:25:47.946-05:00  INFO 18284 --- [dev-server-output] c.v.b.devserver.DevServerOutputTracker   :   > 152 |              setMarcas([{ id: 0, nombre: 'Seleccione' }, ...(result || [])]);
2026-01-29T10:25:47.947-05:00  INFO 18284 --- [dev-server-output] c.v.b.devserver.DevServerOutputTracker   :         |                                                          ^^^^^^^^^^^^^^^^^
2026-01-29T10:25:47.947-05:00  INFO 18284 --- [dev-server-output] c.v.b.devserver.DevServerOutputTracker   :     153 |         });
2026-01-29T10:25:47.947-05:00  INFO 18284 --- [dev-server-output] c.v.b.devserver.DevServerOutputTracker   :     154 |     }, []);
2026-01-29T10:25:47.948-05:00  INFO 18284 --- [dev-server-output] c.v.b.devserver.DevServerOutputTracker   :     155 |
2026-01-29T10:25:47.948-05:00  INFO 18284 --- [dev-server-output] c.v.b.devserver.DevServerOutputTracker   : 
2026-01-29T10:25:47.948-05:00  INFO 18284 --- [dev-server-output] c.v.b.devserver.DevServerOutputTracker   :  ERROR(TypeScript)  Parameter 'total' implicitly has an 'any' type.
2026-01-29T10:25:47.948-05:00  INFO 18284 --- [dev-server-output] c.v.b.devserver.DevServerOutputTracker   :  FILE  C:/Users/LENOVO I7/Desktop/Proyecto/Proyecto_NvidiaCorp/src/main/frontend/views/carrito-list.tsx:24:28
2026-01-29T10:25:47.948-05:00  INFO 18284 --- [dev-server-output] c.v.b.devserver.DevServerOutputTracker   : 
2026-01-29T10:25:47.949-05:00  INFO 18284 --- [dev-server-output] c.v.b.devserver.DevServerOutputTracker   :     22 |   // Cálculos del carrito
2026-01-29T10:25:47.949-05:00  INFO 18284 --- [dev-server-output] c.v.b.devserver.DevServerOutputTracker   :     23 |   const calcularSubtotal = () => {
2026-01-29T10:25:47.950-05:00  INFO 18284 --- [dev-server-output] c.v.b.devserver.DevServerOutputTracker   :   > 24 |     return carrito.reduce((total, item) => {
2026-01-29T10:25:47.950-05:00  INFO 18284 --- [dev-server-output] c.v.b.devserver.DevServerOutputTracker   :        |                            ^^^^^
2026-01-29T10:25:47.951-05:00  INFO 18284 --- [dev-server-output] c.v.b.devserver.DevServerOutputTracker   :     25 |       const cantidad = cantidades[item.id] || 1;
2026-01-29T10:25:47.951-05:00  INFO 18284 --- [dev-server-output] c.v.b.devserver.DevServerOutputTracker   :     26 |       return total + (item.precio * cantidad);
2026-01-29T10:25:47.951-05:00  INFO 18284 --- [dev-server-output] c.v.b.devserver.DevServerOutputTracker   :     27 |     }, 0);
2026-01-29T10:25:47.952-05:00  INFO 18284 --- [dev-server-output] c.v.b.devserver.DevServerOutputTracker   : 
2026-01-29T10:25:47.952-05:00  INFO 18284 --- [dev-server-output] c.v.b.devserver.DevServerOutputTracker   :  ERROR(TypeScript)  Parameter 'item' implicitly has an 'any' type.
2026-01-29T10:25:47.952-05:00  INFO 18284 --- [dev-server-output] c.v.b.devserver.DevServerOutputTracker   :  FILE  C:/Users/LENOVO I7/Desktop/Proyecto/Proyecto_NvidiaCorp/src/main/frontend/views/carrito-list.tsx:24:35
2026-01-29T10:25:47.952-05:00  INFO 18284 --- [dev-server-output] c.v.b.devserver.DevServerOutputTracker   : 
2026-01-29T10:25:47.952-05:00  INFO 18284 --- [dev-server-output] c.v.b.devserver.DevServerOutputTracker   :     22 |   // Cálculos del carrito
2026-01-29T10:25:47.953-05:00  INFO 18284 --- [dev-server-output] c.v.b.devserver.DevServerOutputTracker   :     23 |   const calcularSubtotal = () => {
2026-01-29T10:25:47.953-05:00  INFO 18284 --- [dev-server-output] c.v.b.devserver.DevServerOutputTracker   :   > 24 |     return carrito.reduce((total, item) => {
2026-01-29T10:25:47.954-05:00  INFO 18284 --- [dev-server-output] c.v.b.devserver.DevServerOutputTracker   :        |                                   ^^^^
2026-01-29T10:25:47.954-05:00  INFO 18284 --- [dev-server-output] c.v.b.devserver.DevServerOutputTracker   :     25 |       const cantidad = cantidades[item.id] || 1;
2026-01-29T10:25:47.954-05:00  INFO 18284 --- [dev-server-output] c.v.b.devserver.DevServerOutputTracker   :     26 |       return total + (item.precio * cantidad);
2026-01-29T10:25:47.954-05:00  INFO 18284 --- [dev-server-output] c.v.b.devserver.DevServerOutputTracker   :     27 |     }, 0);
2026-01-29T10:25:47.954-05:00  INFO 18284 --- [dev-server-output] c.v.b.devserver.DevServerOutputTracker   : 
2026-01-29T10:25:47.955-05:00  INFO 18284 --- [dev-server-output] c.v.b.devserver.DevServerOutputTracker   :  ERROR(TypeScript)  Parameter 'p' implicitly has an 'any' type.
2026-01-29T10:25:47.955-05:00  INFO 18284 --- [dev-server-output] c.v.b.devserver.DevServerOutputTracker   :  FILE  C:/Users/LENOVO I7/Desktop/Proyecto/Proyecto_NvidiaCorp/src/main/frontend/views/carrito-list.tsx:40:33
2026-01-29T10:25:47.955-05:00  INFO 18284 --- [dev-server-output] c.v.b.devserver.DevServerOutputTracker   : 
2026-01-29T10:25:47.955-05:00  INFO 18284 --- [dev-server-output] c.v.b.devserver.DevServerOutputTracker   :     38 |   const handleCantidad = (id: number, valor: number) => {
2026-01-29T10:25:47.955-05:00  INFO 18284 --- [dev-server-output] c.v.b.devserver.DevServerOutputTracker   :     39 |     setCantidades((prev) => {
2026-01-29T10:25:47.955-05:00  INFO 18284 --- [dev-server-output] c.v.b.devserver.DevServerOutputTracker   :   > 40 |       const item = carrito.find(p => p.id === id);
2026-01-29T10:25:47.956-05:00  INFO 18284 --- [dev-server-output] c.v.b.devserver.DevServerOutputTracker   :        |                                 ^
2026-01-29T10:25:47.956-05:00  INFO 18284 --- [dev-server-output] c.v.b.devserver.DevServerOutputTracker   :     41 |       const stock = item?.stock ?? 1;
2026-01-29T10:25:47.956-05:00  INFO 18284 --- [dev-server-output] c.v.b.devserver.DevServerOutputTracker   :     42 |       let nuevaCantidad = Math.max(1, (prev[id] || 1) + valor);
2026-01-29T10:25:47.956-05:00  INFO 18284 --- [dev-server-output] c.v.b.devserver.DevServerOutputTracker   :     43 |       console.log("Stock:", stock, "Cantidad actual:", prev[id], "Nueva cantidad:", nuevaCantidad);
2026-01-29T10:25:47.956-05:00  INFO 18284 --- [dev-server-output] c.v.b.devserver.DevServerOutputTracker   : 
2026-01-29T10:25:47.957-05:00  INFO 18284 --- [dev-server-output] c.v.b.devserver.DevServerOutputTracker   :  ERROR(TypeScript)  Parameter 'carritoActual' implicitly has an 'any' type.
2026-01-29T10:25:47.957-05:00  INFO 18284 --- [dev-server-output] c.v.b.devserver.DevServerOutputTracker   :  FILE  C:/Users/LENOVO I7/Desktop/Proyecto/Proyecto_NvidiaCorp/src/main/frontend/views/carrito-list.tsx:52:19
2026-01-29T10:25:47.957-05:00  INFO 18284 --- [dev-server-output] c.v.b.devserver.DevServerOutputTracker   : 
2026-01-29T10:25:47.957-05:00  INFO 18284 --- [dev-server-output] c.v.b.devserver.DevServerOutputTracker   :     50 |         nuevaCantidad = stock;
2026-01-29T10:25:47.957-05:00  INFO 18284 --- [dev-server-output] c.v.b.devserver.DevServerOutputTracker   :     51 |       }
2026-01-29T10:25:47.957-05:00  INFO 18284 --- [dev-server-output] c.v.b.devserver.DevServerOutputTracker   :   > 52 |       setCarrito((carritoActual) =>
2026-01-29T10:25:47.957-05:00  INFO 18284 --- [dev-server-output] c.v.b.devserver.DevServerOutputTracker   :        |                   ^^^^^^^^^^^^^
2026-01-29T10:25:47.958-05:00  INFO 18284 --- [dev-server-output] c.v.b.devserver.DevServerOutputTracker   :     53 |         carritoActual.map((item) =>
2026-01-29T10:25:47.958-05:00  INFO 18284 --- [dev-server-output] c.v.b.devserver.DevServerOutputTracker   :     54 |           item.id === id ? { ...item, cantidad: nuevaCantidad } : item
2026-01-29T10:25:47.958-05:00  INFO 18284 --- [dev-server-output] c.v.b.devserver.DevServerOutputTracker   :     55 |         )
2026-01-29T10:25:47.958-05:00  INFO 18284 --- [dev-server-output] c.v.b.devserver.DevServerOutputTracker   : 
2026-01-29T10:25:47.958-05:00  INFO 18284 --- [dev-server-output] c.v.b.devserver.DevServerOutputTracker   :  ERROR(TypeScript)  Parameter 'item' implicitly has an 'any' type.
2026-01-29T10:25:47.958-05:00  INFO 18284 --- [dev-server-output] c.v.b.devserver.DevServerOutputTracker   :  FILE  C:/Users/LENOVO I7/Desktop/Proyecto/Proyecto_NvidiaCorp/src/main/frontend/views/carrito-list.tsx:53:28
2026-01-29T10:25:47.958-05:00  INFO 18284 --- [dev-server-output] c.v.b.devserver.DevServerOutputTracker   : 
2026-01-29T10:25:47.959-05:00  INFO 18284 --- [dev-server-output] c.v.b.devserver.DevServerOutputTracker   :     51 |       }
2026-01-29T10:25:47.959-05:00  INFO 18284 --- [dev-server-output] c.v.b.devserver.DevServerOutputTracker   :     52 |       setCarrito((carritoActual) =>
2026-01-29T10:25:47.959-05:00  INFO 18284 --- [dev-server-output] c.v.b.devserver.DevServerOutputTracker   :   > 53 |         carritoActual.map((item) =>
2026-01-29T10:25:47.959-05:00  INFO 18284 --- [dev-server-output] c.v.b.devserver.DevServerOutputTracker   :        |                            ^^^^
2026-01-29T10:25:47.959-05:00  INFO 18284 --- [dev-server-output] c.v.b.devserver.DevServerOutputTracker   :     54 |           item.id === id ? { ...item, cantidad: nuevaCantidad } : item
2026-01-29T10:25:47.959-05:00  INFO 18284 --- [dev-server-output] c.v.b.devserver.DevServerOutputTracker   :     55 |         )
2026-01-29T10:25:47.959-05:00  INFO 18284 --- [dev-server-output] c.v.b.devserver.DevServerOutputTracker   :     56 |       );
2026-01-29T10:25:47.960-05:00  INFO 18284 --- [dev-server-output] c.v.b.devserver.DevServerOutputTracker   : 
2026-01-29T10:25:47.960-05:00  INFO 18284 --- [dev-server-output] c.v.b.devserver.DevServerOutputTracker   :  ERROR(TypeScript)  Not all code paths return a value.
2026-01-29T10:25:47.960-05:00  INFO 18284 --- [dev-server-output] c.v.b.devserver.DevServerOutputTracker   :  FILE  C:/Users/LENOVO I7/Desktop/Proyecto/Proyecto_NvidiaCorp/src/main/frontend/views/carrito-list.tsx:112:13
2026-01-29T10:25:47.960-05:00  INFO 18284 --- [dev-server-output] c.v.b.devserver.DevServerOutputTracker   : 
2026-01-29T10:25:47.960-05:00  INFO 18284 --- [dev-server-output] c.v.b.devserver.DevServerOutputTracker   :     110 |   };
2026-01-29T10:25:47.960-05:00  INFO 18284 --- [dev-server-output] c.v.b.devserver.DevServerOutputTracker   :     111 |
2026-01-29T10:25:47.961-05:00  INFO 18284 --- [dev-server-output] c.v.b.devserver.DevServerOutputTracker   :   > 112 |   useEffect(() => {
2026-01-29T10:25:47.961-05:00  INFO 18284 --- [dev-server-output] c.v.b.devserver.DevServerOutputTracker   :         |             ^^^^^^^
2026-01-29T10:25:47.961-05:00  INFO 18284 --- [dev-server-output] c.v.b.devserver.DevServerOutputTracker   :     113 |     if (checkoutId && showPagoModal) {
2026-01-29T10:25:47.961-05:00  INFO 18284 --- [dev-server-output] c.v.b.devserver.DevServerOutputTracker   :     114 |       const script = document.createElement('script');
2026-01-29T10:25:47.961-05:00  INFO 18284 --- [dev-server-output] c.v.b.devserver.DevServerOutputTracker   :     115 |       script.src = `https://eu-test.oppwa.com/v1/paymentWidgets.js?checkoutId=${checkoutId}`;
2026-01-29T10:25:47.962-05:00  INFO 18284 --- [dev-server-output] c.v.b.devserver.DevServerOutputTracker   : 
2026-01-29T10:25:47.962-05:00  INFO 18284 --- [dev-server-output] c.v.b.devserver.DevServerOutputTracker   :  ERROR(TypeScript)  Parameter 'item' implicitly has an 'any' type.
2026-01-29T10:25:47.962-05:00  INFO 18284 --- [dev-server-output] c.v.b.devserver.DevServerOutputTracker   :  FILE  C:/Users/LENOVO I7/Desktop/Proyecto/Proyecto_NvidiaCorp/src/main/frontend/views/carrito-list.tsx:172:31
2026-01-29T10:25:47.962-05:00  INFO 18284 --- [dev-server-output] c.v.b.devserver.DevServerOutputTracker   : 
2026-01-29T10:25:47.963-05:00  INFO 18284 --- [dev-server-output] c.v.b.devserver.DevServerOutputTracker   :     170 |             <div className="carrito-productos">
2026-01-29T10:25:47.963-05:00  INFO 18284 --- [dev-server-output] c.v.b.devserver.DevServerOutputTracker   :     171 |               <div className="producto-grid">
2026-01-29T10:25:47.963-05:00  INFO 18284 --- [dev-server-output] c.v.b.devserver.DevServerOutputTracker   :   > 172 |                 {carrito.map((item) => (
2026-01-29T10:25:47.963-05:00  INFO 18284 --- [dev-server-output] c.v.b.devserver.DevServerOutputTracker   :         |                               ^^^^
2026-01-29T10:25:47.964-05:00  INFO 18284 --- [dev-server-output] c.v.b.devserver.DevServerOutputTracker   :     173 |                   <div key={item.id} className="producto-card">
2026-01-29T10:25:47.964-05:00  INFO 18284 --- [dev-server-output] c.v.b.devserver.DevServerOutputTracker   :     174 |                     <ProductoCard
2026-01-29T10:25:47.964-05:00  INFO 18284 --- [dev-server-output] c.v.b.devserver.DevServerOutputTracker   :     175 |                       item={item}
2026-01-29T10:25:47.964-05:00  INFO 18284 --- [dev-server-output] c.v.b.devserver.DevServerOutputTracker   : 
2026-01-29T10:25:47.964-05:00  INFO 18284 --- [dev-server-output] c.v.b.devserver.DevServerOutputTracker   :  ERROR(TypeScript)  Parameter 'item' implicitly has an 'any' type.
2026-01-29T10:25:47.965-05:00  INFO 18284 --- [dev-server-output] c.v.b.devserver.DevServerOutputTracker   :  FILE  C:/Users/LENOVO I7/Desktop/Proyecto/Proyecto_NvidiaCorp/src/main/frontend/views/carrito-list.tsx:203:34
2026-01-29T10:25:47.965-05:00  INFO 18284 --- [dev-server-output] c.v.b.devserver.DevServerOutputTracker   : 
2026-01-29T10:25:47.965-05:00  INFO 18284 --- [dev-server-output] c.v.b.devserver.DevServerOutputTracker   :     201 |                   <h3 className="carrito-mini-factura-titulo">Productos</h3>
2026-01-29T10:25:47.965-05:00  INFO 18284 --- [dev-server-output] c.v.b.devserver.DevServerOutputTracker   :     202 |                   <ul className="carrito-mini-factura-lista">
2026-01-29T10:25:47.965-05:00  INFO 18284 --- [dev-server-output] c.v.b.devserver.DevServerOutputTracker   :   > 203 |                     {carrito.map(item => (
2026-01-29T10:25:47.965-05:00  INFO 18284 --- [dev-server-output] c.v.b.devserver.DevServerOutputTracker   :         |                                  ^^^^
2026-01-29T10:25:47.965-05:00  INFO 18284 --- [dev-server-output] c.v.b.devserver.DevServerOutputTracker   :     204 |                       <li key={item.id} className="carrito-mini-factura-item">
2026-01-29T10:25:47.965-05:00  INFO 18284 --- [dev-server-output] c.v.b.devserver.DevServerOutputTracker   :     205 |                         <span className="carrito-mini-factura-nombre">{item.nombre}</span>
2026-01-29T10:25:47.966-05:00  INFO 18284 --- [dev-server-output] c.v.b.devserver.DevServerOutputTracker   :     206 |                         <span className="carrito-mini-factura-cantidad">{cantidades[item.id] || 1}</span>
2026-01-29T10:25:47.966-05:00  INFO 18284 --- [dev-server-output] c.v.b.devserver.DevServerOutputTracker   : 
2026-01-29T10:25:47.966-05:00  INFO 18284 --- [dev-server-output] c.v.b.devserver.DevServerOutputTracker   :  ERROR(TypeScript)  Parameter 'acc' implicitly has an 'any' type.
2026-01-29T10:25:47.966-05:00  INFO 18284 --- [dev-server-output] c.v.b.devserver.DevServerOutputTracker   :  FILE  C:/Users/LENOVO I7/Desktop/Proyecto/Proyecto_NvidiaCorp/src/main/frontend/views/Pago-form.tsx:29:44
2026-01-29T10:25:47.966-05:00  INFO 18284 --- [dev-server-output] c.v.b.devserver.DevServerOutputTracker   : 
2026-01-29T10:25:47.966-05:00  INFO 18284 --- [dev-server-output] c.v.b.devserver.DevServerOutputTracker   :     27 |           localStorage.removeItem('carrito');
2026-01-29T10:25:47.966-05:00  INFO 18284 --- [dev-server-output] c.v.b.devserver.DevServerOutputTracker   :     28 |
2026-01-29T10:25:47.966-05:00  INFO 18284 --- [dev-server-output] c.v.b.devserver.DevServerOutputTracker   :   > 29 |           const subtotal = carrito.reduce((acc, item) => acc + (item.precio * (item.cantidad || 1)), 0);
2026-01-29T10:25:47.966-05:00  INFO 18284 --- [dev-server-output] c.v.b.devserver.DevServerOutputTracker   :        |                                            ^^^
2026-01-29T10:25:47.966-05:00  INFO 18284 --- [dev-server-output] c.v.b.devserver.DevServerOutputTracker   :     30 |           const iva = subtotal * 0.15;
2026-01-29T10:25:47.966-05:00  INFO 18284 --- [dev-server-output] c.v.b.devserver.DevServerOutputTracker   :     31 |           const total = subtotal + iva;
2026-01-29T10:25:47.966-05:00  INFO 18284 --- [dev-server-output] c.v.b.devserver.DevServerOutputTracker   :     32 |
2026-01-29T10:25:47.966-05:00  INFO 18284 --- [dev-server-output] c.v.b.devserver.DevServerOutputTracker   : 
2026-01-29T10:25:47.966-05:00  INFO 18284 --- [dev-server-output] c.v.b.devserver.DevServerOutputTracker   :  ERROR(TypeScript)  Parameter 'item' implicitly has an 'any' type.
2026-01-29T10:25:47.966-05:00  INFO 18284 --- [dev-server-output] c.v.b.devserver.DevServerOutputTracker   :  FILE  C:/Users/LENOVO I7/Desktop/Proyecto/Proyecto_NvidiaCorp/src/main/frontend/views/Pago-form.tsx:29:49
2026-01-29T10:25:47.969-05:00  INFO 18284 --- [dev-server-output] c.v.b.devserver.DevServerOutputTracker   : 
2026-01-29T10:25:47.969-05:00  INFO 18284 --- [dev-server-output] c.v.b.devserver.DevServerOutputTracker   :     27 |           localStorage.removeItem('carrito');
2026-01-29T10:25:47.969-05:00  INFO 18284 --- [dev-server-output] c.v.b.devserver.DevServerOutputTracker   :     28 |
2026-01-29T10:25:47.969-05:00  INFO 18284 --- [dev-server-output] c.v.b.devserver.DevServerOutputTracker   :   > 29 |           const subtotal = carrito.reduce((acc, item) => acc + (item.precio * (item.cantidad || 1)), 0);
2026-01-29T10:25:47.970-05:00  INFO 18284 --- [dev-server-output] c.v.b.devserver.DevServerOutputTracker   :        |                                                 ^^^^
2026-01-29T10:25:47.970-05:00  INFO 18284 --- [dev-server-output] c.v.b.devserver.DevServerOutputTracker   :     30 |           const iva = subtotal * 0.15;
2026-01-29T10:25:47.970-05:00  INFO 18284 --- [dev-server-output] c.v.b.devserver.DevServerOutputTracker   :     31 |           const total = subtotal + iva;
2026-01-29T10:25:47.970-05:00  INFO 18284 --- [dev-server-output] c.v.b.devserver.DevServerOutputTracker   :     32 |
2026-01-29T10:25:47.970-05:00  INFO 18284 --- [dev-server-output] c.v.b.devserver.DevServerOutputTracker   : 
2026-01-29T10:25:47.971-05:00  INFO 18284 --- [dev-server-output] c.v.b.devserver.DevServerOutputTracker   :  ERROR(TypeScript)  Not all code paths return a value.
2026-01-29T10:25:47.971-05:00  INFO 18284 --- [dev-server-output] c.v.b.devserver.DevServerOutputTracker   :  FILE  C:/Users/LENOVO I7/Desktop/Proyecto/Proyecto_NvidiaCorp/src/main/frontend/views/Pago-form.tsx:48:13
2026-01-29T10:25:47.972-05:00  INFO 18284 --- [dev-server-output] c.v.b.devserver.DevServerOutputTracker   : 
2026-01-29T10:25:47.972-05:00  INFO 18284 --- [dev-server-output] c.v.b.devserver.DevServerOutputTracker   :     46 |   }, [navigate, carrito, id]);
2026-01-29T10:25:47.972-05:00  INFO 18284 --- [dev-server-output] c.v.b.devserver.DevServerOutputTracker   :     47 |
2026-01-29T10:25:47.972-05:00  INFO 18284 --- [dev-server-output] c.v.b.devserver.DevServerOutputTracker   :   > 48 |   useEffect(() => {
2026-01-29T10:25:47.972-05:00  INFO 18284 --- [dev-server-output] c.v.b.devserver.DevServerOutputTracker   :        |             ^^^^^^^
2026-01-29T10:25:47.972-05:00  INFO 18284 --- [dev-server-output] c.v.b.devserver.DevServerOutputTracker   :     49 |     if (checkoutId) {
2026-01-29T10:25:47.972-05:00  INFO 18284 --- [dev-server-output] c.v.b.devserver.DevServerOutputTracker   :     50 |       const script = document.createElement('script');
2026-01-29T10:25:47.972-05:00  INFO 18284 --- [dev-server-output] c.v.b.devserver.DevServerOutputTracker   :     51 |       script.src = `https://eu-test.oppwa.com/v1/paymentWidgets.js?checkoutId=${checkoutId}`;
2026-01-29T10:25:47.972-05:00  INFO 18284 --- [dev-server-output] c.v.b.devserver.DevServerOutputTracker   : 
2026-01-29T10:25:47.972-05:00  INFO 18284 --- [dev-server-output] c.v.b.devserver.DevServerOutputTracker   :  ERROR(TypeScript)  Type 'Element' is not assignable to type 'string'.
2026-01-29T10:25:47.973-05:00  INFO 18284 --- [dev-server-output] c.v.b.devserver.DevServerOutputTracker   :  FILE  C:/Users/LENOVO I7/Desktop/Proyecto/Proyecto_NvidiaCorp/src/main/frontend/views/Pago_list.tsx:86:20
2026-01-29T10:25:47.973-05:00  INFO 18284 --- [dev-server-output] c.v.b.devserver.DevServerOutputTracker   : 
2026-01-29T10:25:47.973-05:00  INFO 18284 --- [dev-server-output] c.v.b.devserver.DevServerOutputTracker   :     84 |   return (
2026-01-29T10:25:47.973-05:00  INFO 18284 --- [dev-server-output] c.v.b.devserver.DevServerOutputTracker   :     85 |     <main className="pago-main">
2026-01-29T10:25:47.973-05:00  INFO 18284 --- [dev-server-output] c.v.b.devserver.DevServerOutputTracker   :   > 86 |       <ViewToolbar title={<span className="pago-title">Lista de Pagos</span>}>
2026-01-29T10:25:47.973-05:00  INFO 18284 --- [dev-server-output] c.v.b.devserver.DevServerOutputTracker   :        |                    ^^^^^
2026-01-29T10:25:47.973-05:00  INFO 18284 --- [dev-server-output] c.v.b.devserver.DevServerOutputTracker   :     87 |         <Group>
2026-01-29T10:25:47.973-05:00  INFO 18284 --- [dev-server-output] c.v.b.devserver.DevServerOutputTracker   :     88 |           {/* Aquí puedes agregar filtros o botones si lo necesitas */}
2026-01-29T10:25:47.973-05:00  INFO 18284 --- [dev-server-output] c.v.b.devserver.DevServerOutputTracker   :     89 |         </Group>
2026-01-29T10:25:47.973-05:00  INFO 18284 --- [dev-server-output] c.v.b.devserver.DevServerOutputTracker   : 
2026-01-29T10:25:47.973-05:00  INFO 18284 --- [dev-server-output] c.v.b.devserver.DevServerOutputTracker   :  ERROR(TypeScript)  Type 'Promise<(Persona | undefined)[] | undefined>' is not assignable to type 'Promise<Persona[]>'.
2026-01-29T10:25:47.973-05:00  INFO 18284 --- [dev-server-output] c.v.b.devserver.DevServerOutputTracker   :   Type '(Persona | undefined)[] | undefined' is not assignable to type 'Persona[]'.
2026-01-29T10:25:47.973-05:00  INFO 18284 --- [dev-server-output] c.v.b.devserver.DevServerOutputTracker   :     Type 'undefined' is not assignable to type 'Persona[]'.
2026-01-29T10:25:47.973-05:00  INFO 18284 --- [dev-server-output] c.v.b.devserver.DevServerOutputTracker   :  FILE  C:/Users/LENOVO I7/Desktop/Proyecto/Proyecto_NvidiaCorp/src/main/frontend/views/persona-list.tsx:172:27
2026-01-29T10:25:47.973-05:00  INFO 18284 --- [dev-server-output] c.v.b.devserver.DevServerOutputTracker   : 
2026-01-29T10:25:47.973-05:00  INFO 18284 --- [dev-server-output] c.v.b.devserver.DevServerOutputTracker   :     170 | export default function PersonaListView() {
2026-01-29T10:25:47.973-05:00  INFO 18284 --- [dev-server-output] c.v.b.devserver.DevServerOutputTracker   :     171 |     const dataProvider = useDataProvider<Persona>({
2026-01-29T10:25:47.973-05:00  INFO 18284 --- [dev-server-output] c.v.b.devserver.DevServerOutputTracker   :   > 172 |         list: (params) => PersonaServices.listAllPersona(),
2026-01-29T10:25:47.973-05:00  INFO 18284 --- [dev-server-output] c.v.b.devserver.DevServerOutputTracker   :         |                           ^^^^^^^^^^^^^^^^^^^^^^^^^^^^^^^^
2026-01-29T10:25:47.973-05:00  INFO 18284 --- [dev-server-output] c.v.b.devserver.DevServerOutputTracker   :     173 |     });
2026-01-29T10:25:47.973-05:00  INFO 18284 --- [dev-server-output] c.v.b.devserver.DevServerOutputTracker   :     174 |
2026-01-29T10:25:47.973-05:00  INFO 18284 --- [dev-server-output] c.v.b.devserver.DevServerOutputTracker   :     175 |     return (
2026-01-29T10:25:47.973-05:00  INFO 18284 --- [dev-server-output] c.v.b.devserver.DevServerOutputTracker   : 
2026-01-29T10:25:47.973-05:00  INFO 18284 --- [dev-server-output] c.v.b.devserver.DevServerOutputTracker   :  ERROR(TypeScript)  Not all code paths return a value.
2026-01-29T10:25:47.973-05:00  INFO 18284 --- [dev-server-output] c.v.b.devserver.DevServerOutputTracker   :  FILE  C:/Users/LENOVO I7/Desktop/Proyecto/Proyecto_NvidiaCorp/src/main/frontend/views/producto-list.tsx:28:15
2026-01-29T10:25:47.973-05:00  INFO 18284 --- [dev-server-output] c.v.b.devserver.DevServerOutputTracker   : 
2026-01-29T10:25:47.973-05:00  INFO 18284 --- [dev-server-output] c.v.b.devserver.DevServerOutputTracker   :     26 |     const navigate = useNavigate();
2026-01-29T10:25:47.973-05:00  INFO 18284 --- [dev-server-output] c.v.b.devserver.DevServerOutputTracker   :     27 |
2026-01-29T10:25:47.973-05:00  INFO 18284 --- [dev-server-output] c.v.b.devserver.DevServerOutputTracker   :   > 28 |     useEffect(() => {
2026-01-29T10:25:47.973-05:00  INFO 18284 --- [dev-server-output] c.v.b.devserver.DevServerOutputTracker   :        |               ^^^^^^^
2026-01-29T10:25:47.973-05:00  INFO 18284 --- [dev-server-output] c.v.b.devserver.DevServerOutputTracker   :     29 |         if (isVisible && producto) {
2026-01-29T10:25:47.973-05:00  INFO 18284 --- [dev-server-output] c.v.b.devserver.DevServerOutputTracker   :     30 |             const timer = setTimeout(() => {
2026-01-29T10:25:47.973-05:00  INFO 18284 --- [dev-server-output] c.v.b.devserver.DevServerOutputTracker   :     31 |                 onClose();
2026-01-29T10:25:47.973-05:00  INFO 18284 --- [dev-server-output] c.v.b.devserver.DevServerOutputTracker   : 
2026-01-29T10:25:47.973-05:00  INFO 18284 --- [dev-server-output] c.v.b.devserver.DevServerOutputTracker   :  ERROR(TypeScript)  'respuesta' is possibly 'undefined'.
2026-01-29T10:25:47.973-05:00  INFO 18284 --- [dev-server-output] c.v.b.devserver.DevServerOutputTracker   :  FILE  C:/Users/LENOVO I7/Desktop/Proyecto/Proyecto_NvidiaCorp/src/main/frontend/views/producto-list.tsx:218:17
2026-01-29T10:25:47.973-05:00  INFO 18284 --- [dev-server-output] c.v.b.devserver.DevServerOutputTracker   : 
2026-01-29T10:25:47.973-05:00  INFO 18284 --- [dev-server-output] c.v.b.devserver.DevServerOutputTracker   :     216 |
2026-01-29T10:25:47.973-05:00  INFO 18284 --- [dev-server-output] c.v.b.devserver.DevServerOutputTracker   :     217 |             // --- Lógica de Añadir al Carrito ---
2026-01-29T10:25:47.973-05:00  INFO 18284 --- [dev-server-output] c.v.b.devserver.DevServerOutputTracker   :   > 218 |             if (respuesta.includes("[ADD_TO_CART:")) {
2026-01-29T10:25:47.977-05:00  INFO 18284 --- [dev-server-output] c.v.b.devserver.DevServerOutputTracker   :         |                 ^^^^^^^^^
2026-01-29T10:25:47.977-05:00  INFO 18284 --- [dev-server-output] c.v.b.devserver.DevServerOutputTracker   :     219 |                 const match = respuesta.match(/\[ADD_TO_CART:(\d+)\]/);
2026-01-29T10:25:47.977-05:00  INFO 18284 --- [dev-server-output] c.v.b.devserver.DevServerOutputTracker   :     220 |                 if (match) {
2026-01-29T10:25:47.977-05:00  INFO 18284 --- [dev-server-output] c.v.b.devserver.DevServerOutputTracker   :     221 |                     const id = parseInt(match[1]);
2026-01-29T10:25:47.977-05:00  INFO 18284 --- [dev-server-output] c.v.b.devserver.DevServerOutputTracker   : 
2026-01-29T10:25:47.977-05:00  INFO 18284 --- [dev-server-output] c.v.b.devserver.DevServerOutputTracker   :  ERROR(TypeScript)  'respuesta' is possibly 'undefined'.
2026-01-29T10:25:47.977-05:00  INFO 18284 --- [dev-server-output] c.v.b.devserver.DevServerOutputTracker   :  FILE  C:/Users/LENOVO I7/Desktop/Proyecto/Proyecto_NvidiaCorp/src/main/frontend/views/producto-list.tsx:219:31
2026-01-29T10:25:47.977-05:00  INFO 18284 --- [dev-server-output] c.v.b.devserver.DevServerOutputTracker   : 
2026-01-29T10:25:47.978-05:00  INFO 18284 --- [dev-server-output] c.v.b.devserver.DevServerOutputTracker   :     217 |             // --- Lógica de Añadir al Carrito ---
2026-01-29T10:25:47.978-05:00  INFO 18284 --- [dev-server-output] c.v.b.devserver.DevServerOutputTracker   :     218 |             if (respuesta.includes("[ADD_TO_CART:")) {
2026-01-29T10:25:47.978-05:00  INFO 18284 --- [dev-server-output] c.v.b.devserver.DevServerOutputTracker   :   > 219 |                 const match = respuesta.match(/\[ADD_TO_CART:(\d+)\]/);
2026-01-29T10:25:47.978-05:00  INFO 18284 --- [dev-server-output] c.v.b.devserver.DevServerOutputTracker   :         |                               ^^^^^^^^^
2026-01-29T10:25:47.978-05:00  INFO 18284 --- [dev-server-output] c.v.b.devserver.DevServerOutputTracker   :     220 |                 if (match) {
2026-01-29T10:25:47.978-05:00  INFO 18284 --- [dev-server-output] c.v.b.devserver.DevServerOutputTracker   :     221 |                     const id = parseInt(match[1]);
2026-01-29T10:25:47.978-05:00  INFO 18284 --- [dev-server-output] c.v.b.devserver.DevServerOutputTracker   :     222 |                     const prod = productos.find(p => p.id === id);
2026-01-29T10:25:47.978-05:00  INFO 18284 --- [dev-server-output] c.v.b.devserver.DevServerOutputTracker   : 
2026-01-29T10:25:47.978-05:00  INFO 18284 --- [dev-server-output] c.v.b.devserver.DevServerOutputTracker   :  ERROR(TypeScript)  'respuesta' is possibly 'undefined'.
2026-01-29T10:25:47.978-05:00  INFO 18284 --- [dev-server-output] c.v.b.devserver.DevServerOutputTracker   :  FILE  C:/Users/LENOVO I7/Desktop/Proyecto/Proyecto_NvidiaCorp/src/main/frontend/views/producto-list.tsx:231:33
2026-01-29T10:25:47.979-05:00  INFO 18284 --- [dev-server-output] c.v.b.devserver.DevServerOutputTracker   : 
2026-01-29T10:25:47.979-05:00  INFO 18284 --- [dev-server-output] c.v.b.devserver.DevServerOutputTracker   :     229 |
2026-01-29T10:25:47.979-05:00  INFO 18284 --- [dev-server-output] c.v.b.devserver.DevServerOutputTracker   :     230 |             // Limpiamos el código del texto antes de mostrarlo
2026-01-29T10:25:47.979-05:00  INFO 18284 --- [dev-server-output] c.v.b.devserver.DevServerOutputTracker   :   > 231 |             const textoLimpio = respuesta.replace(/\[ADD_TO_CART:.*?\]/g, "").trim();
2026-01-29T10:25:47.979-05:00  INFO 18284 --- [dev-server-output] c.v.b.devserver.DevServerOutputTracker   :         |                                 ^^^^^^^^^
2026-01-29T10:25:47.979-05:00  INFO 18284 --- [dev-server-output] c.v.b.devserver.DevServerOutputTracker   :     232 |             setHistorial(prev => [...prev, { rol: 'ia', texto: textoLimpio }]);
2026-01-29T10:25:47.979-05:00  INFO 18284 --- [dev-server-output] c.v.b.devserver.DevServerOutputTracker   :     233 |         } catch (error) {
2026-01-29T10:25:47.979-05:00  INFO 18284 --- [dev-server-output] c.v.b.devserver.DevServerOutputTracker   :     234 |             console.error(error);
2026-01-29T10:25:47.979-05:00  INFO 18284 --- [dev-server-output] c.v.b.devserver.DevServerOutputTracker   : 
2026-01-29T10:25:47.979-05:00  INFO 18284 --- [dev-server-output] c.v.b.devserver.DevServerOutputTracker   :  ERROR(TypeScript)  Argument of type '(ProductoDTO | undefined)[] | undefined' is not assignable to parameter of type 'SetStateAction<Producto[]>'.
2026-01-29T10:25:47.979-05:00  INFO 18284 --- [dev-server-output] c.v.b.devserver.DevServerOutputTracker   :   Type 'undefined' is not assignable to type 'SetStateAction<Producto[]>'.
2026-01-29T10:25:47.980-05:00  INFO 18284 --- [dev-server-output] c.v.b.devserver.DevServerOutputTracker   :  FILE  C:/Users/LENOVO I7/Desktop/Proyecto/Proyecto_NvidiaCorp/src/main/frontend/views/producto-list.tsx:250:22
2026-01-29T10:25:47.980-05:00  INFO 18284 --- [dev-server-output] c.v.b.devserver.DevServerOutputTracker   : 
2026-01-29T10:25:47.980-05:00  INFO 18284 --- [dev-server-output] c.v.b.devserver.DevServerOutputTracker   :     248 |     const cargarProductos = async () => {
2026-01-29T10:25:47.980-05:00  INFO 18284 --- [dev-server-output] c.v.b.devserver.DevServerOutputTracker   :     249 |         const data = await ProductoService.listAllProductos();
2026-01-29T10:25:47.980-05:00  INFO 18284 --- [dev-server-output] c.v.b.devserver.DevServerOutputTracker   :   > 250 |         setProductos(data);
2026-01-29T10:25:47.980-05:00  INFO 18284 --- [dev-server-output] c.v.b.devserver.DevServerOutputTracker   :         |                      ^^^^
2026-01-29T10:25:47.981-05:00  INFO 18284 --- [dev-server-output] c.v.b.devserver.DevServerOutputTracker   :     251 |         setProductosFiltrados(data);
2026-01-29T10:25:47.981-05:00  INFO 18284 --- [dev-server-output] c.v.b.devserver.DevServerOutputTracker   :     252 |         console.log("Productos recibidos:", data);
2026-01-29T10:25:47.981-05:00  INFO 18284 --- [dev-server-output] c.v.b.devserver.DevServerOutputTracker   :     253 |     };
2026-01-29T10:25:47.981-05:00  INFO 18284 --- [dev-server-output] c.v.b.devserver.DevServerOutputTracker   : 
2026-01-29T10:25:47.981-05:00  INFO 18284 --- [dev-server-output] c.v.b.devserver.DevServerOutputTracker   :  ERROR(TypeScript)  Argument of type '(ProductoDTO | undefined)[] | undefined' is not assignable to parameter of type 'SetStateAction<Producto[]>'.
2026-01-29T10:25:47.981-05:00  INFO 18284 --- [dev-server-output] c.v.b.devserver.DevServerOutputTracker   :   Type 'undefined' is not assignable to type 'SetStateAction<Producto[]>'.
2026-01-29T10:25:47.982-05:00  INFO 18284 --- [dev-server-output] c.v.b.devserver.DevServerOutputTracker   :  FILE  C:/Users/LENOVO I7/Desktop/Proyecto/Proyecto_NvidiaCorp/src/main/frontend/views/producto-list.tsx:251:31
2026-01-29T10:25:47.982-05:00  INFO 18284 --- [dev-server-output] c.v.b.devserver.DevServerOutputTracker   : 
2026-01-29T10:25:47.982-05:00  INFO 18284 --- [dev-server-output] c.v.b.devserver.DevServerOutputTracker   :     249 |         const data = await ProductoService.listAllProductos();
2026-01-29T10:25:47.982-05:00  INFO 18284 --- [dev-server-output] c.v.b.devserver.DevServerOutputTracker   :     250 |         setProductos(data);
2026-01-29T10:25:47.982-05:00  INFO 18284 --- [dev-server-output] c.v.b.devserver.DevServerOutputTracker   :   > 251 |         setProductosFiltrados(data);
2026-01-29T10:25:47.982-05:00  INFO 18284 --- [dev-server-output] c.v.b.devserver.DevServerOutputTracker   :         |                               ^^^^
2026-01-29T10:25:47.982-05:00  INFO 18284 --- [dev-server-output] c.v.b.devserver.DevServerOutputTracker   :     252 |         console.log("Productos recibidos:", data);
2026-01-29T10:25:47.982-05:00  INFO 18284 --- [dev-server-output] c.v.b.devserver.DevServerOutputTracker   :     253 |     };
2026-01-29T10:25:47.982-05:00  INFO 18284 --- [dev-server-output] c.v.b.devserver.DevServerOutputTracker   :     254 |
2026-01-29T10:25:47.982-05:00  INFO 18284 --- [dev-server-output] c.v.b.devserver.DevServerOutputTracker   : 
2026-01-29T10:25:47.982-05:00  INFO 18284 --- [dev-server-output] c.v.b.devserver.DevServerOutputTracker   :  ERROR(TypeScript)  Property 'busqueda' does not exist on type 'typeof import("C:/Users/LENOVO I7/Desktop/Proyecto/Proyecto_NvidiaCorp/src/main/frontend/generated/ProductoService")'.
2026-01-29T10:25:47.982-05:00  INFO 18284 --- [dev-server-output] c.v.b.devserver.DevServerOutputTracker   :  FILE  C:/Users/LENOVO I7/Desktop/Proyecto/Proyecto_NvidiaCorp/src/main/frontend/views/producto-list.tsx:350:29
2026-01-29T10:25:47.982-05:00  INFO 18284 --- [dev-server-output] c.v.b.devserver.DevServerOutputTracker   : 
2026-01-29T10:25:47.982-05:00  INFO 18284 --- [dev-server-output] c.v.b.devserver.DevServerOutputTracker   :     348 |                 return;
2026-01-29T10:25:47.982-05:00  INFO 18284 --- [dev-server-output] c.v.b.devserver.DevServerOutputTracker   :     349 |             }
2026-01-29T10:25:47.982-05:00  INFO 18284 --- [dev-server-output] c.v.b.devserver.DevServerOutputTracker   :   > 350 |             ProductoService.busqueda(criterio.value, text.value).then(function (data) {
2026-01-29T10:25:47.982-05:00  INFO 18284 --- [dev-server-output] c.v.b.devserver.DevServerOutputTracker   :         |                             ^^^^^^^^
2026-01-29T10:25:47.982-05:00  INFO 18284 --- [dev-server-output] c.v.b.devserver.DevServerOutputTracker   :     351 |                 setProductos(data);
2026-01-29T10:25:47.982-05:00  INFO 18284 --- [dev-server-output] c.v.b.devserver.DevServerOutputTracker   :     352 |                 console.log("Resultados de busqueda:", data);
2026-01-29T10:25:47.982-05:00  INFO 18284 --- [dev-server-output] c.v.b.devserver.DevServerOutputTracker   :     353 |                 Notification.show(`Se encontraron ${data.length} resultado(s)`, {
2026-01-29T10:25:47.982-05:00  INFO 18284 --- [dev-server-output] c.v.b.devserver.DevServerOutputTracker   : 
2026-01-29T10:25:47.982-05:00  INFO 18284 --- [dev-server-output] c.v.b.devserver.DevServerOutputTracker   :  ERROR(TypeScript)  Parameter 'data' implicitly has an 'any' type.
2026-01-29T10:25:47.982-05:00  INFO 18284 --- [dev-server-output] c.v.b.devserver.DevServerOutputTracker   :  FILE  C:/Users/LENOVO I7/Desktop/Proyecto/Proyecto_NvidiaCorp/src/main/frontend/views/producto-list.tsx:350:81
2026-01-29T10:25:47.982-05:00  INFO 18284 --- [dev-server-output] c.v.b.devserver.DevServerOutputTracker   : 
2026-01-29T10:25:47.982-05:00  INFO 18284 --- [dev-server-output] c.v.b.devserver.DevServerOutputTracker   :     348 |                 return;
2026-01-29T10:25:47.982-05:00  INFO 18284 --- [dev-server-output] c.v.b.devserver.DevServerOutputTracker   :     349 |             }
2026-01-29T10:25:47.982-05:00  INFO 18284 --- [dev-server-output] c.v.b.devserver.DevServerOutputTracker   :   > 350 |             ProductoService.busqueda(criterio.value, text.value).then(function (data) {
2026-01-29T10:25:47.982-05:00  INFO 18284 --- [dev-server-output] c.v.b.devserver.DevServerOutputTracker   :         |                                                                                 ^^^^
2026-01-29T10:25:47.982-05:00  INFO 18284 --- [dev-server-output] c.v.b.devserver.DevServerOutputTracker   :     351 |                 setProductos(data);
2026-01-29T10:25:47.982-05:00  INFO 18284 --- [dev-server-output] c.v.b.devserver.DevServerOutputTracker   :     352 |                 console.log("Resultados de busqueda:", data);
2026-01-29T10:25:47.982-05:00  INFO 18284 --- [dev-server-output] c.v.b.devserver.DevServerOutputTracker   :     353 |                 Notification.show(`Se encontraron ${data.length} resultado(s)`, {
2026-01-29T10:25:47.982-05:00  INFO 18284 --- [dev-server-output] c.v.b.devserver.DevServerOutputTracker   : 
2026-01-29T10:25:47.982-05:00  INFO 18284 --- [dev-server-output] c.v.b.devserver.DevServerOutputTracker   :  ERROR(TypeScript)  Type 'Element' is not assignable to type 'string'.
2026-01-29T10:25:47.982-05:00  INFO 18284 --- [dev-server-output] c.v.b.devserver.DevServerOutputTracker   :  FILE  C:/Users/LENOVO I7/Desktop/Proyecto/Proyecto_NvidiaCorp/src/main/frontend/views/producto-list.tsx:599:21
2026-01-29T10:25:47.982-05:00  INFO 18284 --- [dev-server-output] c.v.b.devserver.DevServerOutputTracker   : 
2026-01-29T10:25:47.982-05:00  INFO 18284 --- [dev-server-output] c.v.b.devserver.DevServerOutputTracker   :     597 |             <div className="contenido-principal">
2026-01-29T10:25:47.982-05:00  INFO 18284 --- [dev-server-output] c.v.b.devserver.DevServerOutputTracker   :     598 |                 <ViewToolbar
2026-01-29T10:25:47.982-05:00  INFO 18284 --- [dev-server-output] c.v.b.devserver.DevServerOutputTracker   :   > 599 |                     title={
2026-01-29T10:25:47.982-05:00  INFO 18284 --- [dev-server-output] c.v.b.devserver.DevServerOutputTracker   :         |                     ^^^^^
2026-01-29T10:25:47.982-05:00  INFO 18284 --- [dev-server-output] c.v.b.devserver.DevServerOutputTracker   :     600 |                         <span className="producto-toolbar-titulo">
2026-01-29T10:25:47.982-05:00  INFO 18284 --- [dev-server-output] c.v.b.devserver.DevServerOutputTracker   :     601 |                             Productos ({productosFiltrados.length})
2026-01-29T10:25:47.982-05:00  INFO 18284 --- [dev-server-output] c.v.b.devserver.DevServerOutputTracker   :     602 |                         </span>
2026-01-29T10:25:47.982-05:00  INFO 18284 --- [dev-server-output] c.v.b.devserver.DevServerOutputTracker   : 
2026-01-29T10:25:47.982-05:00  INFO 18284 --- [dev-server-output] c.v.b.devserver.DevServerOutputTracker   :  ERROR(TypeScript)  Type '(event: KeyboardEvent) => void' is not assignable to type 'KeyboardEventHandler<TextField>'.
2026-01-29T10:25:47.982-05:00  INFO 18284 --- [dev-server-output] c.v.b.devserver.DevServerOutputTracker   :   Types of parameters 'event' and 'event' are incompatible.
2026-01-29T10:25:47.982-05:00  INFO 18284 --- [dev-server-output] c.v.b.devserver.DevServerOutputTracker   :     Type 'KeyboardEvent<TextField>' is missing the following properties from type 'KeyboardEvent': isComposing, initKeyboardEvent, DOM_KEY_LOCATION_STANDARD, DOM_KEY_LOCATION_LEFT, and 14 more.
2026-01-29T10:25:47.982-05:00  INFO 18284 --- [dev-server-output] c.v.b.devserver.DevServerOutputTracker   :  FILE  C:/Users/LENOVO I7/Desktop/Proyecto/Proyecto_NvidiaCorp/src/main/frontend/views/producto-list.tsx:629:25
2026-01-29T10:25:47.982-05:00  INFO 18284 --- [dev-server-output] c.v.b.devserver.DevServerOutputTracker   : 
2026-01-29T10:25:47.982-05:00  INFO 18284 --- [dev-server-output] c.v.b.devserver.DevServerOutputTracker   :     627 |                         value={text.value}
2026-01-29T10:25:47.982-05:00  INFO 18284 --- [dev-server-output] c.v.b.devserver.DevServerOutputTracker   :     628 |                         onValueChanged={(evt) => (text.value = evt.detail.value)}
2026-01-29T10:25:47.982-05:00  INFO 18284 --- [dev-server-output] c.v.b.devserver.DevServerOutputTracker   :   > 629 |                         onKeyDown={handleKeyPress}
2026-01-29T10:25:47.982-05:00  INFO 18284 --- [dev-server-output] c.v.b.devserver.DevServerOutputTracker   :         |                         ^^^^^^^^^
2026-01-29T10:25:47.982-05:00  INFO 18284 --- [dev-server-output] c.v.b.devserver.DevServerOutputTracker   :     630 |                         clearButtonVisible
2026-01-29T10:25:47.982-05:00  INFO 18284 --- [dev-server-output] c.v.b.devserver.DevServerOutputTracker   :     631 |                     >
2026-01-29T10:25:47.982-05:00  INFO 18284 --- [dev-server-output] c.v.b.devserver.DevServerOutputTracker   :     632 |                         <Icon slot="prefix" icon="vaadin:search" style={{ color: '#76b900', fontSize: '1.2rem' }} />
2026-01-29T10:25:47.987-05:00  INFO 18284 --- [dev-server-output] c.v.b.devserver.DevServerOutputTracker   : 
2026-01-29T10:25:47.987-05:00  INFO 18284 --- [dev-server-output] c.v.b.devserver.DevServerOutputTracker   :  ERROR(TypeScript)  Type '{ onProductoCreated: () => Promise<void>; className: string; }' is not assignable to type 'IntrinsicAttributes & ProductoEntryFormProps'.
2026-01-29T10:25:47.987-05:00  INFO 18284 --- [dev-server-output] c.v.b.devserver.DevServerOutputTracker   :   Property 'className' does not exist on type 'IntrinsicAttributes & ProductoEntryFormProps'.
2026-01-29T10:25:47.987-05:00  INFO 18284 --- [dev-server-output] c.v.b.devserver.DevServerOutputTracker   :  FILE  C:/Users/LENOVO I7/Desktop/Proyecto/Proyecto_NvidiaCorp/src/main/frontend/views/producto-list.tsx:658:25
2026-01-29T10:25:47.987-05:00  INFO 18284 --- [dev-server-output] c.v.b.devserver.DevServerOutputTracker   : 
2026-01-29T10:25:47.987-05:00  INFO 18284 --- [dev-server-output] c.v.b.devserver.DevServerOutputTracker   :     656 |                     <ProductoEntryForm
2026-01-29T10:25:47.987-05:00  INFO 18284 --- [dev-server-output] c.v.b.devserver.DevServerOutputTracker   :     657 |                         onProductoCreated={cargarProductos}
2026-01-29T10:25:47.987-05:00  INFO 18284 --- [dev-server-output] c.v.b.devserver.DevServerOutputTracker   :   > 658 |                         className="producto-btn-registrar"
2026-01-29T10:25:47.987-05:00  INFO 18284 --- [dev-server-output] c.v.b.devserver.DevServerOutputTracker   :         |                         ^^^^^^^^^
2026-01-29T10:25:47.987-05:00  INFO 18284 --- [dev-server-output] c.v.b.devserver.DevServerOutputTracker   :     659 |                     />
2026-01-29T10:25:47.987-05:00  INFO 18284 --- [dev-server-output] c.v.b.devserver.DevServerOutputTracker   :     660 |                 </div>
2026-01-29T10:25:47.987-05:00  INFO 18284 --- [dev-server-output] c.v.b.devserver.DevServerOutputTracker   :     661 |
2026-01-29T10:25:47.987-05:00  INFO 18284 --- [dev-server-output] c.v.b.devserver.DevServerOutputTracker   : 
2026-01-29T10:25:47.987-05:00  INFO 18284 --- [dev-server-output] c.v.b.devserver.DevServerOutputTracker   : [TypeScript] Found 29 errors. Watching for file changes.
2026-01-29T10:38:03.485-05:00  INFO 18284 --- [dev-server-output] c.v.b.devserver.DevServerOutputTracker   : 
2026-01-29T10:38:03.485-05:00  INFO 18284 --- [dev-server-output] c.v.b.devserver.DevServerOutputTracker   :  ERROR(TypeScript)  Property 'user' does not exist on type 'AuthContextType'.
2026-01-29T10:38:03.485-05:00  INFO 18284 --- [dev-server-output] c.v.b.devserver.DevServerOutputTracker   :  FILE  C:/Users/LENOVO I7/Desktop/Proyecto/Proyecto_NvidiaCorp/src/main/frontend/components/Navbar.tsx:12:11
2026-01-29T10:38:03.485-05:00  INFO 18284 --- [dev-server-output] c.v.b.devserver.DevServerOutputTracker   : 
2026-01-29T10:38:03.485-05:00  INFO 18284 --- [dev-server-output] c.v.b.devserver.DevServerOutputTracker   :     10 |   const navigate = useNavigate();
2026-01-29T10:38:03.486-05:00  INFO 18284 --- [dev-server-output] c.v.b.devserver.DevServerOutputTracker   :     11 |   const location = useLocation(); // <-- Obtiene el objeto location
2026-01-29T10:38:03.486-05:00  INFO 18284 --- [dev-server-output] c.v.b.devserver.DevServerOutputTracker   :   > 12 |   const { user } = useAuth();
2026-01-29T10:38:03.486-05:00  INFO 18284 --- [dev-server-output] c.v.b.devserver.DevServerOutputTracker   :        |           ^^^^
2026-01-29T10:38:03.486-05:00  INFO 18284 --- [dev-server-output] c.v.b.devserver.DevServerOutputTracker   :     13 |
2026-01-29T10:38:03.486-05:00  INFO 18284 --- [dev-server-output] c.v.b.devserver.DevServerOutputTracker   :     14 |   console.log("Usuario autenticado:", user); // <-- Agrega esto
2026-01-29T10:38:03.486-05:00  INFO 18284 --- [dev-server-output] c.v.b.devserver.DevServerOutputTracker   :     15 |
2026-01-29T10:38:03.486-05:00  INFO 18284 --- [dev-server-output] c.v.b.devserver.DevServerOutputTracker   : 
2026-01-29T10:38:03.486-05:00  INFO 18284 --- [dev-server-output] c.v.b.devserver.DevServerOutputTracker   :  ERROR(TypeScript)  Type 'Marca | undefined' is not assignable to type 'Marca'.
2026-01-29T10:38:03.486-05:00  INFO 18284 --- [dev-server-output] c.v.b.devserver.DevServerOutputTracker   :   Type 'undefined' is not assignable to type 'Marca'.
2026-01-29T10:38:03.487-05:00  INFO 18284 --- [dev-server-output] c.v.b.devserver.DevServerOutputTracker   :  FILE  C:/Users/LENOVO I7/Desktop/Proyecto/Proyecto_NvidiaCorp/src/main/frontend/views/_producto-admin.tsx:47:68
2026-01-29T10:38:03.487-05:00  INFO 18284 --- [dev-server-output] c.v.b.devserver.DevServerOutputTracker   : 
2026-01-29T10:38:03.487-05:00  INFO 18284 --- [dev-server-output] c.v.b.devserver.DevServerOutputTracker   :     45 |         // Carga de marcas
2026-01-29T10:38:03.487-05:00  INFO 18284 --- [dev-server-output] c.v.b.devserver.DevServerOutputTracker   :     46 |         MarcaService.listAllMarcas().then(result => {
2026-01-29T10:38:03.487-05:00  INFO 18284 --- [dev-server-output] c.v.b.devserver.DevServerOutputTracker   :   > 47 |              setMarcas([{ id: 0, nombre: 'Seleccione una marca' }, ...(result || [])]);
2026-01-29T10:38:03.487-05:00  INFO 18284 --- [dev-server-output] c.v.b.devserver.DevServerOutputTracker   :        |                                                                    ^^^^^^^^^^^^^^^^^
2026-01-29T10:38:03.487-05:00  INFO 18284 --- [dev-server-output] c.v.b.devserver.DevServerOutputTracker   :     48 |         }).catch(console.error);
2026-01-29T10:38:03.487-05:00  INFO 18284 --- [dev-server-output] c.v.b.devserver.DevServerOutputTracker   :     49 |     }, []);
2026-01-29T10:38:03.487-05:00  INFO 18284 --- [dev-server-output] c.v.b.devserver.DevServerOutputTracker   :     50 |
2026-01-29T10:38:03.487-05:00  INFO 18284 --- [dev-server-output] c.v.b.devserver.DevServerOutputTracker   : 
2026-01-29T10:38:03.488-05:00  INFO 18284 --- [dev-server-output] c.v.b.devserver.DevServerOutputTracker   :  ERROR(TypeScript)  Type 'number' is not assignable to type 'string'.
2026-01-29T10:38:03.488-05:00  INFO 18284 --- [dev-server-output] c.v.b.devserver.DevServerOutputTracker   :  FILE  C:/Users/LENOVO I7/Desktop/Proyecto/Proyecto_NvidiaCorp/src/main/frontend/views/_producto-admin.tsx:98:25
2026-01-29T10:38:03.488-05:00  INFO 18284 --- [dev-server-output] c.v.b.devserver.DevServerOutputTracker   : 
2026-01-29T10:38:03.488-05:00  INFO 18284 --- [dev-server-output] c.v.b.devserver.DevServerOutputTracker   :      96 |                         itemLabelPath="nombre"
2026-01-29T10:38:03.488-05:00  INFO 18284 --- [dev-server-output] c.v.b.devserver.DevServerOutputTracker   :      97 |                         itemValuePath="id"
2026-01-29T10:38:03.488-05:00  INFO 18284 --- [dev-server-output] c.v.b.devserver.DevServerOutputTracker   :   >  98 |                         value={marca.value}
2026-01-29T10:38:03.488-05:00  INFO 18284 --- [dev-server-output] c.v.b.devserver.DevServerOutputTracker   :         |                         ^^^^^
2026-01-29T10:38:03.488-05:00  INFO 18284 --- [dev-server-output] c.v.b.devserver.DevServerOutputTracker   :      99 |                         onValueChanged={e => marca.value = e.detail.value}
2026-01-29T10:38:03.488-05:00  INFO 18284 --- [dev-server-output] c.v.b.devserver.DevServerOutputTracker   :     100 |                     />
2026-01-29T10:38:03.488-05:00  INFO 18284 --- [dev-server-output] c.v.b.devserver.DevServerOutputTracker   :     101 |                     
2026-01-29T10:38:03.488-05:00  INFO 18284 --- [dev-server-output] c.v.b.devserver.DevServerOutputTracker   : 
2026-01-29T10:38:03.488-05:00  INFO 18284 --- [dev-server-output] c.v.b.devserver.DevServerOutputTracker   :  ERROR(TypeScript)  Type 'string' is not assignable to type 'number'.
2026-01-29T10:38:03.488-05:00  INFO 18284 --- [dev-server-output] c.v.b.devserver.DevServerOutputTracker   :  FILE  C:/Users/LENOVO I7/Desktop/Proyecto/Proyecto_NvidiaCorp/src/main/frontend/views/_producto-admin.tsx:99:46
2026-01-29T10:38:03.488-05:00  INFO 18284 --- [dev-server-output] c.v.b.devserver.DevServerOutputTracker   : 
2026-01-29T10:38:03.488-05:00  INFO 18284 --- [dev-server-output] c.v.b.devserver.DevServerOutputTracker   :      97 |                         itemValuePath="id"
2026-01-29T10:38:03.488-05:00  INFO 18284 --- [dev-server-output] c.v.b.devserver.DevServerOutputTracker   :      98 |                         value={marca.value}
2026-01-29T10:38:03.488-05:00  INFO 18284 --- [dev-server-output] c.v.b.devserver.DevServerOutputTracker   :   >  99 |                         onValueChanged={e => marca.value = e.detail.value}
2026-01-29T10:38:03.489-05:00  INFO 18284 --- [dev-server-output] c.v.b.devserver.DevServerOutputTracker   :         |                                              ^^^^^^^^^^^
2026-01-29T10:38:03.489-05:00  INFO 18284 --- [dev-server-output] c.v.b.devserver.DevServerOutputTracker   :     100 |                     />
2026-01-29T10:38:03.489-05:00  INFO 18284 --- [dev-server-output] c.v.b.devserver.DevServerOutputTracker   :     101 |                     
2026-01-29T10:38:03.489-05:00  INFO 18284 --- [dev-server-output] c.v.b.devserver.DevServerOutputTracker   :     102 |                     <TextField label="Precio" value={precio.value.toString()} onValueChanged={e => precio.value = parseFloat(e.detail.value) || 0} />
2026-01-29T10:38:03.489-05:00  INFO 18284 --- [dev-server-output] c.v.b.devserver.DevServerOutputTracker   : 
2026-01-29T10:38:03.489-05:00  INFO 18284 --- [dev-server-output] c.v.b.devserver.DevServerOutputTracker   :  ERROR(TypeScript)  Type 'Marca | undefined' is not assignable to type 'Marca'.
2026-01-29T10:38:03.489-05:00  INFO 18284 --- [dev-server-output] c.v.b.devserver.DevServerOutputTracker   :   Type 'undefined' is not assignable to type 'Marca'.
2026-01-29T10:38:03.489-05:00  INFO 18284 --- [dev-server-output] c.v.b.devserver.DevServerOutputTracker   :  FILE  C:/Users/LENOVO I7/Desktop/Proyecto/Proyecto_NvidiaCorp/src/main/frontend/views/_producto-admin.tsx:152:58
2026-01-29T10:38:03.489-05:00  INFO 18284 --- [dev-server-output] c.v.b.devserver.DevServerOutputTracker   : 
2026-01-29T10:38:03.489-05:00  INFO 18284 --- [dev-server-output] c.v.b.devserver.DevServerOutputTracker   :     150 |     useEffect(() => {
2026-01-29T10:38:03.489-05:00  INFO 18284 --- [dev-server-output] c.v.b.devserver.DevServerOutputTracker   :     151 |         MarcaService.listAllMarcas().then(result => {
2026-01-29T10:38:03.489-05:00  INFO 18284 --- [dev-server-output] c.v.b.devserver.DevServerOutputTracker   :   > 152 |              setMarcas([{ id: 0, nombre: 'Seleccione' }, ...(result || [])]);
2026-01-29T10:38:03.489-05:00  INFO 18284 --- [dev-server-output] c.v.b.devserver.DevServerOutputTracker   :         |                                                          ^^^^^^^^^^^^^^^^^
2026-01-29T10:38:03.489-05:00  INFO 18284 --- [dev-server-output] c.v.b.devserver.DevServerOutputTracker   :     153 |         });
2026-01-29T10:38:03.489-05:00  INFO 18284 --- [dev-server-output] c.v.b.devserver.DevServerOutputTracker   :     154 |     }, []);
2026-01-29T10:38:03.489-05:00  INFO 18284 --- [dev-server-output] c.v.b.devserver.DevServerOutputTracker   :     155 |
2026-01-29T10:38:03.489-05:00  INFO 18284 --- [dev-server-output] c.v.b.devserver.DevServerOutputTracker   : 
2026-01-29T10:38:03.489-05:00  INFO 18284 --- [dev-server-output] c.v.b.devserver.DevServerOutputTracker   :  ERROR(TypeScript)  Parameter 'total' implicitly has an 'any' type.
2026-01-29T10:38:03.490-05:00  INFO 18284 --- [dev-server-output] c.v.b.devserver.DevServerOutputTracker   :  FILE  C:/Users/LENOVO I7/Desktop/Proyecto/Proyecto_NvidiaCorp/src/main/frontend/views/carrito-list.tsx:24:28
2026-01-29T10:38:03.490-05:00  INFO 18284 --- [dev-server-output] c.v.b.devserver.DevServerOutputTracker   : 
2026-01-29T10:38:03.490-05:00  INFO 18284 --- [dev-server-output] c.v.b.devserver.DevServerOutputTracker   :     22 |   // Cálculos del carrito
2026-01-29T10:38:03.490-05:00  INFO 18284 --- [dev-server-output] c.v.b.devserver.DevServerOutputTracker   :     23 |   const calcularSubtotal = () => {
2026-01-29T10:38:03.490-05:00  INFO 18284 --- [dev-server-output] c.v.b.devserver.DevServerOutputTracker   :   > 24 |     return carrito.reduce((total, item) => {
2026-01-29T10:38:03.490-05:00  INFO 18284 --- [dev-server-output] c.v.b.devserver.DevServerOutputTracker   :        |                            ^^^^^
2026-01-29T10:38:03.490-05:00  INFO 18284 --- [dev-server-output] c.v.b.devserver.DevServerOutputTracker   :     25 |       const cantidad = cantidades[item.id] || 1;
2026-01-29T10:38:03.490-05:00  INFO 18284 --- [dev-server-output] c.v.b.devserver.DevServerOutputTracker   :     26 |       return total + (item.precio * cantidad);
2026-01-29T10:38:03.490-05:00  INFO 18284 --- [dev-server-output] c.v.b.devserver.DevServerOutputTracker   :     27 |     }, 0);
2026-01-29T10:38:03.490-05:00  INFO 18284 --- [dev-server-output] c.v.b.devserver.DevServerOutputTracker   : 
2026-01-29T10:38:03.490-05:00  INFO 18284 --- [dev-server-output] c.v.b.devserver.DevServerOutputTracker   :  ERROR(TypeScript)  Parameter 'item' implicitly has an 'any' type.
2026-01-29T10:38:03.490-05:00  INFO 18284 --- [dev-server-output] c.v.b.devserver.DevServerOutputTracker   :  FILE  C:/Users/LENOVO I7/Desktop/Proyecto/Proyecto_NvidiaCorp/src/main/frontend/views/carrito-list.tsx:24:35
2026-01-29T10:38:03.490-05:00  INFO 18284 --- [dev-server-output] c.v.b.devserver.DevServerOutputTracker   : 
2026-01-29T10:38:03.490-05:00  INFO 18284 --- [dev-server-output] c.v.b.devserver.DevServerOutputTracker   :     22 |   // Cálculos del carrito
2026-01-29T10:38:03.490-05:00  INFO 18284 --- [dev-server-output] c.v.b.devserver.DevServerOutputTracker   :     23 |   const calcularSubtotal = () => {
2026-01-29T10:38:03.490-05:00  INFO 18284 --- [dev-server-output] c.v.b.devserver.DevServerOutputTracker   :   > 24 |     return carrito.reduce((total, item) => {
2026-01-29T10:38:03.490-05:00  INFO 18284 --- [dev-server-output] c.v.b.devserver.DevServerOutputTracker   :        |                                   ^^^^
2026-01-29T10:38:03.490-05:00  INFO 18284 --- [dev-server-output] c.v.b.devserver.DevServerOutputTracker   :     25 |       const cantidad = cantidades[item.id] || 1;
2026-01-29T10:38:03.491-05:00  INFO 18284 --- [dev-server-output] c.v.b.devserver.DevServerOutputTracker   :     26 |       return total + (item.precio * cantidad);
2026-01-29T10:38:03.491-05:00  INFO 18284 --- [dev-server-output] c.v.b.devserver.DevServerOutputTracker   :     27 |     }, 0);
2026-01-29T10:38:03.491-05:00  INFO 18284 --- [dev-server-output] c.v.b.devserver.DevServerOutputTracker   : 
2026-01-29T10:38:03.491-05:00  INFO 18284 --- [dev-server-output] c.v.b.devserver.DevServerOutputTracker   :  ERROR(TypeScript)  Parameter 'p' implicitly has an 'any' type.
2026-01-29T10:38:03.491-05:00  INFO 18284 --- [dev-server-output] c.v.b.devserver.DevServerOutputTracker   :  FILE  C:/Users/LENOVO I7/Desktop/Proyecto/Proyecto_NvidiaCorp/src/main/frontend/views/carrito-list.tsx:40:33
2026-01-29T10:38:03.491-05:00  INFO 18284 --- [dev-server-output] c.v.b.devserver.DevServerOutputTracker   : 
2026-01-29T10:38:03.492-05:00  INFO 18284 --- [dev-server-output] c.v.b.devserver.DevServerOutputTracker   :     38 |   const handleCantidad = (id: number, valor: number) => {
2026-01-29T10:38:03.492-05:00  INFO 18284 --- [dev-server-output] c.v.b.devserver.DevServerOutputTracker   :     39 |     setCantidades((prev) => {
2026-01-29T10:38:03.492-05:00  INFO 18284 --- [dev-server-output] c.v.b.devserver.DevServerOutputTracker   :   > 40 |       const item = carrito.find(p => p.id === id);
2026-01-29T10:38:03.492-05:00  INFO 18284 --- [dev-server-output] c.v.b.devserver.DevServerOutputTracker   :        |                                 ^
2026-01-29T10:38:03.492-05:00  INFO 18284 --- [dev-server-output] c.v.b.devserver.DevServerOutputTracker   :     41 |       const stock = item?.stock ?? 1;
2026-01-29T10:38:03.492-05:00  INFO 18284 --- [dev-server-output] c.v.b.devserver.DevServerOutputTracker   :     42 |       let nuevaCantidad = Math.max(1, (prev[id] || 1) + valor);
2026-01-29T10:38:03.492-05:00  INFO 18284 --- [dev-server-output] c.v.b.devserver.DevServerOutputTracker   :     43 |       console.log("Stock:", stock, "Cantidad actual:", prev[id], "Nueva cantidad:", nuevaCantidad);
2026-01-29T10:38:03.492-05:00  INFO 18284 --- [dev-server-output] c.v.b.devserver.DevServerOutputTracker   : 
2026-01-29T10:38:03.492-05:00  INFO 18284 --- [dev-server-output] c.v.b.devserver.DevServerOutputTracker   :  ERROR(TypeScript)  Parameter 'carritoActual' implicitly has an 'any' type.
2026-01-29T10:38:03.492-05:00  INFO 18284 --- [dev-server-output] c.v.b.devserver.DevServerOutputTracker   :  FILE  C:/Users/LENOVO I7/Desktop/Proyecto/Proyecto_NvidiaCorp/src/main/frontend/views/carrito-list.tsx:52:19
2026-01-29T10:38:03.492-05:00  INFO 18284 --- [dev-server-output] c.v.b.devserver.DevServerOutputTracker   : 
2026-01-29T10:38:03.492-05:00  INFO 18284 --- [dev-server-output] c.v.b.devserver.DevServerOutputTracker   :     50 |         nuevaCantidad = stock;
2026-01-29T10:38:03.492-05:00  INFO 18284 --- [dev-server-output] c.v.b.devserver.DevServerOutputTracker   :     51 |       }
2026-01-29T10:38:03.492-05:00  INFO 18284 --- [dev-server-output] c.v.b.devserver.DevServerOutputTracker   :   > 52 |       setCarrito((carritoActual) =>
2026-01-29T10:38:03.492-05:00  INFO 18284 --- [dev-server-output] c.v.b.devserver.DevServerOutputTracker   :        |                   ^^^^^^^^^^^^^
2026-01-29T10:38:03.493-05:00  INFO 18284 --- [dev-server-output] c.v.b.devserver.DevServerOutputTracker   :     53 |         carritoActual.map((item) =>
2026-01-29T10:38:03.493-05:00  INFO 18284 --- [dev-server-output] c.v.b.devserver.DevServerOutputTracker   :     54 |           item.id === id ? { ...item, cantidad: nuevaCantidad } : item
2026-01-29T10:38:03.493-05:00  INFO 18284 --- [dev-server-output] c.v.b.devserver.DevServerOutputTracker   :     55 |         )
2026-01-29T10:38:03.493-05:00  INFO 18284 --- [dev-server-output] c.v.b.devserver.DevServerOutputTracker   : 
2026-01-29T10:38:03.493-05:00  INFO 18284 --- [dev-server-output] c.v.b.devserver.DevServerOutputTracker   :  ERROR(TypeScript)  Parameter 'item' implicitly has an 'any' type.
2026-01-29T10:38:03.493-05:00  INFO 18284 --- [dev-server-output] c.v.b.devserver.DevServerOutputTracker   :  FILE  C:/Users/LENOVO I7/Desktop/Proyecto/Proyecto_NvidiaCorp/src/main/frontend/views/carrito-list.tsx:53:28
2026-01-29T10:38:03.493-05:00  INFO 18284 --- [dev-server-output] c.v.b.devserver.DevServerOutputTracker   : 
2026-01-29T10:38:03.493-05:00  INFO 18284 --- [dev-server-output] c.v.b.devserver.DevServerOutputTracker   :     51 |       }
2026-01-29T10:38:03.493-05:00  INFO 18284 --- [dev-server-output] c.v.b.devserver.DevServerOutputTracker   :     52 |       setCarrito((carritoActual) =>
2026-01-29T10:38:03.493-05:00  INFO 18284 --- [dev-server-output] c.v.b.devserver.DevServerOutputTracker   :   > 53 |         carritoActual.map((item) =>
2026-01-29T10:38:03.493-05:00  INFO 18284 --- [dev-server-output] c.v.b.devserver.DevServerOutputTracker   :        |                            ^^^^
2026-01-29T10:38:03.493-05:00  INFO 18284 --- [dev-server-output] c.v.b.devserver.DevServerOutputTracker   :     54 |           item.id === id ? { ...item, cantidad: nuevaCantidad } : item
2026-01-29T10:38:03.493-05:00  INFO 18284 --- [dev-server-output] c.v.b.devserver.DevServerOutputTracker   :     55 |         )
2026-01-29T10:38:03.493-05:00  INFO 18284 --- [dev-server-output] c.v.b.devserver.DevServerOutputTracker   :     56 |       );
2026-01-29T10:38:03.493-05:00  INFO 18284 --- [dev-server-output] c.v.b.devserver.DevServerOutputTracker   : 
2026-01-29T10:38:03.493-05:00  INFO 18284 --- [dev-server-output] c.v.b.devserver.DevServerOutputTracker   :  ERROR(TypeScript)  Not all code paths return a value.
2026-01-29T10:38:03.494-05:00  INFO 18284 --- [dev-server-output] c.v.b.devserver.DevServerOutputTracker   :  FILE  C:/Users/LENOVO I7/Desktop/Proyecto/Proyecto_NvidiaCorp/src/main/frontend/views/carrito-list.tsx:112:13
2026-01-29T10:38:03.494-05:00  INFO 18284 --- [dev-server-output] c.v.b.devserver.DevServerOutputTracker   : 
2026-01-29T10:38:03.494-05:00  INFO 18284 --- [dev-server-output] c.v.b.devserver.DevServerOutputTracker   :     110 |   };
2026-01-29T10:38:03.494-05:00  INFO 18284 --- [dev-server-output] c.v.b.devserver.DevServerOutputTracker   :     111 |
2026-01-29T10:38:03.494-05:00  INFO 18284 --- [dev-server-output] c.v.b.devserver.DevServerOutputTracker   :   > 112 |   useEffect(() => {
2026-01-29T10:38:03.494-05:00  INFO 18284 --- [dev-server-output] c.v.b.devserver.DevServerOutputTracker   :         |             ^^^^^^^
2026-01-29T10:38:03.494-05:00  INFO 18284 --- [dev-server-output] c.v.b.devserver.DevServerOutputTracker   :     113 |     if (checkoutId && showPagoModal) {
2026-01-29T10:38:03.494-05:00  INFO 18284 --- [dev-server-output] c.v.b.devserver.DevServerOutputTracker   :     114 |       const script = document.createElement('script');
2026-01-29T10:38:03.494-05:00  INFO 18284 --- [dev-server-output] c.v.b.devserver.DevServerOutputTracker   :     115 |       script.src = `https://eu-test.oppwa.com/v1/paymentWidgets.js?checkoutId=${checkoutId}`;
2026-01-29T10:38:03.494-05:00  INFO 18284 --- [dev-server-output] c.v.b.devserver.DevServerOutputTracker   : 
2026-01-29T10:38:03.494-05:00  INFO 18284 --- [dev-server-output] c.v.b.devserver.DevServerOutputTracker   :  ERROR(TypeScript)  Parameter 'item' implicitly has an 'any' type.
2026-01-29T10:38:03.495-05:00  INFO 18284 --- [dev-server-output] c.v.b.devserver.DevServerOutputTracker   :  FILE  C:/Users/LENOVO I7/Desktop/Proyecto/Proyecto_NvidiaCorp/src/main/frontend/views/carrito-list.tsx:172:31
2026-01-29T10:38:03.495-05:00  INFO 18284 --- [dev-server-output] c.v.b.devserver.DevServerOutputTracker   : 
2026-01-29T10:38:03.495-05:00  INFO 18284 --- [dev-server-output] c.v.b.devserver.DevServerOutputTracker   :     170 |             <div className="carrito-productos">
2026-01-29T10:38:03.495-05:00  INFO 18284 --- [dev-server-output] c.v.b.devserver.DevServerOutputTracker   :     171 |               <div className="producto-grid">
2026-01-29T10:38:03.495-05:00  INFO 18284 --- [dev-server-output] c.v.b.devserver.DevServerOutputTracker   :   > 172 |                 {carrito.map((item) => (
2026-01-29T10:38:03.495-05:00  INFO 18284 --- [dev-server-output] c.v.b.devserver.DevServerOutputTracker   :         |                               ^^^^
2026-01-29T10:38:03.495-05:00  INFO 18284 --- [dev-server-output] c.v.b.devserver.DevServerOutputTracker   :     173 |                   <div key={item.id} className="producto-card">
2026-01-29T10:38:03.495-05:00  INFO 18284 --- [dev-server-output] c.v.b.devserver.DevServerOutputTracker   :     174 |                     <ProductoCard
2026-01-29T10:38:03.495-05:00  INFO 18284 --- [dev-server-output] c.v.b.devserver.DevServerOutputTracker   :     175 |                       item={item}
2026-01-29T10:38:03.495-05:00  INFO 18284 --- [dev-server-output] c.v.b.devserver.DevServerOutputTracker   : 
2026-01-29T10:38:03.495-05:00  INFO 18284 --- [dev-server-output] c.v.b.devserver.DevServerOutputTracker   :  ERROR(TypeScript)  Parameter 'item' implicitly has an 'any' type.
2026-01-29T10:38:03.496-05:00  INFO 18284 --- [dev-server-output] c.v.b.devserver.DevServerOutputTracker   :  FILE  C:/Users/LENOVO I7/Desktop/Proyecto/Proyecto_NvidiaCorp/src/main/frontend/views/carrito-list.tsx:203:34
2026-01-29T10:38:03.496-05:00  INFO 18284 --- [dev-server-output] c.v.b.devserver.DevServerOutputTracker   : 
2026-01-29T10:38:03.497-05:00  INFO 18284 --- [dev-server-output] c.v.b.devserver.DevServerOutputTracker   :     201 |                   <h3 className="carrito-mini-factura-titulo">Productos</h3>
2026-01-29T10:38:03.497-05:00  INFO 18284 --- [dev-server-output] c.v.b.devserver.DevServerOutputTracker   :     202 |                   <ul className="carrito-mini-factura-lista">
2026-01-29T10:38:03.497-05:00  INFO 18284 --- [dev-server-output] c.v.b.devserver.DevServerOutputTracker   :   > 203 |                     {carrito.map(item => (
2026-01-29T10:38:03.497-05:00  INFO 18284 --- [dev-server-output] c.v.b.devserver.DevServerOutputTracker   :         |                                  ^^^^
2026-01-29T10:38:03.497-05:00  INFO 18284 --- [dev-server-output] c.v.b.devserver.DevServerOutputTracker   :     204 |                       <li key={item.id} className="carrito-mini-factura-item">
2026-01-29T10:38:03.497-05:00  INFO 18284 --- [dev-server-output] c.v.b.devserver.DevServerOutputTracker   :     205 |                         <span className="carrito-mini-factura-nombre">{item.nombre}</span>
2026-01-29T10:38:03.497-05:00  INFO 18284 --- [dev-server-output] c.v.b.devserver.DevServerOutputTracker   :     206 |                         <span className="carrito-mini-factura-cantidad">{cantidades[item.id] || 1}</span>
2026-01-29T10:38:03.497-05:00  INFO 18284 --- [dev-server-output] c.v.b.devserver.DevServerOutputTracker   : 
2026-01-29T10:38:03.497-05:00  INFO 18284 --- [dev-server-output] c.v.b.devserver.DevServerOutputTracker   :  ERROR(TypeScript)  Parameter 'acc' implicitly has an 'any' type.
2026-01-29T10:38:03.497-05:00  INFO 18284 --- [dev-server-output] c.v.b.devserver.DevServerOutputTracker   :  FILE  C:/Users/LENOVO I7/Desktop/Proyecto/Proyecto_NvidiaCorp/src/main/frontend/views/Pago-form.tsx:29:44
2026-01-29T10:38:03.497-05:00  INFO 18284 --- [dev-server-output] c.v.b.devserver.DevServerOutputTracker   : 
2026-01-29T10:38:03.497-05:00  INFO 18284 --- [dev-server-output] c.v.b.devserver.DevServerOutputTracker   :     27 |           localStorage.removeItem('carrito');
2026-01-29T10:38:03.497-05:00  INFO 18284 --- [dev-server-output] c.v.b.devserver.DevServerOutputTracker   :     28 |
2026-01-29T10:38:03.498-05:00  INFO 18284 --- [dev-server-output] c.v.b.devserver.DevServerOutputTracker   :   > 29 |           const subtotal = carrito.reduce((acc, item) => acc + (item.precio * (item.cantidad || 1)), 0);
2026-01-29T10:38:03.498-05:00  INFO 18284 --- [dev-server-output] c.v.b.devserver.DevServerOutputTracker   :        |                                            ^^^
2026-01-29T10:38:03.498-05:00  INFO 18284 --- [dev-server-output] c.v.b.devserver.DevServerOutputTracker   :     30 |           const iva = subtotal * 0.15;
2026-01-29T10:38:03.498-05:00  INFO 18284 --- [dev-server-output] c.v.b.devserver.DevServerOutputTracker   :     31 |           const total = subtotal + iva;
2026-01-29T10:38:03.498-05:00  INFO 18284 --- [dev-server-output] c.v.b.devserver.DevServerOutputTracker   :     32 |
2026-01-29T10:38:03.498-05:00  INFO 18284 --- [dev-server-output] c.v.b.devserver.DevServerOutputTracker   : 
2026-01-29T10:38:03.498-05:00  INFO 18284 --- [dev-server-output] c.v.b.devserver.DevServerOutputTracker   :  ERROR(TypeScript)  Parameter 'item' implicitly has an 'any' type.
2026-01-29T10:38:03.498-05:00  INFO 18284 --- [dev-server-output] c.v.b.devserver.DevServerOutputTracker   :  FILE  C:/Users/LENOVO I7/Desktop/Proyecto/Proyecto_NvidiaCorp/src/main/frontend/views/Pago-form.tsx:29:49
2026-01-29T10:38:03.498-05:00  INFO 18284 --- [dev-server-output] c.v.b.devserver.DevServerOutputTracker   : 
2026-01-29T10:38:03.498-05:00  INFO 18284 --- [dev-server-output] c.v.b.devserver.DevServerOutputTracker   :     27 |           localStorage.removeItem('carrito');
2026-01-29T10:38:03.498-05:00  INFO 18284 --- [dev-server-output] c.v.b.devserver.DevServerOutputTracker   :     28 |
2026-01-29T10:38:03.498-05:00  INFO 18284 --- [dev-server-output] c.v.b.devserver.DevServerOutputTracker   :   > 29 |           const subtotal = carrito.reduce((acc, item) => acc + (item.precio * (item.cantidad || 1)), 0);
2026-01-29T10:38:03.498-05:00  INFO 18284 --- [dev-server-output] c.v.b.devserver.DevServerOutputTracker   :        |                                                 ^^^^
2026-01-29T10:38:03.498-05:00  INFO 18284 --- [dev-server-output] c.v.b.devserver.DevServerOutputTracker   :     30 |           const iva = subtotal * 0.15;
2026-01-29T10:38:03.499-05:00  INFO 18284 --- [dev-server-output] c.v.b.devserver.DevServerOutputTracker   :     31 |           const total = subtotal + iva;
2026-01-29T10:38:03.499-05:00  INFO 18284 --- [dev-server-output] c.v.b.devserver.DevServerOutputTracker   :     32 |
2026-01-29T10:38:03.499-05:00  INFO 18284 --- [dev-server-output] c.v.b.devserver.DevServerOutputTracker   : 
2026-01-29T10:38:03.499-05:00  INFO 18284 --- [dev-server-output] c.v.b.devserver.DevServerOutputTracker   :  ERROR(TypeScript)  Not all code paths return a value.
2026-01-29T10:38:03.499-05:00  INFO 18284 --- [dev-server-output] c.v.b.devserver.DevServerOutputTracker   :  FILE  C:/Users/LENOVO I7/Desktop/Proyecto/Proyecto_NvidiaCorp/src/main/frontend/views/Pago-form.tsx:48:13
2026-01-29T10:38:03.499-05:00  INFO 18284 --- [dev-server-output] c.v.b.devserver.DevServerOutputTracker   : 
2026-01-29T10:38:03.499-05:00  INFO 18284 --- [dev-server-output] c.v.b.devserver.DevServerOutputTracker   :     46 |   }, [navigate, carrito, id]);
2026-01-29T10:38:03.499-05:00  INFO 18284 --- [dev-server-output] c.v.b.devserver.DevServerOutputTracker   :     47 |
2026-01-29T10:38:03.499-05:00  INFO 18284 --- [dev-server-output] c.v.b.devserver.DevServerOutputTracker   :   > 48 |   useEffect(() => {
2026-01-29T10:38:03.499-05:00  INFO 18284 --- [dev-server-output] c.v.b.devserver.DevServerOutputTracker   :        |             ^^^^^^^
2026-01-29T10:38:03.499-05:00  INFO 18284 --- [dev-server-output] c.v.b.devserver.DevServerOutputTracker   :     49 |     if (checkoutId) {
2026-01-29T10:38:03.499-05:00  INFO 18284 --- [dev-server-output] c.v.b.devserver.DevServerOutputTracker   :     50 |       const script = document.createElement('script');
2026-01-29T10:38:03.499-05:00  INFO 18284 --- [dev-server-output] c.v.b.devserver.DevServerOutputTracker   :     51 |       script.src = `https://eu-test.oppwa.com/v1/paymentWidgets.js?checkoutId=${checkoutId}`;
2026-01-29T10:38:03.499-05:00  INFO 18284 --- [dev-server-output] c.v.b.devserver.DevServerOutputTracker   : 
2026-01-29T10:38:03.499-05:00  INFO 18284 --- [dev-server-output] c.v.b.devserver.DevServerOutputTracker   :  ERROR(TypeScript)  Type 'Element' is not assignable to type 'string'.
2026-01-29T10:38:03.499-05:00  INFO 18284 --- [dev-server-output] c.v.b.devserver.DevServerOutputTracker   :  FILE  C:/Users/LENOVO I7/Desktop/Proyecto/Proyecto_NvidiaCorp/src/main/frontend/views/Pago_list.tsx:86:20
2026-01-29T10:38:03.499-05:00  INFO 18284 --- [dev-server-output] c.v.b.devserver.DevServerOutputTracker   : 
2026-01-29T10:38:03.499-05:00  INFO 18284 --- [dev-server-output] c.v.b.devserver.DevServerOutputTracker   :     84 |   return (
2026-01-29T10:38:03.499-05:00  INFO 18284 --- [dev-server-output] c.v.b.devserver.DevServerOutputTracker   :     85 |     <main className="pago-main">
2026-01-29T10:38:03.499-05:00  INFO 18284 --- [dev-server-output] c.v.b.devserver.DevServerOutputTracker   :   > 86 |       <ViewToolbar title={<span className="pago-title">Lista de Pagos</span>}>
2026-01-29T10:38:03.499-05:00  INFO 18284 --- [dev-server-output] c.v.b.devserver.DevServerOutputTracker   :        |                    ^^^^^
2026-01-29T10:38:03.499-05:00  INFO 18284 --- [dev-server-output] c.v.b.devserver.DevServerOutputTracker   :     87 |         <Group>
2026-01-29T10:38:03.500-05:00  INFO 18284 --- [dev-server-output] c.v.b.devserver.DevServerOutputTracker   :     88 |           {/* Aquí puedes agregar filtros o botones si lo necesitas */}
2026-01-29T10:38:03.500-05:00  INFO 18284 --- [dev-server-output] c.v.b.devserver.DevServerOutputTracker   :     89 |         </Group>
2026-01-29T10:38:03.500-05:00  INFO 18284 --- [dev-server-output] c.v.b.devserver.DevServerOutputTracker   : 
2026-01-29T10:38:03.500-05:00  INFO 18284 --- [dev-server-output] c.v.b.devserver.DevServerOutputTracker   :  ERROR(TypeScript)  Type 'Promise<(Persona | undefined)[] | undefined>' is not assignable to type 'Promise<Persona[]>'.
2026-01-29T10:38:03.500-05:00  INFO 18284 --- [dev-server-output] c.v.b.devserver.DevServerOutputTracker   :   Type '(Persona | undefined)[] | undefined' is not assignable to type 'Persona[]'.
2026-01-29T10:38:03.500-05:00  INFO 18284 --- [dev-server-output] c.v.b.devserver.DevServerOutputTracker   :     Type 'undefined' is not assignable to type 'Persona[]'.
2026-01-29T10:38:03.500-05:00  INFO 18284 --- [dev-server-output] c.v.b.devserver.DevServerOutputTracker   :  FILE  C:/Users/LENOVO I7/Desktop/Proyecto/Proyecto_NvidiaCorp/src/main/frontend/views/persona-list.tsx:172:27
2026-01-29T10:38:03.500-05:00  INFO 18284 --- [dev-server-output] c.v.b.devserver.DevServerOutputTracker   : 
2026-01-29T10:38:03.500-05:00  INFO 18284 --- [dev-server-output] c.v.b.devserver.DevServerOutputTracker   :     170 | export default function PersonaListView() {
2026-01-29T10:38:03.500-05:00  INFO 18284 --- [dev-server-output] c.v.b.devserver.DevServerOutputTracker   :     171 |     const dataProvider = useDataProvider<Persona>({
2026-01-29T10:38:03.500-05:00  INFO 18284 --- [dev-server-output] c.v.b.devserver.DevServerOutputTracker   :   > 172 |         list: (params) => PersonaServices.listAllPersona(),
2026-01-29T10:38:03.500-05:00  INFO 18284 --- [dev-server-output] c.v.b.devserver.DevServerOutputTracker   :         |                           ^^^^^^^^^^^^^^^^^^^^^^^^^^^^^^^^
2026-01-29T10:38:03.500-05:00  INFO 18284 --- [dev-server-output] c.v.b.devserver.DevServerOutputTracker   :     173 |     });
2026-01-29T10:38:03.500-05:00  INFO 18284 --- [dev-server-output] c.v.b.devserver.DevServerOutputTracker   :     174 |
2026-01-29T10:38:03.500-05:00  INFO 18284 --- [dev-server-output] c.v.b.devserver.DevServerOutputTracker   :     175 |     return (
2026-01-29T10:38:03.500-05:00  INFO 18284 --- [dev-server-output] c.v.b.devserver.DevServerOutputTracker   : 
2026-01-29T10:38:03.500-05:00  INFO 18284 --- [dev-server-output] c.v.b.devserver.DevServerOutputTracker   :  ERROR(TypeScript)  Not all code paths return a value.
2026-01-29T10:38:03.500-05:00  INFO 18284 --- [dev-server-output] c.v.b.devserver.DevServerOutputTracker   :  FILE  C:/Users/LENOVO I7/Desktop/Proyecto/Proyecto_NvidiaCorp/src/main/frontend/views/producto-list.tsx:28:15
2026-01-29T10:38:03.501-05:00  INFO 18284 --- [dev-server-output] c.v.b.devserver.DevServerOutputTracker   : 
2026-01-29T10:38:03.501-05:00  INFO 18284 --- [dev-server-output] c.v.b.devserver.DevServerOutputTracker   :     26 |     const navigate = useNavigate();
2026-01-29T10:38:03.501-05:00  INFO 18284 --- [dev-server-output] c.v.b.devserver.DevServerOutputTracker   :     27 |
2026-01-29T10:38:03.501-05:00  INFO 18284 --- [dev-server-output] c.v.b.devserver.DevServerOutputTracker   :   > 28 |     useEffect(() => {
2026-01-29T10:38:03.501-05:00  INFO 18284 --- [dev-server-output] c.v.b.devserver.DevServerOutputTracker   :        |               ^^^^^^^
2026-01-29T10:38:03.501-05:00  INFO 18284 --- [dev-server-output] c.v.b.devserver.DevServerOutputTracker   :     29 |         if (isVisible && producto) {
2026-01-29T10:38:03.501-05:00  INFO 18284 --- [dev-server-output] c.v.b.devserver.DevServerOutputTracker   :     30 |             const timer = setTimeout(() => {
2026-01-29T10:38:03.501-05:00  INFO 18284 --- [dev-server-output] c.v.b.devserver.DevServerOutputTracker   :     31 |                 onClose();
2026-01-29T10:38:03.501-05:00  INFO 18284 --- [dev-server-output] c.v.b.devserver.DevServerOutputTracker   : 
2026-01-29T10:38:03.501-05:00  INFO 18284 --- [dev-server-output] c.v.b.devserver.DevServerOutputTracker   :  ERROR(TypeScript)  'respuesta' is possibly 'undefined'.
2026-01-29T10:38:03.501-05:00  INFO 18284 --- [dev-server-output] c.v.b.devserver.DevServerOutputTracker   :  FILE  C:/Users/LENOVO I7/Desktop/Proyecto/Proyecto_NvidiaCorp/src/main/frontend/views/producto-list.tsx:218:17
2026-01-29T10:38:03.501-05:00  INFO 18284 --- [dev-server-output] c.v.b.devserver.DevServerOutputTracker   : 
2026-01-29T10:38:03.501-05:00  INFO 18284 --- [dev-server-output] c.v.b.devserver.DevServerOutputTracker   :     216 |
2026-01-29T10:38:03.502-05:00  INFO 18284 --- [dev-server-output] c.v.b.devserver.DevServerOutputTracker   :     217 |             // --- Lógica de Añadir al Carrito ---
2026-01-29T10:38:03.502-05:00  INFO 18284 --- [dev-server-output] c.v.b.devserver.DevServerOutputTracker   :   > 218 |             if (respuesta.includes("[ADD_TO_CART:")) {
2026-01-29T10:38:03.502-05:00  INFO 18284 --- [dev-server-output] c.v.b.devserver.DevServerOutputTracker   :         |                 ^^^^^^^^^
2026-01-29T10:38:03.502-05:00  INFO 18284 --- [dev-server-output] c.v.b.devserver.DevServerOutputTracker   :     219 |                 const match = respuesta.match(/\[ADD_TO_CART:(\d+)\]/);
2026-01-29T10:38:03.502-05:00  INFO 18284 --- [dev-server-output] c.v.b.devserver.DevServerOutputTracker   :     220 |                 if (match) {
2026-01-29T10:38:03.502-05:00  INFO 18284 --- [dev-server-output] c.v.b.devserver.DevServerOutputTracker   :     221 |                     const id = parseInt(match[1]);
2026-01-29T10:38:03.502-05:00  INFO 18284 --- [dev-server-output] c.v.b.devserver.DevServerOutputTracker   : 
2026-01-29T10:38:03.502-05:00  INFO 18284 --- [dev-server-output] c.v.b.devserver.DevServerOutputTracker   :  ERROR(TypeScript)  'respuesta' is possibly 'undefined'.
2026-01-29T10:38:03.502-05:00  INFO 18284 --- [dev-server-output] c.v.b.devserver.DevServerOutputTracker   :  FILE  C:/Users/LENOVO I7/Desktop/Proyecto/Proyecto_NvidiaCorp/src/main/frontend/views/producto-list.tsx:219:31
2026-01-29T10:38:03.502-05:00  INFO 18284 --- [dev-server-output] c.v.b.devserver.DevServerOutputTracker   : 
2026-01-29T10:38:03.503-05:00  INFO 18284 --- [dev-server-output] c.v.b.devserver.DevServerOutputTracker   :     217 |             // --- Lógica de Añadir al Carrito ---
2026-01-29T10:38:03.503-05:00  INFO 18284 --- [dev-server-output] c.v.b.devserver.DevServerOutputTracker   :     218 |             if (respuesta.includes("[ADD_TO_CART:")) {
2026-01-29T10:38:03.503-05:00  INFO 18284 --- [dev-server-output] c.v.b.devserver.DevServerOutputTracker   :   > 219 |                 const match = respuesta.match(/\[ADD_TO_CART:(\d+)\]/);
2026-01-29T10:38:03.503-05:00  INFO 18284 --- [dev-server-output] c.v.b.devserver.DevServerOutputTracker   :         |                               ^^^^^^^^^
2026-01-29T10:38:03.503-05:00  INFO 18284 --- [dev-server-output] c.v.b.devserver.DevServerOutputTracker   :     220 |                 if (match) {
2026-01-29T10:38:03.503-05:00  INFO 18284 --- [dev-server-output] c.v.b.devserver.DevServerOutputTracker   :     221 |                     const id = parseInt(match[1]);
2026-01-29T10:38:03.503-05:00  INFO 18284 --- [dev-server-output] c.v.b.devserver.DevServerOutputTracker   :     222 |                     const prod = productos.find(p => p.id === id);
2026-01-29T10:38:03.503-05:00  INFO 18284 --- [dev-server-output] c.v.b.devserver.DevServerOutputTracker   : 
2026-01-29T10:38:03.503-05:00  INFO 18284 --- [dev-server-output] c.v.b.devserver.DevServerOutputTracker   :  ERROR(TypeScript)  'respuesta' is possibly 'undefined'.
2026-01-29T10:38:03.503-05:00  INFO 18284 --- [dev-server-output] c.v.b.devserver.DevServerOutputTracker   :  FILE  C:/Users/LENOVO I7/Desktop/Proyecto/Proyecto_NvidiaCorp/src/main/frontend/views/producto-list.tsx:231:33
2026-01-29T10:38:03.503-05:00  INFO 18284 --- [dev-server-output] c.v.b.devserver.DevServerOutputTracker   : 
2026-01-29T10:38:03.504-05:00  INFO 18284 --- [dev-server-output] c.v.b.devserver.DevServerOutputTracker   :     229 |
2026-01-29T10:38:03.504-05:00  INFO 18284 --- [dev-server-output] c.v.b.devserver.DevServerOutputTracker   :     230 |             // Limpiamos el código del texto antes de mostrarlo
2026-01-29T10:38:03.504-05:00  INFO 18284 --- [dev-server-output] c.v.b.devserver.DevServerOutputTracker   :   > 231 |             const textoLimpio = respuesta.replace(/\[ADD_TO_CART:.*?\]/g, "").trim();
2026-01-29T10:38:03.504-05:00  INFO 18284 --- [dev-server-output] c.v.b.devserver.DevServerOutputTracker   :         |                                 ^^^^^^^^^
2026-01-29T10:38:03.504-05:00  INFO 18284 --- [dev-server-output] c.v.b.devserver.DevServerOutputTracker   :     232 |             setHistorial(prev => [...prev, { rol: 'ia', texto: textoLimpio }]);
2026-01-29T10:38:03.504-05:00  INFO 18284 --- [dev-server-output] c.v.b.devserver.DevServerOutputTracker   :     233 |         } catch (error) {
2026-01-29T10:38:03.504-05:00  INFO 18284 --- [dev-server-output] c.v.b.devserver.DevServerOutputTracker   :     234 |             console.error(error);
2026-01-29T10:38:03.504-05:00  INFO 18284 --- [dev-server-output] c.v.b.devserver.DevServerOutputTracker   : 
2026-01-29T10:38:03.504-05:00  INFO 18284 --- [dev-server-output] c.v.b.devserver.DevServerOutputTracker   :  ERROR(TypeScript)  Argument of type '(ProductoDTO | undefined)[] | undefined' is not assignable to parameter of type 'SetStateAction<Producto[]>'.
2026-01-29T10:38:03.504-05:00  INFO 18284 --- [dev-server-output] c.v.b.devserver.DevServerOutputTracker   :   Type 'undefined' is not assignable to type 'SetStateAction<Producto[]>'.
2026-01-29T10:38:03.504-05:00  INFO 18284 --- [dev-server-output] c.v.b.devserver.DevServerOutputTracker   :  FILE  C:/Users/LENOVO I7/Desktop/Proyecto/Proyecto_NvidiaCorp/src/main/frontend/views/producto-list.tsx:250:22
2026-01-29T10:38:03.505-05:00  INFO 18284 --- [dev-server-output] c.v.b.devserver.DevServerOutputTracker   : 
2026-01-29T10:38:03.505-05:00  INFO 18284 --- [dev-server-output] c.v.b.devserver.DevServerOutputTracker   :     248 |     const cargarProductos = async () => {
2026-01-29T10:38:03.505-05:00  INFO 18284 --- [dev-server-output] c.v.b.devserver.DevServerOutputTracker   :     249 |         const data = await ProductoService.listAllProductos();
2026-01-29T10:38:03.505-05:00  INFO 18284 --- [dev-server-output] c.v.b.devserver.DevServerOutputTracker   :   > 250 |         setProductos(data);
2026-01-29T10:38:03.505-05:00  INFO 18284 --- [dev-server-output] c.v.b.devserver.DevServerOutputTracker   :         |                      ^^^^
2026-01-29T10:38:03.505-05:00  INFO 18284 --- [dev-server-output] c.v.b.devserver.DevServerOutputTracker   :     251 |         setProductosFiltrados(data);
2026-01-29T10:38:03.505-05:00  INFO 18284 --- [dev-server-output] c.v.b.devserver.DevServerOutputTracker   :     252 |         console.log("Productos recibidos:", data);
2026-01-29T10:38:03.505-05:00  INFO 18284 --- [dev-server-output] c.v.b.devserver.DevServerOutputTracker   :     253 |     };
2026-01-29T10:38:03.505-05:00  INFO 18284 --- [dev-server-output] c.v.b.devserver.DevServerOutputTracker   : 
2026-01-29T10:38:03.505-05:00  INFO 18284 --- [dev-server-output] c.v.b.devserver.DevServerOutputTracker   :  ERROR(TypeScript)  Argument of type '(ProductoDTO | undefined)[] | undefined' is not assignable to parameter of type 'SetStateAction<Producto[]>'.
2026-01-29T10:38:03.506-05:00  INFO 18284 --- [dev-server-output] c.v.b.devserver.DevServerOutputTracker   :   Type 'undefined' is not assignable to type 'SetStateAction<Producto[]>'.
2026-01-29T10:38:03.506-05:00  INFO 18284 --- [dev-server-output] c.v.b.devserver.DevServerOutputTracker   :  FILE  C:/Users/LENOVO I7/Desktop/Proyecto/Proyecto_NvidiaCorp/src/main/frontend/views/producto-list.tsx:251:31
2026-01-29T10:38:03.506-05:00  INFO 18284 --- [dev-server-output] c.v.b.devserver.DevServerOutputTracker   : 
2026-01-29T10:38:03.506-05:00  INFO 18284 --- [dev-server-output] c.v.b.devserver.DevServerOutputTracker   :     249 |         const data = await ProductoService.listAllProductos();
2026-01-29T10:38:03.506-05:00  INFO 18284 --- [dev-server-output] c.v.b.devserver.DevServerOutputTracker   :     250 |         setProductos(data);
2026-01-29T10:38:03.506-05:00  INFO 18284 --- [dev-server-output] c.v.b.devserver.DevServerOutputTracker   :   > 251 |         setProductosFiltrados(data);
2026-01-29T10:38:03.506-05:00  INFO 18284 --- [dev-server-output] c.v.b.devserver.DevServerOutputTracker   :         |                               ^^^^
2026-01-29T10:38:03.506-05:00  INFO 18284 --- [dev-server-output] c.v.b.devserver.DevServerOutputTracker   :     252 |         console.log("Productos recibidos:", data);
2026-01-29T10:38:03.506-05:00  INFO 18284 --- [dev-server-output] c.v.b.devserver.DevServerOutputTracker   :     253 |     };
2026-01-29T10:38:03.506-05:00  INFO 18284 --- [dev-server-output] c.v.b.devserver.DevServerOutputTracker   :     254 |
2026-01-29T10:38:03.506-05:00  INFO 18284 --- [dev-server-output] c.v.b.devserver.DevServerOutputTracker   : 
2026-01-29T10:38:03.506-05:00  INFO 18284 --- [dev-server-output] c.v.b.devserver.DevServerOutputTracker   :  ERROR(TypeScript)  Property 'busqueda' does not exist on type 'typeof import("C:/Users/LENOVO I7/Desktop/Proyecto/Proyecto_NvidiaCorp/src/main/frontend/generated/ProductoService")'.
2026-01-29T10:38:03.507-05:00  INFO 18284 --- [dev-server-output] c.v.b.devserver.DevServerOutputTracker   :  FILE  C:/Users/LENOVO I7/Desktop/Proyecto/Proyecto_NvidiaCorp/src/main/frontend/views/producto-list.tsx:350:29
2026-01-29T10:38:03.507-05:00  INFO 18284 --- [dev-server-output] c.v.b.devserver.DevServerOutputTracker   : 
2026-01-29T10:38:03.507-05:00  INFO 18284 --- [dev-server-output] c.v.b.devserver.DevServerOutputTracker   :     348 |                 return;
2026-01-29T10:38:03.507-05:00  INFO 18284 --- [dev-server-output] c.v.b.devserver.DevServerOutputTracker   :     349 |             }
2026-01-29T10:38:03.507-05:00  INFO 18284 --- [dev-server-output] c.v.b.devserver.DevServerOutputTracker   :   > 350 |             ProductoService.busqueda(criterio.value, text.value).then(function (data) {
2026-01-29T10:38:03.507-05:00  INFO 18284 --- [dev-server-output] c.v.b.devserver.DevServerOutputTracker   :         |                             ^^^^^^^^
2026-01-29T10:38:03.507-05:00  INFO 18284 --- [dev-server-output] c.v.b.devserver.DevServerOutputTracker   :     351 |                 setProductos(data);
2026-01-29T10:38:03.507-05:00  INFO 18284 --- [dev-server-output] c.v.b.devserver.DevServerOutputTracker   :     352 |                 console.log("Resultados de busqueda:", data);
2026-01-29T10:38:03.507-05:00  INFO 18284 --- [dev-server-output] c.v.b.devserver.DevServerOutputTracker   :     353 |                 Notification.show(`Se encontraron ${data.length} resultado(s)`, {
2026-01-29T10:38:03.507-05:00  INFO 18284 --- [dev-server-output] c.v.b.devserver.DevServerOutputTracker   : 
2026-01-29T10:38:03.507-05:00  INFO 18284 --- [dev-server-output] c.v.b.devserver.DevServerOutputTracker   :  ERROR(TypeScript)  Parameter 'data' implicitly has an 'any' type.
2026-01-29T10:38:03.507-05:00  INFO 18284 --- [dev-server-output] c.v.b.devserver.DevServerOutputTracker   :  FILE  C:/Users/LENOVO I7/Desktop/Proyecto/Proyecto_NvidiaCorp/src/main/frontend/views/producto-list.tsx:350:81
2026-01-29T10:38:03.507-05:00  INFO 18284 --- [dev-server-output] c.v.b.devserver.DevServerOutputTracker   : 
2026-01-29T10:38:03.508-05:00  INFO 18284 --- [dev-server-output] c.v.b.devserver.DevServerOutputTracker   :     348 |                 return;
2026-01-29T10:38:03.508-05:00  INFO 18284 --- [dev-server-output] c.v.b.devserver.DevServerOutputTracker   :     349 |             }
2026-01-29T10:38:03.508-05:00  INFO 18284 --- [dev-server-output] c.v.b.devserver.DevServerOutputTracker   :   > 350 |             ProductoService.busqueda(criterio.value, text.value).then(function (data) {
2026-01-29T10:38:03.508-05:00  INFO 18284 --- [dev-server-output] c.v.b.devserver.DevServerOutputTracker   :         |                                                                                 ^^^^
2026-01-29T10:38:03.508-05:00  INFO 18284 --- [dev-server-output] c.v.b.devserver.DevServerOutputTracker   :     351 |                 setProductos(data);
2026-01-29T10:38:03.508-05:00  INFO 18284 --- [dev-server-output] c.v.b.devserver.DevServerOutputTracker   :     352 |                 console.log("Resultados de busqueda:", data);
2026-01-29T10:38:03.508-05:00  INFO 18284 --- [dev-server-output] c.v.b.devserver.DevServerOutputTracker   :     353 |                 Notification.show(`Se encontraron ${data.length} resultado(s)`, {
2026-01-29T10:38:03.508-05:00  INFO 18284 --- [dev-server-output] c.v.b.devserver.DevServerOutputTracker   : 
2026-01-29T10:38:03.508-05:00  INFO 18284 --- [dev-server-output] c.v.b.devserver.DevServerOutputTracker   :  ERROR(TypeScript)  Type 'Element' is not assignable to type 'string'.
2026-01-29T10:38:03.508-05:00  INFO 18284 --- [dev-server-output] c.v.b.devserver.DevServerOutputTracker   :  FILE  C:/Users/LENOVO I7/Desktop/Proyecto/Proyecto_NvidiaCorp/src/main/frontend/views/producto-list.tsx:599:21
2026-01-29T10:38:03.508-05:00  INFO 18284 --- [dev-server-output] c.v.b.devserver.DevServerOutputTracker   : 
2026-01-29T10:38:03.508-05:00  INFO 18284 --- [dev-server-output] c.v.b.devserver.DevServerOutputTracker   :     597 |             <div className="contenido-principal">
2026-01-29T10:38:03.508-05:00  INFO 18284 --- [dev-server-output] c.v.b.devserver.DevServerOutputTracker   :     598 |                 <ViewToolbar
2026-01-29T10:38:03.508-05:00  INFO 18284 --- [dev-server-output] c.v.b.devserver.DevServerOutputTracker   :   > 599 |                     title={
2026-01-29T10:38:03.508-05:00  INFO 18284 --- [dev-server-output] c.v.b.devserver.DevServerOutputTracker   :         |                     ^^^^^
2026-01-29T10:38:03.508-05:00  INFO 18284 --- [dev-server-output] c.v.b.devserver.DevServerOutputTracker   :     600 |                         <span className="producto-toolbar-titulo">
2026-01-29T10:38:03.508-05:00  INFO 18284 --- [dev-server-output] c.v.b.devserver.DevServerOutputTracker   :     601 |                             Productos ({productosFiltrados.length})
2026-01-29T10:38:03.508-05:00  INFO 18284 --- [dev-server-output] c.v.b.devserver.DevServerOutputTracker   :     602 |                         </span>
2026-01-29T10:38:03.508-05:00  INFO 18284 --- [dev-server-output] c.v.b.devserver.DevServerOutputTracker   : 
2026-01-29T10:38:03.508-05:00  INFO 18284 --- [dev-server-output] c.v.b.devserver.DevServerOutputTracker   :  ERROR(TypeScript)  Type '(event: KeyboardEvent) => void' is not assignable to type 'KeyboardEventHandler<TextField>'.
2026-01-29T10:38:03.508-05:00  INFO 18284 --- [dev-server-output] c.v.b.devserver.DevServerOutputTracker   :   Types of parameters 'event' and 'event' are incompatible.
2026-01-29T10:38:03.509-05:00  INFO 18284 --- [dev-server-output] c.v.b.devserver.DevServerOutputTracker   :     Type 'KeyboardEvent<TextField>' is missing the following properties from type 'KeyboardEvent': isComposing, initKeyboardEvent, DOM_KEY_LOCATION_STANDARD, DOM_KEY_LOCATION_LEFT, and 14 more.
2026-01-29T10:38:03.509-05:00  INFO 18284 --- [dev-server-output] c.v.b.devserver.DevServerOutputTracker   :  FILE  C:/Users/LENOVO I7/Desktop/Proyecto/Proyecto_NvidiaCorp/src/main/frontend/views/producto-list.tsx:629:25
2026-01-29T10:38:03.509-05:00  INFO 18284 --- [dev-server-output] c.v.b.devserver.DevServerOutputTracker   : 
2026-01-29T10:38:03.509-05:00  INFO 18284 --- [dev-server-output] c.v.b.devserver.DevServerOutputTracker   :     627 |                         value={text.value}
2026-01-29T10:38:03.509-05:00  INFO 18284 --- [dev-server-output] c.v.b.devserver.DevServerOutputTracker   :     628 |                         onValueChanged={(evt) => (text.value = evt.detail.value)}
2026-01-29T10:38:03.509-05:00  INFO 18284 --- [dev-server-output] c.v.b.devserver.DevServerOutputTracker   :   > 629 |                         onKeyDown={handleKeyPress}
2026-01-29T10:38:03.509-05:00  INFO 18284 --- [dev-server-output] c.v.b.devserver.DevServerOutputTracker   :         |                         ^^^^^^^^^
2026-01-29T10:38:03.509-05:00  INFO 18284 --- [dev-server-output] c.v.b.devserver.DevServerOutputTracker   :     630 |                         clearButtonVisible
2026-01-29T10:38:03.509-05:00  INFO 18284 --- [dev-server-output] c.v.b.devserver.DevServerOutputTracker   :     631 |                     >
2026-01-29T10:38:03.509-05:00  INFO 18284 --- [dev-server-output] c.v.b.devserver.DevServerOutputTracker   :     632 |                         <Icon slot="prefix" icon="vaadin:search" style={{ color: '#76b900', fontSize: '1.2rem' }} />
2026-01-29T10:38:03.509-05:00  INFO 18284 --- [dev-server-output] c.v.b.devserver.DevServerOutputTracker   : 
2026-01-29T10:38:03.509-05:00  INFO 18284 --- [dev-server-output] c.v.b.devserver.DevServerOutputTracker   :  ERROR(TypeScript)  Type '{ onProductoCreated: () => Promise<void>; className: string; }' is not assignable to type 'IntrinsicAttributes & ProductoEntryFormProps'.
2026-01-29T10:38:03.509-05:00  INFO 18284 --- [dev-server-output] c.v.b.devserver.DevServerOutputTracker   :   Property 'className' does not exist on type 'IntrinsicAttributes & ProductoEntryFormProps'.
2026-01-29T10:38:03.509-05:00  INFO 18284 --- [dev-server-output] c.v.b.devserver.DevServerOutputTracker   :  FILE  C:/Users/LENOVO I7/Desktop/Proyecto/Proyecto_NvidiaCorp/src/main/frontend/views/producto-list.tsx:658:25
2026-01-29T10:38:03.509-05:00  INFO 18284 --- [dev-server-output] c.v.b.devserver.DevServerOutputTracker   : 
2026-01-29T10:38:03.509-05:00  INFO 18284 --- [dev-server-output] c.v.b.devserver.DevServerOutputTracker   :     656 |                     <ProductoEntryForm
2026-01-29T10:38:03.509-05:00  INFO 18284 --- [dev-server-output] c.v.b.devserver.DevServerOutputTracker   :     657 |                         onProductoCreated={cargarProductos}
2026-01-29T10:38:03.509-05:00  INFO 18284 --- [dev-server-output] c.v.b.devserver.DevServerOutputTracker   :   > 658 |                         className="producto-btn-registrar"
2026-01-29T10:38:03.509-05:00  INFO 18284 --- [dev-server-output] c.v.b.devserver.DevServerOutputTracker   :         |                         ^^^^^^^^^
2026-01-29T10:38:03.509-05:00  INFO 18284 --- [dev-server-output] c.v.b.devserver.DevServerOutputTracker   :     659 |                     />
2026-01-29T10:38:03.509-05:00  INFO 18284 --- [dev-server-output] c.v.b.devserver.DevServerOutputTracker   :     660 |                 </div>
2026-01-29T10:38:03.510-05:00  INFO 18284 --- [dev-server-output] c.v.b.devserver.DevServerOutputTracker   :     661 |
2026-01-29T10:38:03.510-05:00  INFO 18284 --- [dev-server-output] c.v.b.devserver.DevServerOutputTracker   : 
2026-01-29T10:38:03.510-05:00  INFO 18284 --- [dev-server-output] c.v.b.devserver.DevServerOutputTracker   : [TypeScript] Found 29 errors. Watching for file changes.
2026-01-29T10:38:05.581-05:00  INFO 18284 --- [dev-server-output] c.v.b.devserver.DevServerOutputTracker   : 10:38:05 a. m. [vite] (client) hmr update /views/Pago-form.tsx
2026-01-29T10:38:05.616-05:00  INFO 18284 --- [dev-server-output] c.v.b.devserver.DevServerOutputTracker   : 10:38:05 a. m. [vite] Internal server error: C:\Users\LENOVO I7\Desktop\Proyecto\Proyecto_NvidiaCorp\src\main\frontend\views\Pago-form.tsx: Unterminated JSX contents. (123:12)
2026-01-29T10:38:05.616-05:00  INFO 18284 --- [dev-server-output] c.v.b.devserver.DevServerOutputTracker   : 
2026-01-29T10:38:05.616-05:00  INFO 18284 --- [dev-server-output] c.v.b.devserver.DevServerOutputTracker   :   121 |           ></form>
2026-01-29T10:38:05.616-05:00  INFO 18284 --- [dev-server-output] c.v.b.devserver.DevServerOutputTracker   :   122 |         )}
2026-01-29T10:38:05.616-05:00  INFO 18284 --- [dev-server-output] c.v.b.devserver.DevServerOutputTracker   : > 123 |       </div>
2026-01-29T10:38:05.616-05:00  INFO 18284 --- [dev-server-output] c.v.b.devserver.DevServerOutputTracker   :       |             ^
2026-01-29T10:38:05.616-05:00  INFO 18284 --- [dev-server-output] c.v.b.devserver.DevServerOutputTracker   :   124 |
2026-01-29T10:38:05.616-05:00  INFO 18284 --- [dev-server-output] c.v.b.devserver.DevServerOutputTracker   :   Plugin: vite:react-babel
2026-01-29T10:38:05.616-05:00  INFO 18284 --- [dev-server-output] c.v.b.devserver.DevServerOutputTracker   :   File: C:/Users/LENOVO I7/Desktop/Proyecto/Proyecto_NvidiaCorp/src/main/frontend/views/Pago-form.tsx:123:12
2026-01-29T10:38:05.616-05:00  INFO 18284 --- [dev-server-output] c.v.b.devserver.DevServerOutputTracker   :       at constructor (C:\Users\LENOVO I7\Desktop\Proyecto\Proyecto_NvidiaCorp\node_modules\@babel\parser\lib\index.js:360:19)
2026-01-29T10:38:05.616-05:00  INFO 18284 --- [dev-server-output] c.v.b.devserver.DevServerOutputTracker   :       at TypeScriptParserMixin.raise (C:\Users\LENOVO I7\Desktop\Proyecto\Proyecto_NvidiaCorp\node_modules\@babel\parser\lib\index.js:6613:19)
2026-01-29T10:38:05.616-05:00  INFO 18284 --- [dev-server-output] c.v.b.devserver.DevServerOutputTracker   :       at TypeScriptParserMixin.jsxReadToken (C:\Users\LENOVO I7\Desktop\Proyecto\Proyecto_NvidiaCorp\node_modules\@babel\parser\lib\index.js:4454:20)
2026-01-29T10:38:05.616-05:00  INFO 18284 --- [dev-server-output] c.v.b.devserver.DevServerOutputTracker   :       at TypeScriptParserMixin.getTokenFromCode (C:\Users\LENOVO I7\Desktop\Proyecto\Proyecto_NvidiaCorp\node_modules\@babel\parser\lib\index.js:4780:12)
2026-01-29T10:38:05.616-05:00  INFO 18284 --- [dev-server-output] c.v.b.devserver.DevServerOutputTracker   :       at TypeScriptParserMixin.getTokenFromCode (C:\Users\LENOVO I7\Desktop\Proyecto\Proyecto_NvidiaCorp\node_modules\@babel\parser\lib\index.js:9931:11)
2026-01-29T10:38:05.616-05:00  INFO 18284 --- [dev-server-output] c.v.b.devserver.DevServerOutputTracker   :       at TypeScriptParserMixin.nextToken (C:\Users\LENOVO I7\Desktop\Proyecto\Proyecto_NvidiaCorp\node_modules\@babel\parser\lib\index.js:5796:10)
2026-01-29T10:38:05.616-05:00  INFO 18284 --- [dev-server-output] c.v.b.devserver.DevServerOutputTracker   :       at TypeScriptParserMixin.next (C:\Users\LENOVO I7\Desktop\Proyecto\Proyecto_NvidiaCorp\node_modules\@babel\parser\lib\index.js:5706:10)
2026-01-29T10:38:05.616-05:00  INFO 18284 --- [dev-server-output] c.v.b.devserver.DevServerOutputTracker   :       at TypeScriptParserMixin.eat (C:\Users\LENOVO I7\Desktop\Proyecto\Proyecto_NvidiaCorp\node_modules\@babel\parser\lib\index.js:5710:12)
2026-01-29T10:38:05.616-05:00  INFO 18284 --- [dev-server-output] c.v.b.devserver.DevServerOutputTracker   :       at TypeScriptParserMixin.expect (C:\Users\LENOVO I7\Desktop\Proyecto\Proyecto_NvidiaCorp\node_modules\@babel\parser\lib\index.js:6913:15)
2026-01-29T10:38:05.616-05:00  INFO 18284 --- [dev-server-output] c.v.b.devserver.DevServerOutputTracker   :       at TypeScriptParserMixin.jsxParseClosingElementAt (C:\Users\LENOVO I7\Desktop\Proyecto\Proyecto_NvidiaCorp\node_modules\@babel\parser\lib\index.js:4686:10)
2026-01-29T10:38:05.616-05:00  INFO 18284 --- [dev-server-output] c.v.b.devserver.DevServerOutputTracker   :       at TypeScriptParserMixin.jsxParseElementAt (C:\Users\LENOVO I7\Desktop\Proyecto\Proyecto_NvidiaCorp\node_modules\@babel\parser\lib\index.js:4701:37)
2026-01-29T10:38:05.616-05:00  INFO 18284 --- [dev-server-output] c.v.b.devserver.DevServerOutputTracker   :       at TypeScriptParserMixin.jsxParseElementAt (C:\Users\LENOVO I7\Desktop\Proyecto\Proyecto_NvidiaCorp\node_modules\@babel\parser\lib\index.js:4704:32)
2026-01-29T10:38:05.616-05:00  INFO 18284 --- [dev-server-output] c.v.b.devserver.DevServerOutputTracker   :       at TypeScriptParserMixin.jsxParseElement (C:\Users\LENOVO I7\Desktop\Proyecto\Proyecto_NvidiaCorp\node_modules\@babel\parser\lib\index.js:4755:17)
2026-01-29T10:38:05.616-05:00  INFO 18284 --- [dev-server-output] c.v.b.devserver.DevServerOutputTracker   :       at TypeScriptParserMixin.parseExprAtom (C:\Users\LENOVO I7\Desktop\Proyecto\Proyecto_NvidiaCorp\node_modules\@babel\parser\lib\index.js:4765:19)
2026-01-29T10:38:05.616-05:00  INFO 18284 --- [dev-server-output] c.v.b.devserver.DevServerOutputTracker   :       at TypeScriptParserMixin.parseExprSubscripts (C:\Users\LENOVO I7\Desktop\Proyecto\Proyecto_NvidiaCorp\node_modules\@babel\parser\lib\index.js:10992:23)
2026-01-29T10:38:05.616-05:00  INFO 18284 --- [dev-server-output] c.v.b.devserver.DevServerOutputTracker   :       at TypeScriptParserMixin.parseUpdate (C:\Users\LENOVO I7\Desktop\Proyecto\Proyecto_NvidiaCorp\node_modules\@babel\parser\lib\index.js:10977:21)
2026-01-29T10:38:05.616-05:00  INFO 18284 --- [dev-server-output] c.v.b.devserver.DevServerOutputTracker   :       at TypeScriptParserMixin.parseMaybeUnary (C:\Users\LENOVO I7\Desktop\Proyecto\Proyecto_NvidiaCorp\node_modules\@babel\parser\lib\index.js:10957:23)
2026-01-29T10:38:05.616-05:00  INFO 18284 --- [dev-server-output] c.v.b.devserver.DevServerOutputTracker   :       at TypeScriptParserMixin.parseMaybeUnary (C:\Users\LENOVO I7\Desktop\Proyecto\Proyecto_NvidiaCorp\node_modules\@babel\parser\lib\index.js:9779:18)
2026-01-29T10:38:05.616-05:00  INFO 18284 --- [dev-server-output] c.v.b.devserver.DevServerOutputTracker   :       at TypeScriptParserMixin.parseMaybeUnaryOrPrivate (C:\Users\LENOVO I7\Desktop\Proyecto\Proyecto_NvidiaCorp\node_modules\@babel\parser\lib\index.js:10810:61)
2026-01-29T10:38:05.616-05:00  INFO 18284 --- [dev-server-output] c.v.b.devserver.DevServerOutputTracker   :       at TypeScriptParserMixin.parseExprOps (C:\Users\LENOVO I7\Desktop\Proyecto\Proyecto_NvidiaCorp\node_modules\@babel\parser\lib\index.js:10815:23)
2026-01-29T10:38:05.616-05:00  INFO 18284 --- [dev-server-output] c.v.b.devserver.DevServerOutputTracker   :       at TypeScriptParserMixin.parseMaybeConditional (C:\Users\LENOVO I7\Desktop\Proyecto\Proyecto_NvidiaCorp\node_modules\@babel\parser\lib\index.js:10792:23)
2026-01-29T10:38:05.616-05:00  INFO 18284 --- [dev-server-output] c.v.b.devserver.DevServerOutputTracker   :       at TypeScriptParserMixin.parseMaybeAssign (C:\Users\LENOVO I7\Desktop\Proyecto\Proyecto_NvidiaCorp\node_modules\@babel\parser\lib\index.js:10745:21)
2026-01-29T10:38:05.616-05:00  INFO 18284 --- [dev-server-output] c.v.b.devserver.DevServerOutputTracker   :       at C:\Users\LENOVO I7\Desktop\Proyecto\Proyecto_NvidiaCorp\node_modules\@babel\parser\lib\index.js:9717:39
2026-01-29T10:38:05.628-05:00  INFO 18284 --- [dev-server-output] c.v.b.devserver.DevServerOutputTracker   :       at TypeScriptParserMixin.tryParse (C:\Users\LENOVO I7\Desktop\Proyecto\Proyecto_NvidiaCorp\node_modules\@babel\parser\lib\index.js:6922:20)
2026-01-29T10:38:05.628-05:00  INFO 18284 --- [dev-server-output] c.v.b.devserver.DevServerOutputTracker   :       at TypeScriptParserMixin.parseMaybeAssign (C:\Users\LENOVO I7\Desktop\Proyecto\Proyecto_NvidiaCorp\node_modules\@babel\parser\lib\index.js:9717:18)
2026-01-29T10:38:05.628-05:00  INFO 18284 --- [dev-server-output] c.v.b.devserver.DevServerOutputTracker   :       at C:\Users\LENOVO I7\Desktop\Proyecto\Proyecto_NvidiaCorp\node_modules\@babel\parser\lib\index.js:10714:39
2026-01-29T10:38:05.628-05:00  INFO 18284 --- [dev-server-output] c.v.b.devserver.DevServerOutputTracker   :       at TypeScriptParserMixin.allowInAnd (C:\Users\LENOVO I7\Desktop\Proyecto\Proyecto_NvidiaCorp\node_modules\@babel\parser\lib\index.js:12334:12)
2026-01-29T10:38:05.629-05:00  INFO 18284 --- [dev-server-output] c.v.b.devserver.DevServerOutputTracker   :       at TypeScriptParserMixin.parseMaybeAssignAllowIn (C:\Users\LENOVO I7\Desktop\Proyecto\Proyecto_NvidiaCorp\node_modules\@babel\parser\lib\index.js:10714:17)
2026-01-29T10:38:05.629-05:00  INFO 18284 --- [dev-server-output] c.v.b.devserver.DevServerOutputTracker   :       at TypeScriptParserMixin.parseParenAndDistinguishExpression (C:\Users\LENOVO I7\Desktop\Proyecto\Proyecto_NvidiaCorp\node_modules\@babel\parser\lib\index.js:11591:28)
2026-01-29T10:38:05.629-05:00  INFO 18284 --- [dev-server-output] c.v.b.devserver.DevServerOutputTracker   :       at TypeScriptParserMixin.parseExprAtom (C:\Users\LENOVO I7\Desktop\Proyecto\Proyecto_NvidiaCorp\node_modules\@babel\parser\lib\index.js:11242:23)
2026-01-29T10:38:05.629-05:00  INFO 18284 --- [dev-server-output] c.v.b.devserver.DevServerOutputTracker   :       at TypeScriptParserMixin.parseExprAtom (C:\Users\LENOVO I7\Desktop\Proyecto\Proyecto_NvidiaCorp\node_modules\@babel\parser\lib\index.js:4770:20)
2026-01-29T10:38:05.629-05:00  INFO 18284 --- [dev-server-output] c.v.b.devserver.DevServerOutputTracker   :       at TypeScriptParserMixin.parseExprSubscripts (C:\Users\LENOVO I7\Desktop\Proyecto\Proyecto_NvidiaCorp\node_modules\@babel\parser\lib\index.js:10992:23)
2026-01-29T10:38:05.630-05:00  INFO 18284 --- [dev-server-output] c.v.b.devserver.DevServerOutputTracker   :       at TypeScriptParserMixin.parseUpdate (C:\Users\LENOVO I7\Desktop\Proyecto\Proyecto_NvidiaCorp\node_modules\@babel\parser\lib\index.js:10977:21)
2026-01-29T10:38:05.630-05:00  INFO 18284 --- [dev-server-output] c.v.b.devserver.DevServerOutputTracker   :       at TypeScriptParserMixin.parseMaybeUnary (C:\Users\LENOVO I7\Desktop\Proyecto\Proyecto_NvidiaCorp\node_modules\@babel\parser\lib\index.js:10957:23)
2026-01-29T10:38:05.630-05:00  INFO 18284 --- [dev-server-output] c.v.b.devserver.DevServerOutputTracker   :       at TypeScriptParserMixin.parseMaybeUnary (C:\Users\LENOVO I7\Desktop\Proyecto\Proyecto_NvidiaCorp\node_modules\@babel\parser\lib\index.js:9779:18)
2026-01-29T10:38:05.630-05:00  INFO 18284 --- [dev-server-output] c.v.b.devserver.DevServerOutputTracker   :       at TypeScriptParserMixin.parseMaybeUnaryOrPrivate (C:\Users\LENOVO I7\Desktop\Proyecto\Proyecto_NvidiaCorp\node_modules\@babel\parser\lib\index.js:10810:61)
2026-01-29T10:38:05.630-05:00  INFO 18284 --- [dev-server-output] c.v.b.devserver.DevServerOutputTracker   :       at TypeScriptParserMixin.parseExprOps (C:\Users\LENOVO I7\Desktop\Proyecto\Proyecto_NvidiaCorp\node_modules\@babel\parser\lib\index.js:10815:23)
2026-01-29T10:38:05.630-05:00  INFO 18284 --- [dev-server-output] c.v.b.devserver.DevServerOutputTracker   :       at TypeScriptParserMixin.parseMaybeConditional (C:\Users\LENOVO I7\Desktop\Proyecto\Proyecto_NvidiaCorp\node_modules\@babel\parser\lib\index.js:10792:23)
2026-01-29T10:38:05.630-05:00  INFO 18284 --- [dev-server-output] c.v.b.devserver.DevServerOutputTracker   :       at TypeScriptParserMixin.parseMaybeAssign (C:\Users\LENOVO I7\Desktop\Proyecto\Proyecto_NvidiaCorp\node_modules\@babel\parser\lib\index.js:10745:21)
2026-01-29T10:38:05.631-05:00  INFO 18284 --- [dev-server-output] c.v.b.devserver.DevServerOutputTracker   :       at TypeScriptParserMixin.parseMaybeAssign (C:\Users\LENOVO I7\Desktop\Proyecto\Proyecto_NvidiaCorp\node_modules\@babel\parser\lib\index.js:9728:20)
2026-01-29T10:38:05.631-05:00  INFO 18284 --- [dev-server-output] c.v.b.devserver.DevServerOutputTracker   :       at TypeScriptParserMixin.parseExpressionBase (C:\Users\LENOVO I7\Desktop\Proyecto\Proyecto_NvidiaCorp\node_modules\@babel\parser\lib\index.js:10698:23)
2026-01-29T10:38:05.631-05:00  INFO 18284 --- [dev-server-output] c.v.b.devserver.DevServerOutputTracker   :       at C:\Users\LENOVO I7\Desktop\Proyecto\Proyecto_NvidiaCorp\node_modules\@babel\parser\lib\index.js:10694:39
2026-01-29T10:38:05.631-05:00  INFO 18284 --- [dev-server-output] c.v.b.devserver.DevServerOutputTracker   :       at TypeScriptParserMixin.allowInAnd (C:\Users\LENOVO I7\Desktop\Proyecto\Proyecto_NvidiaCorp\node_modules\@babel\parser\lib\index.js:12329:16)
2026-01-29T10:38:05.631-05:00  INFO 18284 --- [dev-server-output] c.v.b.devserver.DevServerOutputTracker   :       at TypeScriptParserMixin.parseExpression (C:\Users\LENOVO I7\Desktop\Proyecto\Proyecto_NvidiaCorp\node_modules\@babel\parser\lib\index.js:10694:17)
2026-01-29T10:38:05.631-05:00  INFO 18284 --- [dev-server-output] c.v.b.devserver.DevServerOutputTracker   :       at TypeScriptParserMixin.parseReturnStatement (C:\Users\LENOVO I7\Desktop\Proyecto\Proyecto_NvidiaCorp\node_modules\@babel\parser\lib\index.js:13018:28)
2026-01-29T10:38:05.632-05:00  INFO 18284 --- [dev-server-output] c.v.b.devserver.DevServerOutputTracker   :       at TypeScriptParserMixin.parseStatementContent (C:\Users\LENOVO I7\Desktop\Proyecto\Proyecto_NvidiaCorp\node_modules\@babel\parser\lib\index.js:12675:21)
2026-01-29T10:38:05.632-05:00  INFO 18284 --- [dev-server-output] c.v.b.devserver.DevServerOutputTracker   :       at TypeScriptParserMixin.parseStatementContent (C:\Users\LENOVO I7\Desktop\Proyecto\Proyecto_NvidiaCorp\node_modules\@babel\parser\lib\index.js:9454:18)
2026-01-29T10:38:05.632-05:00  INFO 18284 --- [dev-server-output] c.v.b.devserver.DevServerOutputTracker   :       at TypeScriptParserMixin.parseStatementLike (C:\Users\LENOVO I7\Desktop\Proyecto\Proyecto_NvidiaCorp\node_modules\@babel\parser\lib\index.js:12644:17)
2026-01-29T10:38:05.632-05:00  INFO 18284 --- [dev-server-output] c.v.b.devserver.DevServerOutputTracker   :       at TypeScriptParserMixin.parseStatementListItem (C:\Users\LENOVO I7\Desktop\Proyecto\Proyecto_NvidiaCorp\node_modules\@babel\parser\lib\index.js:12624:17)
2026-01-29T10:38:05.633-05:00  INFO 18284 --- [dev-server-output] c.v.b.devserver.DevServerOutputTracker   :       at TypeScriptParserMixin.parseBlockOrModuleBlockBody (C:\Users\LENOVO I7\Desktop\Proyecto\Proyecto_NvidiaCorp\node_modules\@babel\parser\lib\index.js:13192:61)
2026-01-29T10:38:05.943-05:00  INFO 18284 --- [dev-server-output] c.v.b.devserver.DevServerOutputTracker   : 
2026-01-29T10:38:05.943-05:00  INFO 18284 --- [dev-server-output] c.v.b.devserver.DevServerOutputTracker   :  ERROR(TypeScript)  JSX element 'main' has no corresponding closing tag.
2026-01-29T10:38:05.944-05:00  INFO 18284 --- [dev-server-output] c.v.b.devserver.DevServerOutputTracker   :  FILE  C:/Users/LENOVO I7/Desktop/Proyecto/Proyecto_NvidiaCorp/src/main/frontend/views/Pago-form.tsx:109:6
2026-01-29T10:38:05.944-05:00  INFO 18284 --- [dev-server-output] c.v.b.devserver.DevServerOutputTracker   : 
2026-01-29T10:38:05.944-05:00  INFO 18284 --- [dev-server-output] c.v.b.devserver.DevServerOutputTracker   :     107 |
2026-01-29T10:38:05.945-05:00  INFO 18284 --- [dev-server-output] c.v.b.devserver.DevServerOutputTracker   :     108 |   return (
2026-01-29T10:38:05.945-05:00  INFO 18284 --- [dev-server-output] c.v.b.devserver.DevServerOutputTracker   :   > 109 |     <main className="pago-main">
2026-01-29T10:38:05.945-05:00  INFO 18284 --- [dev-server-output] c.v.b.devserver.DevServerOutputTracker   :         |      ^^^^
2026-01-29T10:38:05.945-05:00  INFO 18284 --- [dev-server-output] c.v.b.devserver.DevServerOutputTracker   :     110 |       <h1 className="pago-title">Realizar Pago</h1>
2026-01-29T10:38:05.945-05:00  INFO 18284 --- [dev-server-output] c.v.b.devserver.DevServerOutputTracker   :     111 |       <div className="pago-grid" style={{ maxWidth: 500, margin: "0 auto" }}>
2026-01-29T10:38:05.946-05:00  INFO 18284 --- [dev-server-output] c.v.b.devserver.DevServerOutputTracker   :     112 |         {!checkoutId && (
2026-01-29T10:38:05.946-05:00  INFO 18284 --- [dev-server-output] c.v.b.devserver.DevServerOutputTracker   : 
2026-01-29T10:38:05.946-05:00  INFO 18284 --- [dev-server-output] c.v.b.devserver.DevServerOutputTracker   :  ERROR(TypeScript)  '</' expected.
2026-01-29T10:38:05.946-05:00  INFO 18284 --- [dev-server-output] c.v.b.devserver.DevServerOutputTracker   :  FILE  C:/Users/LENOVO I7/Desktop/Proyecto/Proyecto_NvidiaCorp/src/main/frontend/views/Pago-form.tsx:124:1
2026-01-29T10:38:05.946-05:00  INFO 18284 --- [dev-server-output] c.v.b.devserver.DevServerOutputTracker   : 
2026-01-29T10:38:05.946-05:00  INFO 18284 --- [dev-server-output] c.v.b.devserver.DevServerOutputTracker   :     122 |         )}
2026-01-29T10:38:05.946-05:00  INFO 18284 --- [dev-server-output] c.v.b.devserver.DevServerOutputTracker   :     123 |       </div>
2026-01-29T10:38:05.946-05:00  INFO 18284 --- [dev-server-output] c.v.b.devserver.DevServerOutputTracker   :   > 124 |
2026-01-29T10:38:05.946-05:00  INFO 18284 --- [dev-server-output] c.v.b.devserver.DevServerOutputTracker   :         | ^
2026-01-29T10:38:05.946-05:00  INFO 18284 --- [dev-server-output] c.v.b.devserver.DevServerOutputTracker   : 
2026-01-29T10:38:05.946-05:00  INFO 18284 --- [dev-server-output] c.v.b.devserver.DevServerOutputTracker   : [TypeScript] Found 2 errors. Watching for file changes.
2026-01-29T10:38:23.724-05:00  INFO 18284 --- [dev-server-output] c.v.b.devserver.DevServerOutputTracker   : 10:38:23 a. m. [vite] (client) hmr update /views/Pago-form.tsx
2026-01-29T10:38:24.230-05:00  INFO 18284 --- [dev-server-output] c.v.b.devserver.DevServerOutputTracker   : 
2026-01-29T10:38:24.230-05:00  INFO 18284 --- [dev-server-output] c.v.b.devserver.DevServerOutputTracker   :  ERROR(TypeScript)  Property 'user' does not exist on type 'AuthContextType'.
2026-01-29T10:38:24.230-05:00  INFO 18284 --- [dev-server-output] c.v.b.devserver.DevServerOutputTracker   :  FILE  C:/Users/LENOVO I7/Desktop/Proyecto/Proyecto_NvidiaCorp/src/main/frontend/components/Navbar.tsx:12:11
2026-01-29T10:38:24.230-05:00  INFO 18284 --- [dev-server-output] c.v.b.devserver.DevServerOutputTracker   : 
2026-01-29T10:38:24.231-05:00  INFO 18284 --- [dev-server-output] c.v.b.devserver.DevServerOutputTracker   :     10 |   const navigate = useNavigate();
2026-01-29T10:38:24.231-05:00  INFO 18284 --- [dev-server-output] c.v.b.devserver.DevServerOutputTracker   :     11 |   const location = useLocation(); // <-- Obtiene el objeto location
2026-01-29T10:38:24.231-05:00  INFO 18284 --- [dev-server-output] c.v.b.devserver.DevServerOutputTracker   :   > 12 |   const { user } = useAuth();
2026-01-29T10:38:24.231-05:00  INFO 18284 --- [dev-server-output] c.v.b.devserver.DevServerOutputTracker   :        |           ^^^^
2026-01-29T10:38:24.231-05:00  INFO 18284 --- [dev-server-output] c.v.b.devserver.DevServerOutputTracker   :     13 |
2026-01-29T10:38:24.231-05:00  INFO 18284 --- [dev-server-output] c.v.b.devserver.DevServerOutputTracker   :     14 |   console.log("Usuario autenticado:", user); // <-- Agrega esto
2026-01-29T10:38:24.231-05:00  INFO 18284 --- [dev-server-output] c.v.b.devserver.DevServerOutputTracker   :     15 |
2026-01-29T10:38:24.231-05:00  INFO 18284 --- [dev-server-output] c.v.b.devserver.DevServerOutputTracker   : 
2026-01-29T10:38:24.231-05:00  INFO 18284 --- [dev-server-output] c.v.b.devserver.DevServerOutputTracker   :  ERROR(TypeScript)  Type 'Marca | undefined' is not assignable to type 'Marca'.
2026-01-29T10:38:24.231-05:00  INFO 18284 --- [dev-server-output] c.v.b.devserver.DevServerOutputTracker   :   Type 'undefined' is not assignable to type 'Marca'.
2026-01-29T10:38:24.231-05:00  INFO 18284 --- [dev-server-output] c.v.b.devserver.DevServerOutputTracker   :  FILE  C:/Users/LENOVO I7/Desktop/Proyecto/Proyecto_NvidiaCorp/src/main/frontend/views/_producto-admin.tsx:47:68
2026-01-29T10:38:24.231-05:00  INFO 18284 --- [dev-server-output] c.v.b.devserver.DevServerOutputTracker   : 
2026-01-29T10:38:24.231-05:00  INFO 18284 --- [dev-server-output] c.v.b.devserver.DevServerOutputTracker   :     45 |         // Carga de marcas
2026-01-29T10:38:24.232-05:00  INFO 18284 --- [dev-server-output] c.v.b.devserver.DevServerOutputTracker   :     46 |         MarcaService.listAllMarcas().then(result => {
2026-01-29T10:38:24.232-05:00  INFO 18284 --- [dev-server-output] c.v.b.devserver.DevServerOutputTracker   :   > 47 |              setMarcas([{ id: 0, nombre: 'Seleccione una marca' }, ...(result || [])]);
2026-01-29T10:38:24.232-05:00  INFO 18284 --- [dev-server-output] c.v.b.devserver.DevServerOutputTracker   :        |                                                                    ^^^^^^^^^^^^^^^^^
2026-01-29T10:38:24.232-05:00  INFO 18284 --- [dev-server-output] c.v.b.devserver.DevServerOutputTracker   :     48 |         }).catch(console.error);
2026-01-29T10:38:24.232-05:00  INFO 18284 --- [dev-server-output] c.v.b.devserver.DevServerOutputTracker   :     49 |     }, []);
2026-01-29T10:38:24.232-05:00  INFO 18284 --- [dev-server-output] c.v.b.devserver.DevServerOutputTracker   :     50 |
2026-01-29T10:38:24.233-05:00  INFO 18284 --- [dev-server-output] c.v.b.devserver.DevServerOutputTracker   : 
2026-01-29T10:38:24.233-05:00  INFO 18284 --- [dev-server-output] c.v.b.devserver.DevServerOutputTracker   :  ERROR(TypeScript)  Type 'number' is not assignable to type 'string'.
2026-01-29T10:38:24.233-05:00  INFO 18284 --- [dev-server-output] c.v.b.devserver.DevServerOutputTracker   :  FILE  C:/Users/LENOVO I7/Desktop/Proyecto/Proyecto_NvidiaCorp/src/main/frontend/views/_producto-admin.tsx:98:25
2026-01-29T10:38:24.233-05:00  INFO 18284 --- [dev-server-output] c.v.b.devserver.DevServerOutputTracker   : 
2026-01-29T10:38:24.233-05:00  INFO 18284 --- [dev-server-output] c.v.b.devserver.DevServerOutputTracker   :      96 |                         itemLabelPath="nombre"
2026-01-29T10:38:24.233-05:00  INFO 18284 --- [dev-server-output] c.v.b.devserver.DevServerOutputTracker   :      97 |                         itemValuePath="id"
2026-01-29T10:38:24.234-05:00  INFO 18284 --- [dev-server-output] c.v.b.devserver.DevServerOutputTracker   :   >  98 |                         value={marca.value}
2026-01-29T10:38:24.234-05:00  INFO 18284 --- [dev-server-output] c.v.b.devserver.DevServerOutputTracker   :         |                         ^^^^^
2026-01-29T10:38:24.234-05:00  INFO 18284 --- [dev-server-output] c.v.b.devserver.DevServerOutputTracker   :      99 |                         onValueChanged={e => marca.value = e.detail.value}
2026-01-29T10:38:24.234-05:00  INFO 18284 --- [dev-server-output] c.v.b.devserver.DevServerOutputTracker   :     100 |                     />
2026-01-29T10:38:24.234-05:00  INFO 18284 --- [dev-server-output] c.v.b.devserver.DevServerOutputTracker   :     101 |                     
2026-01-29T10:38:24.234-05:00  INFO 18284 --- [dev-server-output] c.v.b.devserver.DevServerOutputTracker   : 
2026-01-29T10:38:24.234-05:00  INFO 18284 --- [dev-server-output] c.v.b.devserver.DevServerOutputTracker   :  ERROR(TypeScript)  Type 'string' is not assignable to type 'number'.
2026-01-29T10:38:24.234-05:00  INFO 18284 --- [dev-server-output] c.v.b.devserver.DevServerOutputTracker   :  FILE  C:/Users/LENOVO I7/Desktop/Proyecto/Proyecto_NvidiaCorp/src/main/frontend/views/_producto-admin.tsx:99:46
2026-01-29T10:38:24.234-05:00  INFO 18284 --- [dev-server-output] c.v.b.devserver.DevServerOutputTracker   : 
2026-01-29T10:38:24.234-05:00  INFO 18284 --- [dev-server-output] c.v.b.devserver.DevServerOutputTracker   :      97 |                         itemValuePath="id"
2026-01-29T10:38:24.234-05:00  INFO 18284 --- [dev-server-output] c.v.b.devserver.DevServerOutputTracker   :      98 |                         value={marca.value}
2026-01-29T10:38:24.234-05:00  INFO 18284 --- [dev-server-output] c.v.b.devserver.DevServerOutputTracker   :   >  99 |                         onValueChanged={e => marca.value = e.detail.value}
2026-01-29T10:38:24.234-05:00  INFO 18284 --- [dev-server-output] c.v.b.devserver.DevServerOutputTracker   :         |                                              ^^^^^^^^^^^
2026-01-29T10:38:24.234-05:00  INFO 18284 --- [dev-server-output] c.v.b.devserver.DevServerOutputTracker   :     100 |                     />
2026-01-29T10:38:24.235-05:00  INFO 18284 --- [dev-server-output] c.v.b.devserver.DevServerOutputTracker   :     101 |                     
2026-01-29T10:38:24.235-05:00  INFO 18284 --- [dev-server-output] c.v.b.devserver.DevServerOutputTracker   :     102 |                     <TextField label="Precio" value={precio.value.toString()} onValueChanged={e => precio.value = parseFloat(e.detail.value) || 0} />
2026-01-29T10:38:24.235-05:00  INFO 18284 --- [dev-server-output] c.v.b.devserver.DevServerOutputTracker   : 
2026-01-29T10:38:24.235-05:00  INFO 18284 --- [dev-server-output] c.v.b.devserver.DevServerOutputTracker   :  ERROR(TypeScript)  Type 'Marca | undefined' is not assignable to type 'Marca'.
2026-01-29T10:38:24.235-05:00  INFO 18284 --- [dev-server-output] c.v.b.devserver.DevServerOutputTracker   :   Type 'undefined' is not assignable to type 'Marca'.
2026-01-29T10:38:24.235-05:00  INFO 18284 --- [dev-server-output] c.v.b.devserver.DevServerOutputTracker   :  FILE  C:/Users/LENOVO I7/Desktop/Proyecto/Proyecto_NvidiaCorp/src/main/frontend/views/_producto-admin.tsx:152:58
2026-01-29T10:38:24.235-05:00  INFO 18284 --- [dev-server-output] c.v.b.devserver.DevServerOutputTracker   : 
2026-01-29T10:38:24.235-05:00  INFO 18284 --- [dev-server-output] c.v.b.devserver.DevServerOutputTracker   :     150 |     useEffect(() => {
2026-01-29T10:38:24.235-05:00  INFO 18284 --- [dev-server-output] c.v.b.devserver.DevServerOutputTracker   :     151 |         MarcaService.listAllMarcas().then(result => {
2026-01-29T10:38:24.235-05:00  INFO 18284 --- [dev-server-output] c.v.b.devserver.DevServerOutputTracker   :   > 152 |              setMarcas([{ id: 0, nombre: 'Seleccione' }, ...(result || [])]);
2026-01-29T10:38:24.236-05:00  INFO 18284 --- [dev-server-output] c.v.b.devserver.DevServerOutputTracker   :         |                                                          ^^^^^^^^^^^^^^^^^
2026-01-29T10:38:24.236-05:00  INFO 18284 --- [dev-server-output] c.v.b.devserver.DevServerOutputTracker   :     153 |         });
2026-01-29T10:38:24.236-05:00  INFO 18284 --- [dev-server-output] c.v.b.devserver.DevServerOutputTracker   :     154 |     }, []);
2026-01-29T10:38:24.236-05:00  INFO 18284 --- [dev-server-output] c.v.b.devserver.DevServerOutputTracker   :     155 |
2026-01-29T10:38:24.236-05:00  INFO 18284 --- [dev-server-output] c.v.b.devserver.DevServerOutputTracker   : 
2026-01-29T10:38:24.236-05:00  INFO 18284 --- [dev-server-output] c.v.b.devserver.DevServerOutputTracker   :  ERROR(TypeScript)  Parameter 'total' implicitly has an 'any' type.
2026-01-29T10:38:24.236-05:00  INFO 18284 --- [dev-server-output] c.v.b.devserver.DevServerOutputTracker   :  FILE  C:/Users/LENOVO I7/Desktop/Proyecto/Proyecto_NvidiaCorp/src/main/frontend/views/carrito-list.tsx:24:28
2026-01-29T10:38:24.236-05:00  INFO 18284 --- [dev-server-output] c.v.b.devserver.DevServerOutputTracker   : 
2026-01-29T10:38:24.236-05:00  INFO 18284 --- [dev-server-output] c.v.b.devserver.DevServerOutputTracker   :     22 |   // Cálculos del carrito
2026-01-29T10:38:24.236-05:00  INFO 18284 --- [dev-server-output] c.v.b.devserver.DevServerOutputTracker   :     23 |   const calcularSubtotal = () => {
2026-01-29T10:38:24.236-05:00  INFO 18284 --- [dev-server-output] c.v.b.devserver.DevServerOutputTracker   :   > 24 |     return carrito.reduce((total, item) => {
2026-01-29T10:38:24.237-05:00  INFO 18284 --- [dev-server-output] c.v.b.devserver.DevServerOutputTracker   :        |                            ^^^^^
2026-01-29T10:38:24.237-05:00  INFO 18284 --- [dev-server-output] c.v.b.devserver.DevServerOutputTracker   :     25 |       const cantidad = cantidades[item.id] || 1;
2026-01-29T10:38:24.237-05:00  INFO 18284 --- [dev-server-output] c.v.b.devserver.DevServerOutputTracker   :     26 |       return total + (item.precio * cantidad);
2026-01-29T10:38:24.237-05:00  INFO 18284 --- [dev-server-output] c.v.b.devserver.DevServerOutputTracker   :     27 |     }, 0);
2026-01-29T10:38:24.237-05:00  INFO 18284 --- [dev-server-output] c.v.b.devserver.DevServerOutputTracker   : 
2026-01-29T10:38:24.237-05:00  INFO 18284 --- [dev-server-output] c.v.b.devserver.DevServerOutputTracker   :  ERROR(TypeScript)  Parameter 'item' implicitly has an 'any' type.
2026-01-29T10:38:24.237-05:00  INFO 18284 --- [dev-server-output] c.v.b.devserver.DevServerOutputTracker   :  FILE  C:/Users/LENOVO I7/Desktop/Proyecto/Proyecto_NvidiaCorp/src/main/frontend/views/carrito-list.tsx:24:35
2026-01-29T10:38:24.237-05:00  INFO 18284 --- [dev-server-output] c.v.b.devserver.DevServerOutputTracker   : 
2026-01-29T10:38:24.237-05:00  INFO 18284 --- [dev-server-output] c.v.b.devserver.DevServerOutputTracker   :     22 |   // Cálculos del carrito
2026-01-29T10:38:24.237-05:00  INFO 18284 --- [dev-server-output] c.v.b.devserver.DevServerOutputTracker   :     23 |   const calcularSubtotal = () => {
2026-01-29T10:38:24.238-05:00  INFO 18284 --- [dev-server-output] c.v.b.devserver.DevServerOutputTracker   :   > 24 |     return carrito.reduce((total, item) => {
2026-01-29T10:38:24.238-05:00  INFO 18284 --- [dev-server-output] c.v.b.devserver.DevServerOutputTracker   :        |                                   ^^^^
2026-01-29T10:38:24.238-05:00  INFO 18284 --- [dev-server-output] c.v.b.devserver.DevServerOutputTracker   :     25 |       const cantidad = cantidades[item.id] || 1;
2026-01-29T10:38:24.238-05:00  INFO 18284 --- [dev-server-output] c.v.b.devserver.DevServerOutputTracker   :     26 |       return total + (item.precio * cantidad);
2026-01-29T10:38:24.238-05:00  INFO 18284 --- [dev-server-output] c.v.b.devserver.DevServerOutputTracker   :     27 |     }, 0);
2026-01-29T10:38:24.238-05:00  INFO 18284 --- [dev-server-output] c.v.b.devserver.DevServerOutputTracker   : 
2026-01-29T10:38:24.238-05:00  INFO 18284 --- [dev-server-output] c.v.b.devserver.DevServerOutputTracker   :  ERROR(TypeScript)  Parameter 'p' implicitly has an 'any' type.
2026-01-29T10:38:24.238-05:00  INFO 18284 --- [dev-server-output] c.v.b.devserver.DevServerOutputTracker   :  FILE  C:/Users/LENOVO I7/Desktop/Proyecto/Proyecto_NvidiaCorp/src/main/frontend/views/carrito-list.tsx:40:33
2026-01-29T10:38:24.238-05:00  INFO 18284 --- [dev-server-output] c.v.b.devserver.DevServerOutputTracker   : 
2026-01-29T10:38:24.238-05:00  INFO 18284 --- [dev-server-output] c.v.b.devserver.DevServerOutputTracker   :     38 |   const handleCantidad = (id: number, valor: number) => {
2026-01-29T10:38:24.238-05:00  INFO 18284 --- [dev-server-output] c.v.b.devserver.DevServerOutputTracker   :     39 |     setCantidades((prev) => {
2026-01-29T10:38:24.238-05:00  INFO 18284 --- [dev-server-output] c.v.b.devserver.DevServerOutputTracker   :   > 40 |       const item = carrito.find(p => p.id === id);
2026-01-29T10:38:24.238-05:00  INFO 18284 --- [dev-server-output] c.v.b.devserver.DevServerOutputTracker   :        |                                 ^
2026-01-29T10:38:24.238-05:00  INFO 18284 --- [dev-server-output] c.v.b.devserver.DevServerOutputTracker   :     41 |       const stock = item?.stock ?? 1;
2026-01-29T10:38:24.238-05:00  INFO 18284 --- [dev-server-output] c.v.b.devserver.DevServerOutputTracker   :     42 |       let nuevaCantidad = Math.max(1, (prev[id] || 1) + valor);
2026-01-29T10:38:24.238-05:00  INFO 18284 --- [dev-server-output] c.v.b.devserver.DevServerOutputTracker   :     43 |       console.log("Stock:", stock, "Cantidad actual:", prev[id], "Nueva cantidad:", nuevaCantidad);
2026-01-29T10:38:24.239-05:00  INFO 18284 --- [dev-server-output] c.v.b.devserver.DevServerOutputTracker   : 
2026-01-29T10:38:24.239-05:00  INFO 18284 --- [dev-server-output] c.v.b.devserver.DevServerOutputTracker   :  ERROR(TypeScript)  Parameter 'carritoActual' implicitly has an 'any' type.
2026-01-29T10:38:24.239-05:00  INFO 18284 --- [dev-server-output] c.v.b.devserver.DevServerOutputTracker   :  FILE  C:/Users/LENOVO I7/Desktop/Proyecto/Proyecto_NvidiaCorp/src/main/frontend/views/carrito-list.tsx:52:19
2026-01-29T10:38:24.239-05:00  INFO 18284 --- [dev-server-output] c.v.b.devserver.DevServerOutputTracker   : 
2026-01-29T10:38:24.239-05:00  INFO 18284 --- [dev-server-output] c.v.b.devserver.DevServerOutputTracker   :     50 |         nuevaCantidad = stock;
2026-01-29T10:38:24.239-05:00  INFO 18284 --- [dev-server-output] c.v.b.devserver.DevServerOutputTracker   :     51 |       }
2026-01-29T10:38:24.239-05:00  INFO 18284 --- [dev-server-output] c.v.b.devserver.DevServerOutputTracker   :   > 52 |       setCarrito((carritoActual) =>
2026-01-29T10:38:24.239-05:00  INFO 18284 --- [dev-server-output] c.v.b.devserver.DevServerOutputTracker   :        |                   ^^^^^^^^^^^^^
2026-01-29T10:38:24.239-05:00  INFO 18284 --- [dev-server-output] c.v.b.devserver.DevServerOutputTracker   :     53 |         carritoActual.map((item) =>
2026-01-29T10:38:24.239-05:00  INFO 18284 --- [dev-server-output] c.v.b.devserver.DevServerOutputTracker   :     54 |           item.id === id ? { ...item, cantidad: nuevaCantidad } : item
2026-01-29T10:38:24.239-05:00  INFO 18284 --- [dev-server-output] c.v.b.devserver.DevServerOutputTracker   :     55 |         )
2026-01-29T10:38:24.239-05:00  INFO 18284 --- [dev-server-output] c.v.b.devserver.DevServerOutputTracker   : 
2026-01-29T10:38:24.239-05:00  INFO 18284 --- [dev-server-output] c.v.b.devserver.DevServerOutputTracker   :  ERROR(TypeScript)  Parameter 'item' implicitly has an 'any' type.
2026-01-29T10:38:24.239-05:00  INFO 18284 --- [dev-server-output] c.v.b.devserver.DevServerOutputTracker   :  FILE  C:/Users/LENOVO I7/Desktop/Proyecto/Proyecto_NvidiaCorp/src/main/frontend/views/carrito-list.tsx:53:28
2026-01-29T10:38:24.239-05:00  INFO 18284 --- [dev-server-output] c.v.b.devserver.DevServerOutputTracker   : 
2026-01-29T10:38:24.239-05:00  INFO 18284 --- [dev-server-output] c.v.b.devserver.DevServerOutputTracker   :     51 |       }
2026-01-29T10:38:24.239-05:00  INFO 18284 --- [dev-server-output] c.v.b.devserver.DevServerOutputTracker   :     52 |       setCarrito((carritoActual) =>
2026-01-29T10:38:24.240-05:00  INFO 18284 --- [dev-server-output] c.v.b.devserver.DevServerOutputTracker   :   > 53 |         carritoActual.map((item) =>
2026-01-29T10:38:24.240-05:00  INFO 18284 --- [dev-server-output] c.v.b.devserver.DevServerOutputTracker   :        |                            ^^^^
2026-01-29T10:38:24.240-05:00  INFO 18284 --- [dev-server-output] c.v.b.devserver.DevServerOutputTracker   :     54 |           item.id === id ? { ...item, cantidad: nuevaCantidad } : item
2026-01-29T10:38:24.240-05:00  INFO 18284 --- [dev-server-output] c.v.b.devserver.DevServerOutputTracker   :     55 |         )
2026-01-29T10:38:24.240-05:00  INFO 18284 --- [dev-server-output] c.v.b.devserver.DevServerOutputTracker   :     56 |       );
2026-01-29T10:38:24.240-05:00  INFO 18284 --- [dev-server-output] c.v.b.devserver.DevServerOutputTracker   : 
2026-01-29T10:38:24.240-05:00  INFO 18284 --- [dev-server-output] c.v.b.devserver.DevServerOutputTracker   :  ERROR(TypeScript)  Not all code paths return a value.
2026-01-29T10:38:24.240-05:00  INFO 18284 --- [dev-server-output] c.v.b.devserver.DevServerOutputTracker   :  FILE  C:/Users/LENOVO I7/Desktop/Proyecto/Proyecto_NvidiaCorp/src/main/frontend/views/carrito-list.tsx:112:13
2026-01-29T10:38:24.240-05:00  INFO 18284 --- [dev-server-output] c.v.b.devserver.DevServerOutputTracker   : 
2026-01-29T10:38:24.240-05:00  INFO 18284 --- [dev-server-output] c.v.b.devserver.DevServerOutputTracker   :     110 |   };
2026-01-29T10:38:24.241-05:00  INFO 18284 --- [dev-server-output] c.v.b.devserver.DevServerOutputTracker   :     111 |
2026-01-29T10:38:24.241-05:00  INFO 18284 --- [dev-server-output] c.v.b.devserver.DevServerOutputTracker   :   > 112 |   useEffect(() => {
2026-01-29T10:38:24.241-05:00  INFO 18284 --- [dev-server-output] c.v.b.devserver.DevServerOutputTracker   :         |             ^^^^^^^
2026-01-29T10:38:24.241-05:00  INFO 18284 --- [dev-server-output] c.v.b.devserver.DevServerOutputTracker   :     113 |     if (checkoutId && showPagoModal) {
2026-01-29T10:38:24.241-05:00  INFO 18284 --- [dev-server-output] c.v.b.devserver.DevServerOutputTracker   :     114 |       const script = document.createElement('script');
2026-01-29T10:38:24.241-05:00  INFO 18284 --- [dev-server-output] c.v.b.devserver.DevServerOutputTracker   :     115 |       script.src = `https://eu-test.oppwa.com/v1/paymentWidgets.js?checkoutId=${checkoutId}`;
2026-01-29T10:38:24.241-05:00  INFO 18284 --- [dev-server-output] c.v.b.devserver.DevServerOutputTracker   : 
2026-01-29T10:38:24.242-05:00  INFO 18284 --- [dev-server-output] c.v.b.devserver.DevServerOutputTracker   :  ERROR(TypeScript)  Parameter 'item' implicitly has an 'any' type.
2026-01-29T10:38:24.242-05:00  INFO 18284 --- [dev-server-output] c.v.b.devserver.DevServerOutputTracker   :  FILE  C:/Users/LENOVO I7/Desktop/Proyecto/Proyecto_NvidiaCorp/src/main/frontend/views/carrito-list.tsx:172:31
2026-01-29T10:38:24.242-05:00  INFO 18284 --- [dev-server-output] c.v.b.devserver.DevServerOutputTracker   : 
2026-01-29T10:38:24.242-05:00  INFO 18284 --- [dev-server-output] c.v.b.devserver.DevServerOutputTracker   :     170 |             <div className="carrito-productos">
2026-01-29T10:38:24.242-05:00  INFO 18284 --- [dev-server-output] c.v.b.devserver.DevServerOutputTracker   :     171 |               <div className="producto-grid">
2026-01-29T10:38:24.242-05:00  INFO 18284 --- [dev-server-output] c.v.b.devserver.DevServerOutputTracker   :   > 172 |                 {carrito.map((item) => (
2026-01-29T10:38:24.242-05:00  INFO 18284 --- [dev-server-output] c.v.b.devserver.DevServerOutputTracker   :         |                               ^^^^
2026-01-29T10:38:24.242-05:00  INFO 18284 --- [dev-server-output] c.v.b.devserver.DevServerOutputTracker   :     173 |                   <div key={item.id} className="producto-card">
2026-01-29T10:38:24.242-05:00  INFO 18284 --- [dev-server-output] c.v.b.devserver.DevServerOutputTracker   :     174 |                     <ProductoCard
2026-01-29T10:38:24.243-05:00  INFO 18284 --- [dev-server-output] c.v.b.devserver.DevServerOutputTracker   :     175 |                       item={item}
2026-01-29T10:38:24.243-05:00  INFO 18284 --- [dev-server-output] c.v.b.devserver.DevServerOutputTracker   : 
2026-01-29T10:38:24.243-05:00  INFO 18284 --- [dev-server-output] c.v.b.devserver.DevServerOutputTracker   :  ERROR(TypeScript)  Parameter 'item' implicitly has an 'any' type.
2026-01-29T10:38:24.243-05:00  INFO 18284 --- [dev-server-output] c.v.b.devserver.DevServerOutputTracker   :  FILE  C:/Users/LENOVO I7/Desktop/Proyecto/Proyecto_NvidiaCorp/src/main/frontend/views/carrito-list.tsx:203:34
2026-01-29T10:38:24.243-05:00  INFO 18284 --- [dev-server-output] c.v.b.devserver.DevServerOutputTracker   : 
2026-01-29T10:38:24.243-05:00  INFO 18284 --- [dev-server-output] c.v.b.devserver.DevServerOutputTracker   :     201 |                   <h3 className="carrito-mini-factura-titulo">Productos</h3>
2026-01-29T10:38:24.243-05:00  INFO 18284 --- [dev-server-output] c.v.b.devserver.DevServerOutputTracker   :     202 |                   <ul className="carrito-mini-factura-lista">
2026-01-29T10:38:24.243-05:00  INFO 18284 --- [dev-server-output] c.v.b.devserver.DevServerOutputTracker   :   > 203 |                     {carrito.map(item => (
2026-01-29T10:38:24.244-05:00  INFO 18284 --- [dev-server-output] c.v.b.devserver.DevServerOutputTracker   :         |                                  ^^^^
2026-01-29T10:38:24.244-05:00  INFO 18284 --- [dev-server-output] c.v.b.devserver.DevServerOutputTracker   :     204 |                       <li key={item.id} className="carrito-mini-factura-item">
2026-01-29T10:38:24.244-05:00  INFO 18284 --- [dev-server-output] c.v.b.devserver.DevServerOutputTracker   :     205 |                         <span className="carrito-mini-factura-nombre">{item.nombre}</span>
2026-01-29T10:38:24.244-05:00  INFO 18284 --- [dev-server-output] c.v.b.devserver.DevServerOutputTracker   :     206 |                         <span className="carrito-mini-factura-cantidad">{cantidades[item.id] || 1}</span>
2026-01-29T10:38:24.244-05:00  INFO 18284 --- [dev-server-output] c.v.b.devserver.DevServerOutputTracker   : 
2026-01-29T10:38:24.244-05:00  INFO 18284 --- [dev-server-output] c.v.b.devserver.DevServerOutputTracker   :  ERROR(TypeScript)  Parameter 'acc' implicitly has an 'any' type.
2026-01-29T10:38:24.244-05:00  INFO 18284 --- [dev-server-output] c.v.b.devserver.DevServerOutputTracker   :  FILE  C:/Users/LENOVO I7/Desktop/Proyecto/Proyecto_NvidiaCorp/src/main/frontend/views/Pago-form.tsx:34:12
2026-01-29T10:38:24.244-05:00  INFO 18284 --- [dev-server-output] c.v.b.devserver.DevServerOutputTracker   : 
2026-01-29T10:38:24.244-05:00  INFO 18284 --- [dev-server-output] c.v.b.devserver.DevServerOutputTracker   :     32 |         // 2?? Calcular totales
2026-01-29T10:38:24.245-05:00  INFO 18284 --- [dev-server-output] c.v.b.devserver.DevServerOutputTracker   :     33 |         const subtotal = carrito.reduce(
2026-01-29T10:38:24.245-05:00  INFO 18284 --- [dev-server-output] c.v.b.devserver.DevServerOutputTracker   :   > 34 |           (acc, item) => acc + (item.precio * (item.cantidad || 1)),
2026-01-29T10:38:24.245-05:00  INFO 18284 --- [dev-server-output] c.v.b.devserver.DevServerOutputTracker   :        |            ^^^
2026-01-29T10:38:24.245-05:00  INFO 18284 --- [dev-server-output] c.v.b.devserver.DevServerOutputTracker   :     35 |           0
2026-01-29T10:38:24.245-05:00  INFO 18284 --- [dev-server-output] c.v.b.devserver.DevServerOutputTracker   :     36 |         );
2026-01-29T10:38:24.245-05:00  INFO 18284 --- [dev-server-output] c.v.b.devserver.DevServerOutputTracker   :     37 |         const iva = subtotal * 0.15;
2026-01-29T10:38:24.245-05:00  INFO 18284 --- [dev-server-output] c.v.b.devserver.DevServerOutputTracker   : 
2026-01-29T10:38:24.245-05:00  INFO 18284 --- [dev-server-output] c.v.b.devserver.DevServerOutputTracker   :  ERROR(TypeScript)  Parameter 'item' implicitly has an 'any' type.
2026-01-29T10:38:24.246-05:00  INFO 18284 --- [dev-server-output] c.v.b.devserver.DevServerOutputTracker   :  FILE  C:/Users/LENOVO I7/Desktop/Proyecto/Proyecto_NvidiaCorp/src/main/frontend/views/Pago-form.tsx:34:17
2026-01-29T10:38:24.246-05:00  INFO 18284 --- [dev-server-output] c.v.b.devserver.DevServerOutputTracker   : 
2026-01-29T10:38:24.246-05:00  INFO 18284 --- [dev-server-output] c.v.b.devserver.DevServerOutputTracker   :     32 |         // 2?? Calcular totales
2026-01-29T10:38:24.246-05:00  INFO 18284 --- [dev-server-output] c.v.b.devserver.DevServerOutputTracker   :     33 |         const subtotal = carrito.reduce(
2026-01-29T10:38:24.246-05:00  INFO 18284 --- [dev-server-output] c.v.b.devserver.DevServerOutputTracker   :   > 34 |           (acc, item) => acc + (item.precio * (item.cantidad || 1)),
2026-01-29T10:38:24.246-05:00  INFO 18284 --- [dev-server-output] c.v.b.devserver.DevServerOutputTracker   :        |                 ^^^^
2026-01-29T10:38:24.246-05:00  INFO 18284 --- [dev-server-output] c.v.b.devserver.DevServerOutputTracker   :     35 |           0
2026-01-29T10:38:24.246-05:00  INFO 18284 --- [dev-server-output] c.v.b.devserver.DevServerOutputTracker   :     36 |         );
2026-01-29T10:38:24.246-05:00  INFO 18284 --- [dev-server-output] c.v.b.devserver.DevServerOutputTracker   :     37 |         const iva = subtotal * 0.15;
2026-01-29T10:38:24.247-05:00  INFO 18284 --- [dev-server-output] c.v.b.devserver.DevServerOutputTracker   : 
2026-01-29T10:38:24.247-05:00  INFO 18284 --- [dev-server-output] c.v.b.devserver.DevServerOutputTracker   :  ERROR(TypeScript)  Property 'crearFactura' does not exist on type 'typeof import("C:/Users/LENOVO I7/Desktop/Proyecto/Proyecto_NvidiaCorp/src/main/frontend/generated/FacturaServices")'. Did you mean 'createFactura'?
2026-01-29T10:38:24.247-05:00  INFO 18284 --- [dev-server-output] c.v.b.devserver.DevServerOutputTracker   :  FILE  C:/Users/LENOVO I7/Desktop/Proyecto/Proyecto_NvidiaCorp/src/main/frontend/views/Pago-form.tsx:41:31
2026-01-29T10:38:24.247-05:00  INFO 18284 --- [dev-server-output] c.v.b.devserver.DevServerOutputTracker   : 
2026-01-29T10:38:24.247-05:00  INFO 18284 --- [dev-server-output] c.v.b.devserver.DevServerOutputTracker   :     39 |
2026-01-29T10:38:24.247-05:00  INFO 18284 --- [dev-server-output] c.v.b.devserver.DevServerOutputTracker   :     40 |         // 3?? ? GUARDAR FACTURA EN LA BASE DE DATOS
2026-01-29T10:38:24.247-05:00  INFO 18284 --- [dev-server-output] c.v.b.devserver.DevServerOutputTracker   :   > 41 |         await FacturaServices.crearFactura({
2026-01-29T10:38:24.247-05:00  INFO 18284 --- [dev-server-output] c.v.b.devserver.DevServerOutputTracker   :        |                               ^^^^^^^^^^^^
2026-01-29T10:38:24.247-05:00  INFO 18284 --- [dev-server-output] c.v.b.devserver.DevServerOutputTracker   :     42 |           subtotal,
2026-01-29T10:38:24.247-05:00  INFO 18284 --- [dev-server-output] c.v.b.devserver.DevServerOutputTracker   :     43 |           iva,
2026-01-29T10:38:24.248-05:00  INFO 18284 --- [dev-server-output] c.v.b.devserver.DevServerOutputTracker   :     44 |           total,
2026-01-29T10:38:24.248-05:00  INFO 18284 --- [dev-server-output] c.v.b.devserver.DevServerOutputTracker   : 
2026-01-29T10:38:24.248-05:00  INFO 18284 --- [dev-server-output] c.v.b.devserver.DevServerOutputTracker   :  ERROR(TypeScript)  Parameter 'item' implicitly has an 'any' type.
2026-01-29T10:38:24.248-05:00  INFO 18284 --- [dev-server-output] c.v.b.devserver.DevServerOutputTracker   :  FILE  C:/Users/LENOVO I7/Desktop/Proyecto/Proyecto_NvidiaCorp/src/main/frontend/views/Pago-form.tsx:46:33
2026-01-29T10:38:24.248-05:00  INFO 18284 --- [dev-server-output] c.v.b.devserver.DevServerOutputTracker   : 
2026-01-29T10:38:24.248-05:00  INFO 18284 --- [dev-server-output] c.v.b.devserver.DevServerOutputTracker   :     44 |           total,
2026-01-29T10:38:24.248-05:00  INFO 18284 --- [dev-server-output] c.v.b.devserver.DevServerOutputTracker   :     45 |           metodoPago: "TARJETA",
2026-01-29T10:38:24.248-05:00  INFO 18284 --- [dev-server-output] c.v.b.devserver.DevServerOutputTracker   :   > 46 |           detalles: carrito.map(item => ({
2026-01-29T10:38:24.248-05:00  INFO 18284 --- [dev-server-output] c.v.b.devserver.DevServerOutputTracker   :        |                                 ^^^^
2026-01-29T10:38:24.248-05:00  INFO 18284 --- [dev-server-output] c.v.b.devserver.DevServerOutputTracker   :     47 |             productoId: item.id,
2026-01-29T10:38:24.248-05:00  INFO 18284 --- [dev-server-output] c.v.b.devserver.DevServerOutputTracker   :     48 |             cantidad: item.cantidad || 1,
2026-01-29T10:38:24.248-05:00  INFO 18284 --- [dev-server-output] c.v.b.devserver.DevServerOutputTracker   :     49 |             precioUnitario: item.precio
2026-01-29T10:38:24.248-05:00  INFO 18284 --- [dev-server-output] c.v.b.devserver.DevServerOutputTracker   : 
2026-01-29T10:38:24.249-05:00  INFO 18284 --- [dev-server-output] c.v.b.devserver.DevServerOutputTracker   :  ERROR(TypeScript)  Type 'Element' is not assignable to type 'string'.
2026-01-29T10:38:24.249-05:00  INFO 18284 --- [dev-server-output] c.v.b.devserver.DevServerOutputTracker   :  FILE  C:/Users/LENOVO I7/Desktop/Proyecto/Proyecto_NvidiaCorp/src/main/frontend/views/Pago_list.tsx:86:20
2026-01-29T10:38:24.249-05:00  INFO 18284 --- [dev-server-output] c.v.b.devserver.DevServerOutputTracker   : 
2026-01-29T10:38:24.249-05:00  INFO 18284 --- [dev-server-output] c.v.b.devserver.DevServerOutputTracker   :     84 |   return (
2026-01-29T10:38:24.249-05:00  INFO 18284 --- [dev-server-output] c.v.b.devserver.DevServerOutputTracker   :     85 |     <main className="pago-main">
2026-01-29T10:38:24.249-05:00  INFO 18284 --- [dev-server-output] c.v.b.devserver.DevServerOutputTracker   :   > 86 |       <ViewToolbar title={<span className="pago-title">Lista de Pagos</span>}>
2026-01-29T10:38:24.249-05:00  INFO 18284 --- [dev-server-output] c.v.b.devserver.DevServerOutputTracker   :        |                    ^^^^^
2026-01-29T10:38:24.249-05:00  INFO 18284 --- [dev-server-output] c.v.b.devserver.DevServerOutputTracker   :     87 |         <Group>
2026-01-29T10:38:24.249-05:00  INFO 18284 --- [dev-server-output] c.v.b.devserver.DevServerOutputTracker   :     88 |           {/* Aquí puedes agregar filtros o botones si lo necesitas */}
2026-01-29T10:38:24.249-05:00  INFO 18284 --- [dev-server-output] c.v.b.devserver.DevServerOutputTracker   :     89 |         </Group>
2026-01-29T10:38:24.249-05:00  INFO 18284 --- [dev-server-output] c.v.b.devserver.DevServerOutputTracker   : 
2026-01-29T10:38:24.250-05:00  INFO 18284 --- [dev-server-output] c.v.b.devserver.DevServerOutputTracker   :  ERROR(TypeScript)  Type 'Promise<(Persona | undefined)[] | undefined>' is not assignable to type 'Promise<Persona[]>'.
2026-01-29T10:38:24.250-05:00  INFO 18284 --- [dev-server-output] c.v.b.devserver.DevServerOutputTracker   :   Type '(Persona | undefined)[] | undefined' is not assignable to type 'Persona[]'.
2026-01-29T10:38:24.250-05:00  INFO 18284 --- [dev-server-output] c.v.b.devserver.DevServerOutputTracker   :     Type 'undefined' is not assignable to type 'Persona[]'.
2026-01-29T10:38:24.250-05:00  INFO 18284 --- [dev-server-output] c.v.b.devserver.DevServerOutputTracker   :  FILE  C:/Users/LENOVO I7/Desktop/Proyecto/Proyecto_NvidiaCorp/src/main/frontend/views/persona-list.tsx:172:27
2026-01-29T10:38:24.250-05:00  INFO 18284 --- [dev-server-output] c.v.b.devserver.DevServerOutputTracker   : 
2026-01-29T10:38:24.250-05:00  INFO 18284 --- [dev-server-output] c.v.b.devserver.DevServerOutputTracker   :     170 | export default function PersonaListView() {
2026-01-29T10:38:24.250-05:00  INFO 18284 --- [dev-server-output] c.v.b.devserver.DevServerOutputTracker   :     171 |     const dataProvider = useDataProvider<Persona>({
2026-01-29T10:38:24.250-05:00  INFO 18284 --- [dev-server-output] c.v.b.devserver.DevServerOutputTracker   :   > 172 |         list: (params) => PersonaServices.listAllPersona(),
2026-01-29T10:38:24.250-05:00  INFO 18284 --- [dev-server-output] c.v.b.devserver.DevServerOutputTracker   :         |                           ^^^^^^^^^^^^^^^^^^^^^^^^^^^^^^^^
2026-01-29T10:38:24.251-05:00  INFO 18284 --- [dev-server-output] c.v.b.devserver.DevServerOutputTracker   :     173 |     });
2026-01-29T10:38:24.251-05:00  INFO 18284 --- [dev-server-output] c.v.b.devserver.DevServerOutputTracker   :     174 |
2026-01-29T10:38:24.251-05:00  INFO 18284 --- [dev-server-output] c.v.b.devserver.DevServerOutputTracker   :     175 |     return (
2026-01-29T10:38:24.251-05:00  INFO 18284 --- [dev-server-output] c.v.b.devserver.DevServerOutputTracker   : 
2026-01-29T10:38:24.251-05:00  INFO 18284 --- [dev-server-output] c.v.b.devserver.DevServerOutputTracker   :  ERROR(TypeScript)  Not all code paths return a value.
2026-01-29T10:38:24.251-05:00  INFO 18284 --- [dev-server-output] c.v.b.devserver.DevServerOutputTracker   :  FILE  C:/Users/LENOVO I7/Desktop/Proyecto/Proyecto_NvidiaCorp/src/main/frontend/views/producto-list.tsx:28:15
2026-01-29T10:38:24.251-05:00  INFO 18284 --- [dev-server-output] c.v.b.devserver.DevServerOutputTracker   : 
2026-01-29T10:38:24.251-05:00  INFO 18284 --- [dev-server-output] c.v.b.devserver.DevServerOutputTracker   :     26 |     const navigate = useNavigate();
2026-01-29T10:38:24.251-05:00  INFO 18284 --- [dev-server-output] c.v.b.devserver.DevServerOutputTracker   :     27 |
2026-01-29T10:38:24.251-05:00  INFO 18284 --- [dev-server-output] c.v.b.devserver.DevServerOutputTracker   :   > 28 |     useEffect(() => {
2026-01-29T10:38:24.252-05:00  INFO 18284 --- [dev-server-output] c.v.b.devserver.DevServerOutputTracker   :        |               ^^^^^^^
2026-01-29T10:38:24.252-05:00  INFO 18284 --- [dev-server-output] c.v.b.devserver.DevServerOutputTracker   :     29 |         if (isVisible && producto) {
2026-01-29T10:38:24.252-05:00  INFO 18284 --- [dev-server-output] c.v.b.devserver.DevServerOutputTracker   :     30 |             const timer = setTimeout(() => {
2026-01-29T10:38:24.252-05:00  INFO 18284 --- [dev-server-output] c.v.b.devserver.DevServerOutputTracker   :     31 |                 onClose();
2026-01-29T10:38:24.252-05:00  INFO 18284 --- [dev-server-output] c.v.b.devserver.DevServerOutputTracker   : 
2026-01-29T10:38:24.252-05:00  INFO 18284 --- [dev-server-output] c.v.b.devserver.DevServerOutputTracker   :  ERROR(TypeScript)  'respuesta' is possibly 'undefined'.
2026-01-29T10:38:24.252-05:00  INFO 18284 --- [dev-server-output] c.v.b.devserver.DevServerOutputTracker   :  FILE  C:/Users/LENOVO I7/Desktop/Proyecto/Proyecto_NvidiaCorp/src/main/frontend/views/producto-list.tsx:218:17
2026-01-29T10:38:24.252-05:00  INFO 18284 --- [dev-server-output] c.v.b.devserver.DevServerOutputTracker   : 
2026-01-29T10:38:24.252-05:00  INFO 18284 --- [dev-server-output] c.v.b.devserver.DevServerOutputTracker   :     216 |
2026-01-29T10:38:24.252-05:00  INFO 18284 --- [dev-server-output] c.v.b.devserver.DevServerOutputTracker   :     217 |             // --- Lógica de Añadir al Carrito ---
2026-01-29T10:38:24.253-05:00  INFO 18284 --- [dev-server-output] c.v.b.devserver.DevServerOutputTracker   :   > 218 |             if (respuesta.includes("[ADD_TO_CART:")) {
2026-01-29T10:38:24.253-05:00  INFO 18284 --- [dev-server-output] c.v.b.devserver.DevServerOutputTracker   :         |                 ^^^^^^^^^
2026-01-29T10:38:24.253-05:00  INFO 18284 --- [dev-server-output] c.v.b.devserver.DevServerOutputTracker   :     219 |                 const match = respuesta.match(/\[ADD_TO_CART:(\d+)\]/);
2026-01-29T10:38:24.253-05:00  INFO 18284 --- [dev-server-output] c.v.b.devserver.DevServerOutputTracker   :     220 |                 if (match) {
2026-01-29T10:38:24.253-05:00  INFO 18284 --- [dev-server-output] c.v.b.devserver.DevServerOutputTracker   :     221 |                     const id = parseInt(match[1]);
2026-01-29T10:38:24.253-05:00  INFO 18284 --- [dev-server-output] c.v.b.devserver.DevServerOutputTracker   : 
2026-01-29T10:38:24.253-05:00  INFO 18284 --- [dev-server-output] c.v.b.devserver.DevServerOutputTracker   :  ERROR(TypeScript)  'respuesta' is possibly 'undefined'.
2026-01-29T10:38:24.253-05:00  INFO 18284 --- [dev-server-output] c.v.b.devserver.DevServerOutputTracker   :  FILE  C:/Users/LENOVO I7/Desktop/Proyecto/Proyecto_NvidiaCorp/src/main/frontend/views/producto-list.tsx:219:31
2026-01-29T10:38:24.253-05:00  INFO 18284 --- [dev-server-output] c.v.b.devserver.DevServerOutputTracker   : 
2026-01-29T10:38:24.253-05:00  INFO 18284 --- [dev-server-output] c.v.b.devserver.DevServerOutputTracker   :     217 |             // --- Lógica de Añadir al Carrito ---
2026-01-29T10:38:24.254-05:00  INFO 18284 --- [dev-server-output] c.v.b.devserver.DevServerOutputTracker   :     218 |             if (respuesta.includes("[ADD_TO_CART:")) {
2026-01-29T10:38:24.254-05:00  INFO 18284 --- [dev-server-output] c.v.b.devserver.DevServerOutputTracker   :   > 219 |                 const match = respuesta.match(/\[ADD_TO_CART:(\d+)\]/);
2026-01-29T10:38:24.254-05:00  INFO 18284 --- [dev-server-output] c.v.b.devserver.DevServerOutputTracker   :         |                               ^^^^^^^^^
2026-01-29T10:38:24.254-05:00  INFO 18284 --- [dev-server-output] c.v.b.devserver.DevServerOutputTracker   :     220 |                 if (match) {
2026-01-29T10:38:24.254-05:00  INFO 18284 --- [dev-server-output] c.v.b.devserver.DevServerOutputTracker   :     221 |                     const id = parseInt(match[1]);
2026-01-29T10:38:24.254-05:00  INFO 18284 --- [dev-server-output] c.v.b.devserver.DevServerOutputTracker   :     222 |                     const prod = productos.find(p => p.id === id);
2026-01-29T10:38:24.255-05:00  INFO 18284 --- [dev-server-output] c.v.b.devserver.DevServerOutputTracker   : 
2026-01-29T10:38:24.255-05:00  INFO 18284 --- [dev-server-output] c.v.b.devserver.DevServerOutputTracker   :  ERROR(TypeScript)  'respuesta' is possibly 'undefined'.
2026-01-29T10:38:24.255-05:00  INFO 18284 --- [dev-server-output] c.v.b.devserver.DevServerOutputTracker   :  FILE  C:/Users/LENOVO I7/Desktop/Proyecto/Proyecto_NvidiaCorp/src/main/frontend/views/producto-list.tsx:231:33
2026-01-29T10:38:24.255-05:00  INFO 18284 --- [dev-server-output] c.v.b.devserver.DevServerOutputTracker   : 
2026-01-29T10:38:24.255-05:00  INFO 18284 --- [dev-server-output] c.v.b.devserver.DevServerOutputTracker   :     229 |
2026-01-29T10:38:24.255-05:00  INFO 18284 --- [dev-server-output] c.v.b.devserver.DevServerOutputTracker   :     230 |             // Limpiamos el código del texto antes de mostrarlo
2026-01-29T10:38:24.255-05:00  INFO 18284 --- [dev-server-output] c.v.b.devserver.DevServerOutputTracker   :   > 231 |             const textoLimpio = respuesta.replace(/\[ADD_TO_CART:.*?\]/g, "").trim();
2026-01-29T10:38:24.255-05:00  INFO 18284 --- [dev-server-output] c.v.b.devserver.DevServerOutputTracker   :         |                                 ^^^^^^^^^
2026-01-29T10:38:24.255-05:00  INFO 18284 --- [dev-server-output] c.v.b.devserver.DevServerOutputTracker   :     232 |             setHistorial(prev => [...prev, { rol: 'ia', texto: textoLimpio }]);
2026-01-29T10:38:24.255-05:00  INFO 18284 --- [dev-server-output] c.v.b.devserver.DevServerOutputTracker   :     233 |         } catch (error) {
2026-01-29T10:38:24.256-05:00  INFO 18284 --- [dev-server-output] c.v.b.devserver.DevServerOutputTracker   :     234 |             console.error(error);
2026-01-29T10:38:24.256-05:00  INFO 18284 --- [dev-server-output] c.v.b.devserver.DevServerOutputTracker   : 
2026-01-29T10:38:24.256-05:00  INFO 18284 --- [dev-server-output] c.v.b.devserver.DevServerOutputTracker   :  ERROR(TypeScript)  Argument of type '(ProductoDTO | undefined)[] | undefined' is not assignable to parameter of type 'SetStateAction<Producto[]>'.
2026-01-29T10:38:24.256-05:00  INFO 18284 --- [dev-server-output] c.v.b.devserver.DevServerOutputTracker   :   Type 'undefined' is not assignable to type 'SetStateAction<Producto[]>'.
2026-01-29T10:38:24.256-05:00  INFO 18284 --- [dev-server-output] c.v.b.devserver.DevServerOutputTracker   :  FILE  C:/Users/LENOVO I7/Desktop/Proyecto/Proyecto_NvidiaCorp/src/main/frontend/views/producto-list.tsx:250:22
2026-01-29T10:38:24.256-05:00  INFO 18284 --- [dev-server-output] c.v.b.devserver.DevServerOutputTracker   : 
2026-01-29T10:38:24.256-05:00  INFO 18284 --- [dev-server-output] c.v.b.devserver.DevServerOutputTracker   :     248 |     const cargarProductos = async () => {
2026-01-29T10:38:24.256-05:00  INFO 18284 --- [dev-server-output] c.v.b.devserver.DevServerOutputTracker   :     249 |         const data = await ProductoService.listAllProductos();
2026-01-29T10:38:24.256-05:00  INFO 18284 --- [dev-server-output] c.v.b.devserver.DevServerOutputTracker   :   > 250 |         setProductos(data);
2026-01-29T10:38:24.257-05:00  INFO 18284 --- [dev-server-output] c.v.b.devserver.DevServerOutputTracker   :         |                      ^^^^
2026-01-29T10:38:24.257-05:00  INFO 18284 --- [dev-server-output] c.v.b.devserver.DevServerOutputTracker   :     251 |         setProductosFiltrados(data);
2026-01-29T10:38:24.257-05:00  INFO 18284 --- [dev-server-output] c.v.b.devserver.DevServerOutputTracker   :     252 |         console.log("Productos recibidos:", data);
2026-01-29T10:38:24.257-05:00  INFO 18284 --- [dev-server-output] c.v.b.devserver.DevServerOutputTracker   :     253 |     };
2026-01-29T10:38:24.257-05:00  INFO 18284 --- [dev-server-output] c.v.b.devserver.DevServerOutputTracker   : 
2026-01-29T10:38:24.257-05:00  INFO 18284 --- [dev-server-output] c.v.b.devserver.DevServerOutputTracker   :  ERROR(TypeScript)  Argument of type '(ProductoDTO | undefined)[] | undefined' is not assignable to parameter of type 'SetStateAction<Producto[]>'.
2026-01-29T10:38:24.257-05:00  INFO 18284 --- [dev-server-output] c.v.b.devserver.DevServerOutputTracker   :   Type 'undefined' is not assignable to type 'SetStateAction<Producto[]>'.
2026-01-29T10:38:24.257-05:00  INFO 18284 --- [dev-server-output] c.v.b.devserver.DevServerOutputTracker   :  FILE  C:/Users/LENOVO I7/Desktop/Proyecto/Proyecto_NvidiaCorp/src/main/frontend/views/producto-list.tsx:251:31
2026-01-29T10:38:24.257-05:00  INFO 18284 --- [dev-server-output] c.v.b.devserver.DevServerOutputTracker   : 
2026-01-29T10:38:24.257-05:00  INFO 18284 --- [dev-server-output] c.v.b.devserver.DevServerOutputTracker   :     249 |         const data = await ProductoService.listAllProductos();
2026-01-29T10:38:24.258-05:00  INFO 18284 --- [dev-server-output] c.v.b.devserver.DevServerOutputTracker   :     250 |         setProductos(data);
2026-01-29T10:38:24.258-05:00  INFO 18284 --- [dev-server-output] c.v.b.devserver.DevServerOutputTracker   :   > 251 |         setProductosFiltrados(data);
2026-01-29T10:38:24.258-05:00  INFO 18284 --- [dev-server-output] c.v.b.devserver.DevServerOutputTracker   :         |                               ^^^^
2026-01-29T10:38:24.258-05:00  INFO 18284 --- [dev-server-output] c.v.b.devserver.DevServerOutputTracker   :     252 |         console.log("Productos recibidos:", data);
2026-01-29T10:38:24.258-05:00  INFO 18284 --- [dev-server-output] c.v.b.devserver.DevServerOutputTracker   :     253 |     };
2026-01-29T10:38:24.258-05:00  INFO 18284 --- [dev-server-output] c.v.b.devserver.DevServerOutputTracker   :     254 |
2026-01-29T10:38:24.258-05:00  INFO 18284 --- [dev-server-output] c.v.b.devserver.DevServerOutputTracker   : 
2026-01-29T10:38:24.258-05:00  INFO 18284 --- [dev-server-output] c.v.b.devserver.DevServerOutputTracker   :  ERROR(TypeScript)  Property 'busqueda' does not exist on type 'typeof import("C:/Users/LENOVO I7/Desktop/Proyecto/Proyecto_NvidiaCorp/src/main/frontend/generated/ProductoService")'.
2026-01-29T10:38:24.258-05:00  INFO 18284 --- [dev-server-output] c.v.b.devserver.DevServerOutputTracker   :  FILE  C:/Users/LENOVO I7/Desktop/Proyecto/Proyecto_NvidiaCorp/src/main/frontend/views/producto-list.tsx:350:29
2026-01-29T10:38:24.258-05:00  INFO 18284 --- [dev-server-output] c.v.b.devserver.DevServerOutputTracker   : 
2026-01-29T10:38:24.259-05:00  INFO 18284 --- [dev-server-output] c.v.b.devserver.DevServerOutputTracker   :     348 |                 return;
2026-01-29T10:38:24.259-05:00  INFO 18284 --- [dev-server-output] c.v.b.devserver.DevServerOutputTracker   :     349 |             }
2026-01-29T10:38:24.259-05:00  INFO 18284 --- [dev-server-output] c.v.b.devserver.DevServerOutputTracker   :   > 350 |             ProductoService.busqueda(criterio.value, text.value).then(function (data) {
2026-01-29T10:38:24.259-05:00  INFO 18284 --- [dev-server-output] c.v.b.devserver.DevServerOutputTracker   :         |                             ^^^^^^^^
2026-01-29T10:38:24.259-05:00  INFO 18284 --- [dev-server-output] c.v.b.devserver.DevServerOutputTracker   :     351 |                 setProductos(data);
2026-01-29T10:38:24.259-05:00  INFO 18284 --- [dev-server-output] c.v.b.devserver.DevServerOutputTracker   :     352 |                 console.log("Resultados de busqueda:", data);
2026-01-29T10:38:24.259-05:00  INFO 18284 --- [dev-server-output] c.v.b.devserver.DevServerOutputTracker   :     353 |                 Notification.show(`Se encontraron ${data.length} resultado(s)`, {
2026-01-29T10:38:24.259-05:00  INFO 18284 --- [dev-server-output] c.v.b.devserver.DevServerOutputTracker   : 
2026-01-29T10:38:24.259-05:00  INFO 18284 --- [dev-server-output] c.v.b.devserver.DevServerOutputTracker   :  ERROR(TypeScript)  Parameter 'data' implicitly has an 'any' type.
2026-01-29T10:38:24.259-05:00  INFO 18284 --- [dev-server-output] c.v.b.devserver.DevServerOutputTracker   :  FILE  C:/Users/LENOVO I7/Desktop/Proyecto/Proyecto_NvidiaCorp/src/main/frontend/views/producto-list.tsx:350:81
2026-01-29T10:38:24.259-05:00  INFO 18284 --- [dev-server-output] c.v.b.devserver.DevServerOutputTracker   : 
2026-01-29T10:38:24.259-05:00  INFO 18284 --- [dev-server-output] c.v.b.devserver.DevServerOutputTracker   :     348 |                 return;
2026-01-29T10:38:24.260-05:00  INFO 18284 --- [dev-server-output] c.v.b.devserver.DevServerOutputTracker   :     349 |             }
2026-01-29T10:38:24.260-05:00  INFO 18284 --- [dev-server-output] c.v.b.devserver.DevServerOutputTracker   :   > 350 |             ProductoService.busqueda(criterio.value, text.value).then(function (data) {
2026-01-29T10:38:24.260-05:00  INFO 18284 --- [dev-server-output] c.v.b.devserver.DevServerOutputTracker   :         |                                                                                 ^^^^
2026-01-29T10:38:24.260-05:00  INFO 18284 --- [dev-server-output] c.v.b.devserver.DevServerOutputTracker   :     351 |                 setProductos(data);
2026-01-29T10:38:24.260-05:00  INFO 18284 --- [dev-server-output] c.v.b.devserver.DevServerOutputTracker   :     352 |                 console.log("Resultados de busqueda:", data);
2026-01-29T10:38:24.260-05:00  INFO 18284 --- [dev-server-output] c.v.b.devserver.DevServerOutputTracker   :     353 |                 Notification.show(`Se encontraron ${data.length} resultado(s)`, {
2026-01-29T10:38:24.260-05:00  INFO 18284 --- [dev-server-output] c.v.b.devserver.DevServerOutputTracker   : 
2026-01-29T10:38:24.260-05:00  INFO 18284 --- [dev-server-output] c.v.b.devserver.DevServerOutputTracker   :  ERROR(TypeScript)  Type 'Element' is not assignable to type 'string'.
2026-01-29T10:38:24.260-05:00  INFO 18284 --- [dev-server-output] c.v.b.devserver.DevServerOutputTracker   :  FILE  C:/Users/LENOVO I7/Desktop/Proyecto/Proyecto_NvidiaCorp/src/main/frontend/views/producto-list.tsx:599:21
2026-01-29T10:38:24.260-05:00  INFO 18284 --- [dev-server-output] c.v.b.devserver.DevServerOutputTracker   : 
2026-01-29T10:38:24.260-05:00  INFO 18284 --- [dev-server-output] c.v.b.devserver.DevServerOutputTracker   :     597 |             <div className="contenido-principal">
2026-01-29T10:38:24.261-05:00  INFO 18284 --- [dev-server-output] c.v.b.devserver.DevServerOutputTracker   :     598 |                 <ViewToolbar
2026-01-29T10:38:24.261-05:00  INFO 18284 --- [dev-server-output] c.v.b.devserver.DevServerOutputTracker   :   > 599 |                     title={
2026-01-29T10:38:24.261-05:00  INFO 18284 --- [dev-server-output] c.v.b.devserver.DevServerOutputTracker   :         |                     ^^^^^
2026-01-29T10:38:24.261-05:00  INFO 18284 --- [dev-server-output] c.v.b.devserver.DevServerOutputTracker   :     600 |                         <span className="producto-toolbar-titulo">
2026-01-29T10:38:24.261-05:00  INFO 18284 --- [dev-server-output] c.v.b.devserver.DevServerOutputTracker   :     601 |                             Productos ({productosFiltrados.length})
2026-01-29T10:38:24.261-05:00  INFO 18284 --- [dev-server-output] c.v.b.devserver.DevServerOutputTracker   :     602 |                         </span>
2026-01-29T10:38:24.261-05:00  INFO 18284 --- [dev-server-output] c.v.b.devserver.DevServerOutputTracker   : 
2026-01-29T10:38:24.261-05:00  INFO 18284 --- [dev-server-output] c.v.b.devserver.DevServerOutputTracker   :  ERROR(TypeScript)  Type '(event: KeyboardEvent) => void' is not assignable to type 'KeyboardEventHandler<TextField>'.
2026-01-29T10:38:24.261-05:00  INFO 18284 --- [dev-server-output] c.v.b.devserver.DevServerOutputTracker   :   Types of parameters 'event' and 'event' are incompatible.
2026-01-29T10:38:24.262-05:00  INFO 18284 --- [dev-server-output] c.v.b.devserver.DevServerOutputTracker   :     Type 'KeyboardEvent<TextField>' is missing the following properties from type 'KeyboardEvent': isComposing, initKeyboardEvent, DOM_KEY_LOCATION_STANDARD, DOM_KEY_LOCATION_LEFT, and 14 more.
2026-01-29T10:38:24.262-05:00  INFO 18284 --- [dev-server-output] c.v.b.devserver.DevServerOutputTracker   :  FILE  C:/Users/LENOVO I7/Desktop/Proyecto/Proyecto_NvidiaCorp/src/main/frontend/views/producto-list.tsx:629:25
2026-01-29T10:38:24.262-05:00  INFO 18284 --- [dev-server-output] c.v.b.devserver.DevServerOutputTracker   : 
2026-01-29T10:38:24.262-05:00  INFO 18284 --- [dev-server-output] c.v.b.devserver.DevServerOutputTracker   :     627 |                         value={text.value}
2026-01-29T10:38:24.262-05:00  INFO 18284 --- [dev-server-output] c.v.b.devserver.DevServerOutputTracker   :     628 |                         onValueChanged={(evt) => (text.value = evt.detail.value)}
2026-01-29T10:38:24.262-05:00  INFO 18284 --- [dev-server-output] c.v.b.devserver.DevServerOutputTracker   :   > 629 |                         onKeyDown={handleKeyPress}
2026-01-29T10:38:24.263-05:00  INFO 18284 --- [dev-server-output] c.v.b.devserver.DevServerOutputTracker   :         |                         ^^^^^^^^^
2026-01-29T10:38:24.263-05:00  INFO 18284 --- [dev-server-output] c.v.b.devserver.DevServerOutputTracker   :     630 |                         clearButtonVisible
2026-01-29T10:38:24.263-05:00  INFO 18284 --- [dev-server-output] c.v.b.devserver.DevServerOutputTracker   :     631 |                     >
2026-01-29T10:38:24.263-05:00  INFO 18284 --- [dev-server-output] c.v.b.devserver.DevServerOutputTracker   :     632 |                         <Icon slot="prefix" icon="vaadin:search" style={{ color: '#76b900', fontSize: '1.2rem' }} />
2026-01-29T10:38:24.263-05:00  INFO 18284 --- [dev-server-output] c.v.b.devserver.DevServerOutputTracker   : 
2026-01-29T10:38:24.263-05:00  INFO 18284 --- [dev-server-output] c.v.b.devserver.DevServerOutputTracker   :  ERROR(TypeScript)  Type '{ onProductoCreated: () => Promise<void>; className: string; }' is not assignable to type 'IntrinsicAttributes & ProductoEntryFormProps'.
2026-01-29T10:38:24.263-05:00  INFO 18284 --- [dev-server-output] c.v.b.devserver.DevServerOutputTracker   :   Property 'className' does not exist on type 'IntrinsicAttributes & ProductoEntryFormProps'.
2026-01-29T10:38:24.263-05:00  INFO 18284 --- [dev-server-output] c.v.b.devserver.DevServerOutputTracker   :  FILE  C:/Users/LENOVO I7/Desktop/Proyecto/Proyecto_NvidiaCorp/src/main/frontend/views/producto-list.tsx:658:25
2026-01-29T10:38:24.263-05:00  INFO 18284 --- [dev-server-output] c.v.b.devserver.DevServerOutputTracker   : 
2026-01-29T10:38:24.264-05:00  INFO 18284 --- [dev-server-output] c.v.b.devserver.DevServerOutputTracker   :     656 |                     <ProductoEntryForm
2026-01-29T10:38:24.264-05:00  INFO 18284 --- [dev-server-output] c.v.b.devserver.DevServerOutputTracker   :     657 |                         onProductoCreated={cargarProductos}
2026-01-29T10:38:24.264-05:00  INFO 18284 --- [dev-server-output] c.v.b.devserver.DevServerOutputTracker   :   > 658 |                         className="producto-btn-registrar"
2026-01-29T10:38:24.264-05:00  INFO 18284 --- [dev-server-output] c.v.b.devserver.DevServerOutputTracker   :         |                         ^^^^^^^^^
2026-01-29T10:38:24.264-05:00  INFO 18284 --- [dev-server-output] c.v.b.devserver.DevServerOutputTracker   :     659 |                     />
2026-01-29T10:38:24.264-05:00  INFO 18284 --- [dev-server-output] c.v.b.devserver.DevServerOutputTracker   :     660 |                 </div>
2026-01-29T10:38:24.264-05:00  INFO 18284 --- [dev-server-output] c.v.b.devserver.DevServerOutputTracker   :     661 |
2026-01-29T10:38:24.265-05:00  INFO 18284 --- [dev-server-output] c.v.b.devserver.DevServerOutputTracker   : 
2026-01-29T10:38:24.265-05:00  INFO 18284 --- [dev-server-output] c.v.b.devserver.DevServerOutputTracker   : [TypeScript] Found 30 errors. Watching for file changes.
2026-01-29T10:38:48.998-05:00  INFO 18284 --- [SpringApplicationShutdownHook] o.s.b.w.e.tomcat.GracefulShutdown        : Commencing graceful shutdown. Waiting for active requests to complete
2026-01-29T10:38:49.084-05:00  INFO 18284 --- [tomcat-shutdown] o.s.b.w.e.tomcat.GracefulShutdown        : Graceful shutdown complete
2026-01-29T10:38:49.091-05:00  INFO 18284 --- [SpringApplicationShutdownHook] j.LocalContainerEntityManagerFactoryBean : Closing JPA EntityManagerFactory for persistence unit 'default'
2026-01-29T10:38:49.093-05:00  INFO 18284 --- [SpringApplicationShutdownHook] com.zaxxer.hikari.HikariDataSource       : HikariPool-1 - Shutdown initiated...
2026-01-29T10:38:49.222-05:00  INFO 18284 --- [SpringApplicationShutdownHook] com.zaxxer.hikari.HikariDataSource       : HikariPool-1 - Shutdown completed.
2026-01-29T10:39:12.694-05:00  INFO 7564 --- [restartedMain] org.proyecto.nvidiacorp.Application      : Starting Application using Java 17.0.12 with PID 7564 (C:\Users\LENOVO I7\Desktop\Proyecto\Proyecto_NvidiaCorp\target\classes started by LENOVO I7 in C:\Users\LENOVO I7\Desktop\Proyecto\Proyecto_NvidiaCorp)
2026-01-29T10:39:12.699-05:00  INFO 7564 --- [restartedMain] org.proyecto.nvidiacorp.Application      : No active profile set, falling back to 1 default profile: "default"
2026-01-29T10:39:12.747-05:00  INFO 7564 --- [restartedMain] .e.DevToolsPropertyDefaultsPostProcessor : Devtools property defaults active! Set 'spring.devtools.add-properties' to 'false' to disable
2026-01-29T10:39:12.758-05:00  INFO 7564 --- [restartedMain] .e.DevToolsPropertyDefaultsPostProcessor : For additional web related logging consider setting the 'logging.level.web' property to 'DEBUG'
2026-01-29T10:39:13.841-05:00  INFO 7564 --- [restartedMain] .s.d.r.c.RepositoryConfigurationDelegate : Bootstrapping Spring Data JPA repositories in DEFAULT mode.
2026-01-29T10:39:13.956-05:00  INFO 7564 --- [restartedMain] .s.d.r.c.RepositoryConfigurationDelegate : Finished Spring Data repository scanning in 117 ms. Found 8 JPA repository interfaces.
2026-01-29T10:39:15.292-05:00  INFO 7564 --- [restartedMain] o.s.b.w.embedded.tomcat.TomcatWebServer  : Tomcat initialized with port 8080 (http)
2026-01-29T10:39:15.309-05:00  INFO 7564 --- [restartedMain] o.apache.catalina.core.StandardService   : Starting service [Tomcat]
2026-01-29T10:39:15.310-05:00  INFO 7564 --- [restartedMain] o.apache.catalina.core.StandardEngine    : Starting Servlet engine: [Apache Tomcat/10.1.40]
2026-01-29T10:39:15.372-05:00  INFO 7564 --- [restartedMain] o.a.c.c.C.[Tomcat].[localhost].[/]       : Initializing Spring embedded WebApplicationContext
2026-01-29T10:39:15.373-05:00  INFO 7564 --- [restartedMain] w.s.c.ServletWebServerApplicationContext : Root WebApplicationContext: initialization completed in 2614 ms
2026-01-29T10:39:16.213-05:00  INFO 7564 --- [restartedMain] o.a.c.c.C.[Tomcat].[localhost].[/]       : Initializing AtmosphereFramework
2026-01-29T10:39:17.512-05:00  INFO 7564 --- [restartedMain] c.v.f.s.VaadinServletContextInitializer  : Search for subclasses and classes with annotations took 946 ms
2026-01-29T10:39:18.106-05:00  INFO 7564 --- [restartedMain] c.v.b.d.startup.DevModeStartupListener   : Starting dev-mode updaters in C:\Users\LENOVO I7\Desktop\Proyecto\Proyecto_NvidiaCorp folder.
2026-01-29T10:39:18.163-05:00  INFO 7564 --- [restartedMain] c.v.f.s.f.s.FullDependenciesScanner      : Visited 111 classes. Took 35 ms.
2026-01-29T10:39:18.587-05:00  INFO 7564 --- [vaadin-dev-server-1] c.v.f.s.frontend.TaskUpdatePackages      : Skipping `npm install` because the frontend packages are already installed in the folder 'C:\Users\LENOVO I7\Desktop\Proyecto\Proyecto_NvidiaCorp\node_modules' and the hash in the file 'C:\Users\LENOVO I7\Desktop\Proyecto\Proyecto_NvidiaCorp\node_modules\.vaadin\vaadin.json' is the same as in 'package.json'
2026-01-29T10:39:18.589-05:00  INFO 7564 --- [vaadin-dev-server-1] c.v.f.s.frontend.TaskCopyFrontendFiles   : Copying frontend resources from jar files ...
2026-01-29T10:39:18.679-05:00  INFO 7564 --- [vaadin-dev-server-1] c.v.f.s.frontend.TaskCopyFrontendFiles   : Visited 22 resources. Took 90 ms.
2026-01-29T10:39:18.997-05:00  INFO 7564 --- [restartedMain] o.hibernate.jpa.internal.util.LogHelper  : HHH000204: Processing PersistenceUnitInfo [name: default]
2026-01-29T10:39:19.072-05:00  INFO 7564 --- [restartedMain] org.hibernate.Version                    : HHH000412: Hibernate ORM core version 6.6.13.Final
2026-01-29T10:39:19.104-05:00  INFO 7564 --- [restartedMain] o.h.c.internal.RegionFactoryInitiator    : HHH000026: Second-level cache disabled
2026-01-29T10:39:19.305-05:00  INFO 7564 --- [restartedMain] o.s.o.j.p.SpringPersistenceUnitInfo      : No LoadTimeWeaver setup: ignoring JPA class transformer
2026-01-29T10:39:19.337-05:00  INFO 7564 --- [restartedMain] com.zaxxer.hikari.HikariDataSource       : HikariPool-1 - Starting...
2026-01-29T10:39:19.789-05:00  INFO 7564 --- [restartedMain] com.zaxxer.hikari.pool.HikariPool        : HikariPool-1 - Added connection org.mariadb.jdbc.Connection@a1c9cc1
2026-01-29T10:39:19.794-05:00  INFO 7564 --- [restartedMain] com.zaxxer.hikari.HikariDataSource       : HikariPool-1 - Start completed.
2026-01-29T10:39:19.878-05:00  WARN 7564 --- [restartedMain] org.hibernate.orm.deprecation            : HHH90000025: MariaDBDialect does not need to be specified explicitly using 'hibernate.dialect' (remove the property setting and it will be selected by default)
2026-01-29T10:39:20.002-05:00  INFO 7564 --- [restartedMain] org.hibernate.orm.connections.pooling    : HHH10001005: Database info:
	Database JDBC URL [Connecting through datasource 'HikariDataSource (HikariPool-1)']
	Database driver: undefined/unknown
	Database version: 10.4.32
	Autocommit mode: undefined/unknown
	Isolation level: undefined/unknown
	Minimum pool size: undefined/unknown
	Maximum pool size: undefined/unknown
2026-01-29T10:39:20.791-05:00  INFO 7564 --- [restartedMain] o.h.e.t.j.p.i.JtaPlatformInitiator       : HHH000489: No JTA platform available (set 'hibernate.transaction.jta.platform' to enable JTA platform integration)
2026-01-29T10:39:20.941-05:00  INFO 7564 --- [restartedMain] j.LocalContainerEntityManagerFactoryBean : Initialized JPA EntityManagerFactory for persistence unit 'default'
2026-01-29T10:39:22.427-05:00  INFO 7564 --- [restartedMain] o.s.b.a.e.web.EndpointLinksResolver      : Exposing 1 endpoint beneath base path '/actuator'
2026-01-29T10:39:22.549-05:00  WARN 7564 --- [restartedMain] o.s.s.c.a.web.builders.WebSecurity       : You are asking Spring Security to ignore Or [Ant [pattern='/manifest.webmanifest'], Ant [pattern='/sw.js'], Ant [pattern='/sw-runtime-resources-precache.js'], Ant [pattern='/offline.html'], Ant [pattern='/offline-stub.html'], Ant [pattern='/icons/icon.png'], Ant [pattern='/themes/**'], Ant [pattern='/icons/icon-144x144.png'], Ant [pattern='/icons/icon-192x192.png'], Ant [pattern='/icons/icon-512x512.png'], Ant [pattern='/icons/icon-16x16.png'], Ant [pattern='/icons/icon-32x32.png'], Ant [pattern='/icons/icon-96x96.png'], Ant [pattern='/icons/icon-180x180.png'], Ant [pattern='/icons/icon-2048x2732.png'], Ant [pattern='/icons/icon-2732x2048.png'], Ant [pattern='/icons/icon-1668x2388.png'], Ant [pattern='/icons/icon-2388x1668.png'], Ant [pattern='/icons/icon-1668x2224.png'], Ant [pattern='/icons/icon-2224x1668.png'], Ant [pattern='/icons/icon-1620x2160.png'], Ant [pattern='/icons/icon-2160x1620.png'], Ant [pattern='/icons/icon-1536x2048.png'], Ant [pattern='/icons/icon-2048x1536.png'], Ant [pattern='/icons/icon-1284x2778.png'], Ant [pattern='/icons/icon-2778x1284.png'], Ant [pattern='/icons/icon-1170x2532.png'], Ant [pattern='/icons/icon-2532x1170.png'], Ant [pattern='/icons/icon-1125x2436.png'], Ant [pattern='/icons/icon-2436x1125.png'], Ant [pattern='/icons/icon-1242x2688.png'], Ant [pattern='/icons/icon-2688x1242.png'], Ant [pattern='/icons/icon-828x1792.png'], Ant [pattern='/icons/icon-1792x828.png'], Ant [pattern='/icons/icon-1242x2208.png'], Ant [pattern='/icons/icon-2208x1242.png'], Ant [pattern='/icons/icon-750x1334.png'], Ant [pattern='/icons/icon-1334x750.png'], Ant [pattern='/icons/icon-640x1136.png'], Ant [pattern='/icons/icon-1136x640.png'], Ant [pattern='/favicon.ico']]. This is not recommended -- please use permitAll via HttpSecurity#authorizeHttpRequests instead.
2026-01-29T10:39:22.550-05:00  WARN 7564 --- [restartedMain] o.s.s.c.a.web.builders.WebSecurity       : You are asking Spring Security to ignore Ant [pattern='static/**']. This is not recommended -- please use permitAll via HttpSecurity#authorizeHttpRequests instead.
2026-01-29T10:39:24.366-05:00  INFO 7564 --- [restartedMain] o.s.b.d.a.OptionalLiveReloadServer       : LiveReload server is running on port 35729
2026-01-29T10:39:26.765-05:00  INFO 7564 --- [restartedMain] c.v.f.s.DefaultDeploymentConfiguration   : 
Vaadin is running in DEVELOPMENT mode - do not use for production deployments.
2026-01-29T10:39:26.828-05:00  INFO 7564 --- [restartedMain] c.vaadin.flow.spring.SpringInstantiator  : The number of beans implementing 'I18NProvider' is 0. Cannot use Spring beans for I18N, falling back to the default behavior
2026-01-29T10:39:26.996-05:00  INFO 7564 --- [http-nio-8080-exec-1] o.a.c.c.C.[Tomcat].[localhost].[/]       : Initializing Spring DispatcherServlet 'dispatcherServlet'
2026-01-29T10:39:26.997-05:00  INFO 7564 --- [http-nio-8080-exec-1] o.s.web.servlet.DispatcherServlet        : Initializing Servlet 'dispatcherServlet'
2026-01-29T10:39:26.999-05:00  INFO 7564 --- [http-nio-8080-exec-1] o.s.web.servlet.DispatcherServlet        : Completed initialization in 1 ms
2026-01-29T10:39:27.028-05:00  INFO 7564 --- [restartedMain] o.s.b.w.embedded.tomcat.TomcatWebServer  : Tomcat started on port 8080 (http) with context path '/'
2026-01-29T10:39:27.044-05:00  INFO 7564 --- [restartedMain] org.proyecto.nvidiacorp.Application      : Started Application in 14.843 seconds (process running for 15.409)
2026-01-29T10:39:27.096-05:00  INFO 7564 --- [ForkJoinPool.commonPool-worker-1] c.v.b.devserver.AbstractDevServerRunner  : Starting Vite
2026-01-29T10:39:27.114-05:00  INFO 7564 --- [restartedMain] o.proyecto.nvidiacorp.base.DataLoader    : =================================================
2026-01-29T10:39:27.114-05:00  INFO 7564 --- [restartedMain] o.proyecto.nvidiacorp.base.DataLoader    : ? INICIANDO CARGA MASIVA DE DATOS ?
2026-01-29T10:39:27.115-05:00  INFO 7564 --- [restartedMain] o.proyecto.nvidiacorp.base.DataLoader    : =================================================
2026-01-29T10:39:27.793-05:00  INFO 7564 --- [ForkJoinPool.commonPool-worker-1] c.v.b.devserver.AbstractDevServerRunner  : Running Vite to compile frontend resources. This may take a moment, please stand by...
2026-01-29T10:39:27.859-05:00  INFO 7564 --- [restartedMain] o.proyecto.nvidiacorp.base.DataLoader    : ?? Rol ya tiene datos (omitido).
2026-01-29T10:39:27.909-05:00  INFO 7564 --- [restartedMain] o.proyecto.nvidiacorp.base.DataLoader    : ?? Persona ya tiene datos (omitido).
2026-01-29T10:39:27.964-05:00  INFO 7564 --- [restartedMain] o.proyecto.nvidiacorp.base.DataLoader    : ?? Marca ya tiene datos (omitido).
2026-01-29T10:39:27.988-05:00  INFO 7564 --- [restartedMain] o.proyecto.nvidiacorp.base.DataLoader    : ?? Usuario ya tiene datos (omitido).
2026-01-29T10:39:28.027-05:00  INFO 7564 --- [restartedMain] o.proyecto.nvidiacorp.base.DataLoader    : ?? Producto ya tiene datos (omitido).
2026-01-29T10:39:28.161-05:00  WARN 7564 --- [restartedMain] o.m.jdbc.message.server.ErrorPacket      : Error: 1048-23000: Column 'entregado' cannot be null
2026-01-29T10:39:28.162-05:00  WARN 7564 --- [restartedMain] o.h.engine.jdbc.spi.SqlExceptionHelper   : SQL Error: 1048, SQLState: 23000
2026-01-29T10:39:28.162-05:00 ERROR 7564 --- [restartedMain] o.h.engine.jdbc.spi.SqlExceptionHelper   : (conn=216) Column 'entregado' cannot be null
2026-01-29T10:39:28.269-05:00 ERROR 7564 --- [restartedMain] o.proyecto.nvidiacorp.base.DataLoader    : ? ERROR cargando Factura: could not execute statement [(conn=216) Column 'entregado' cannot be null] [insert into factura (entregado,fecha,id_orden_pedido,id_persona,iva,metodo_pago,sub_total,total) values (?,?,?,?,?,?,?,?)]; SQL [insert into factura (entregado,fecha,id_orden_pedido,id_persona,iva,metodo_pago,sub_total,total) values (?,?,?,?,?,?,?,?)]; constraint [null]
2026-01-29T10:39:28.308-05:00  INFO 7564 --- [restartedMain] o.proyecto.nvidiacorp.base.DataLoader    : ?? Pago ya tiene datos (omitido).
2026-01-29T10:39:28.309-05:00  INFO 7564 --- [restartedMain] o.proyecto.nvidiacorp.base.DataLoader    : =================================================
2026-01-29T10:39:28.310-05:00  INFO 7564 --- [restartedMain] o.proyecto.nvidiacorp.base.DataLoader    : ? CARGA MASIVA FINALIZADA ?
2026-01-29T10:39:29.620-05:00  INFO 7564 --- [dev-server-output] c.v.b.devserver.DevServerOutputTracker   : 
2026-01-29T10:39:29.620-05:00  INFO 7564 --- [dev-server-output] c.v.b.devserver.DevServerOutputTracker   :   VITE v6.3.4  ready in 1778 ms
2026-01-29T10:39:29.622-05:00  INFO 7564 --- [dev-server-output] c.v.b.devserver.DevServerOutputTracker   : 
2026-01-29T10:39:29.622-05:00  INFO 7564 --- [ForkJoinPool.commonPool-worker-1] c.v.b.devserver.AbstractDevServerRunner  : Started Vite. Time: 2525ms
2026-01-29T10:39:29.622-05:00  INFO 7564 --- [dev-server-output] c.v.b.devserver.DevServerOutputTracker   :   ?  Local:   http://127.0.0.1:54277/VAADIN/
2026-01-29T10:39:29.630-05:00  INFO 7564 --- [vaadin-dev-server-2] c.v.b.d.DevModeHandlerManagerImpl        : Application running at http://localhost:8080/
2026-01-29T10:39:32.872-05:00  INFO 7564 --- [dev-server-output] c.v.b.devserver.DevServerOutputTracker   : 
2026-01-29T10:39:32.872-05:00  INFO 7564 --- [dev-server-output] c.v.b.devserver.DevServerOutputTracker   :  ERROR(TypeScript)  Property 'user' does not exist on type 'AuthContextType'.
2026-01-29T10:39:32.872-05:00  INFO 7564 --- [dev-server-output] c.v.b.devserver.DevServerOutputTracker   :  FILE  C:/Users/LENOVO I7/Desktop/Proyecto/Proyecto_NvidiaCorp/src/main/frontend/components/Navbar.tsx:12:11
2026-01-29T10:39:32.872-05:00  INFO 7564 --- [dev-server-output] c.v.b.devserver.DevServerOutputTracker   : 
2026-01-29T10:39:32.872-05:00  INFO 7564 --- [dev-server-output] c.v.b.devserver.DevServerOutputTracker   :     10 |   const navigate = useNavigate();
2026-01-29T10:39:32.872-05:00  INFO 7564 --- [dev-server-output] c.v.b.devserver.DevServerOutputTracker   :     11 |   const location = useLocation(); // <-- Obtiene el objeto location
2026-01-29T10:39:32.872-05:00  INFO 7564 --- [dev-server-output] c.v.b.devserver.DevServerOutputTracker   :   > 12 |   const { user } = useAuth();
2026-01-29T10:39:32.872-05:00  INFO 7564 --- [dev-server-output] c.v.b.devserver.DevServerOutputTracker   :        |           ^^^^
2026-01-29T10:39:32.872-05:00  INFO 7564 --- [dev-server-output] c.v.b.devserver.DevServerOutputTracker   :     13 |
2026-01-29T10:39:32.872-05:00  INFO 7564 --- [dev-server-output] c.v.b.devserver.DevServerOutputTracker   :     14 |   console.log("Usuario autenticado:", user); // <-- Agrega esto
2026-01-29T10:39:32.872-05:00  INFO 7564 --- [dev-server-output] c.v.b.devserver.DevServerOutputTracker   :     15 |
2026-01-29T10:39:32.872-05:00  INFO 7564 --- [dev-server-output] c.v.b.devserver.DevServerOutputTracker   : 
2026-01-29T10:39:32.872-05:00  INFO 7564 --- [dev-server-output] c.v.b.devserver.DevServerOutputTracker   :  ERROR(TypeScript)  Type 'Marca | undefined' is not assignable to type 'Marca'.
2026-01-29T10:39:32.872-05:00  INFO 7564 --- [dev-server-output] c.v.b.devserver.DevServerOutputTracker   :   Type 'undefined' is not assignable to type 'Marca'.
2026-01-29T10:39:32.872-05:00  INFO 7564 --- [dev-server-output] c.v.b.devserver.DevServerOutputTracker   :  FILE  C:/Users/LENOVO I7/Desktop/Proyecto/Proyecto_NvidiaCorp/src/main/frontend/views/_producto-admin.tsx:47:68
2026-01-29T10:39:32.872-05:00  INFO 7564 --- [dev-server-output] c.v.b.devserver.DevServerOutputTracker   : 
2026-01-29T10:39:32.872-05:00  INFO 7564 --- [dev-server-output] c.v.b.devserver.DevServerOutputTracker   :     45 |         // Carga de marcas
2026-01-29T10:39:32.872-05:00  INFO 7564 --- [dev-server-output] c.v.b.devserver.DevServerOutputTracker   :     46 |         MarcaService.listAllMarcas().then(result => {
2026-01-29T10:39:32.872-05:00  INFO 7564 --- [dev-server-output] c.v.b.devserver.DevServerOutputTracker   :   > 47 |              setMarcas([{ id: 0, nombre: 'Seleccione una marca' }, ...(result || [])]);
2026-01-29T10:39:32.872-05:00  INFO 7564 --- [dev-server-output] c.v.b.devserver.DevServerOutputTracker   :        |                                                                    ^^^^^^^^^^^^^^^^^
2026-01-29T10:39:32.872-05:00  INFO 7564 --- [dev-server-output] c.v.b.devserver.DevServerOutputTracker   :     48 |         }).catch(console.error);
2026-01-29T10:39:32.872-05:00  INFO 7564 --- [dev-server-output] c.v.b.devserver.DevServerOutputTracker   :     49 |     }, []);
2026-01-29T10:39:32.872-05:00  INFO 7564 --- [dev-server-output] c.v.b.devserver.DevServerOutputTracker   :     50 |
2026-01-29T10:39:32.872-05:00  INFO 7564 --- [dev-server-output] c.v.b.devserver.DevServerOutputTracker   : 
2026-01-29T10:39:32.872-05:00  INFO 7564 --- [dev-server-output] c.v.b.devserver.DevServerOutputTracker   :  ERROR(TypeScript)  Type 'number' is not assignable to type 'string'.
2026-01-29T10:39:32.872-05:00  INFO 7564 --- [dev-server-output] c.v.b.devserver.DevServerOutputTracker   :  FILE  C:/Users/LENOVO I7/Desktop/Proyecto/Proyecto_NvidiaCorp/src/main/frontend/views/_producto-admin.tsx:98:25
2026-01-29T10:39:32.872-05:00  INFO 7564 --- [dev-server-output] c.v.b.devserver.DevServerOutputTracker   : 
2026-01-29T10:39:32.872-05:00  INFO 7564 --- [dev-server-output] c.v.b.devserver.DevServerOutputTracker   :      96 |                         itemLabelPath="nombre"
2026-01-29T10:39:32.881-05:00  INFO 7564 --- [dev-server-output] c.v.b.devserver.DevServerOutputTracker   :      97 |                         itemValuePath="id"
2026-01-29T10:39:32.881-05:00  INFO 7564 --- [dev-server-output] c.v.b.devserver.DevServerOutputTracker   :   >  98 |                         value={marca.value}
2026-01-29T10:39:32.881-05:00  INFO 7564 --- [dev-server-output] c.v.b.devserver.DevServerOutputTracker   :         |                         ^^^^^
2026-01-29T10:39:32.881-05:00  INFO 7564 --- [dev-server-output] c.v.b.devserver.DevServerOutputTracker   :      99 |                         onValueChanged={e => marca.value = e.detail.value}
2026-01-29T10:39:32.881-05:00  INFO 7564 --- [dev-server-output] c.v.b.devserver.DevServerOutputTracker   :     100 |                     />
2026-01-29T10:39:32.882-05:00  INFO 7564 --- [dev-server-output] c.v.b.devserver.DevServerOutputTracker   :     101 |                     
2026-01-29T10:39:32.883-05:00  INFO 7564 --- [dev-server-output] c.v.b.devserver.DevServerOutputTracker   : 
2026-01-29T10:39:32.883-05:00  INFO 7564 --- [dev-server-output] c.v.b.devserver.DevServerOutputTracker   :  ERROR(TypeScript)  Type 'string' is not assignable to type 'number'.
2026-01-29T10:39:32.883-05:00  INFO 7564 --- [dev-server-output] c.v.b.devserver.DevServerOutputTracker   :  FILE  C:/Users/LENOVO I7/Desktop/Proyecto/Proyecto_NvidiaCorp/src/main/frontend/views/_producto-admin.tsx:99:46
2026-01-29T10:39:32.883-05:00  INFO 7564 --- [dev-server-output] c.v.b.devserver.DevServerOutputTracker   : 
2026-01-29T10:39:32.883-05:00  INFO 7564 --- [dev-server-output] c.v.b.devserver.DevServerOutputTracker   :      97 |                         itemValuePath="id"
2026-01-29T10:39:32.884-05:00  INFO 7564 --- [dev-server-output] c.v.b.devserver.DevServerOutputTracker   :      98 |                         value={marca.value}
2026-01-29T10:39:32.884-05:00  INFO 7564 --- [dev-server-output] c.v.b.devserver.DevServerOutputTracker   :   >  99 |                         onValueChanged={e => marca.value = e.detail.value}
2026-01-29T10:39:32.884-05:00  INFO 7564 --- [dev-server-output] c.v.b.devserver.DevServerOutputTracker   :         |                                              ^^^^^^^^^^^
2026-01-29T10:39:32.884-05:00  INFO 7564 --- [dev-server-output] c.v.b.devserver.DevServerOutputTracker   :     100 |                     />
2026-01-29T10:39:32.885-05:00  INFO 7564 --- [dev-server-output] c.v.b.devserver.DevServerOutputTracker   :     101 |                     
2026-01-29T10:39:32.885-05:00  INFO 7564 --- [dev-server-output] c.v.b.devserver.DevServerOutputTracker   :     102 |                     <TextField label="Precio" value={precio.value.toString()} onValueChanged={e => precio.value = parseFloat(e.detail.value) || 0} />
2026-01-29T10:39:32.885-05:00  INFO 7564 --- [dev-server-output] c.v.b.devserver.DevServerOutputTracker   : 
2026-01-29T10:39:32.886-05:00  INFO 7564 --- [dev-server-output] c.v.b.devserver.DevServerOutputTracker   :  ERROR(TypeScript)  Type 'Marca | undefined' is not assignable to type 'Marca'.
2026-01-29T10:39:32.886-05:00  INFO 7564 --- [dev-server-output] c.v.b.devserver.DevServerOutputTracker   :   Type 'undefined' is not assignable to type 'Marca'.
2026-01-29T10:39:32.886-05:00  INFO 7564 --- [dev-server-output] c.v.b.devserver.DevServerOutputTracker   :  FILE  C:/Users/LENOVO I7/Desktop/Proyecto/Proyecto_NvidiaCorp/src/main/frontend/views/_producto-admin.tsx:152:58
2026-01-29T10:39:32.886-05:00  INFO 7564 --- [dev-server-output] c.v.b.devserver.DevServerOutputTracker   : 
2026-01-29T10:39:32.887-05:00  INFO 7564 --- [dev-server-output] c.v.b.devserver.DevServerOutputTracker   :     150 |     useEffect(() => {
2026-01-29T10:39:32.887-05:00  INFO 7564 --- [dev-server-output] c.v.b.devserver.DevServerOutputTracker   :     151 |         MarcaService.listAllMarcas().then(result => {
2026-01-29T10:39:32.887-05:00  INFO 7564 --- [dev-server-output] c.v.b.devserver.DevServerOutputTracker   :   > 152 |              setMarcas([{ id: 0, nombre: 'Seleccione' }, ...(result || [])]);
2026-01-29T10:39:32.887-05:00  INFO 7564 --- [dev-server-output] c.v.b.devserver.DevServerOutputTracker   :         |                                                          ^^^^^^^^^^^^^^^^^
2026-01-29T10:39:32.887-05:00  INFO 7564 --- [dev-server-output] c.v.b.devserver.DevServerOutputTracker   :     153 |         });
2026-01-29T10:39:32.887-05:00  INFO 7564 --- [dev-server-output] c.v.b.devserver.DevServerOutputTracker   :     154 |     }, []);
2026-01-29T10:39:32.887-05:00  INFO 7564 --- [dev-server-output] c.v.b.devserver.DevServerOutputTracker   :     155 |
2026-01-29T10:39:32.887-05:00  INFO 7564 --- [dev-server-output] c.v.b.devserver.DevServerOutputTracker   : 
2026-01-29T10:39:32.887-05:00  INFO 7564 --- [dev-server-output] c.v.b.devserver.DevServerOutputTracker   :  ERROR(TypeScript)  Parameter 'total' implicitly has an 'any' type.
2026-01-29T10:39:32.887-05:00  INFO 7564 --- [dev-server-output] c.v.b.devserver.DevServerOutputTracker   :  FILE  C:/Users/LENOVO I7/Desktop/Proyecto/Proyecto_NvidiaCorp/src/main/frontend/views/carrito-list.tsx:24:28
2026-01-29T10:39:32.887-05:00  INFO 7564 --- [dev-server-output] c.v.b.devserver.DevServerOutputTracker   : 
2026-01-29T10:39:32.887-05:00  INFO 7564 --- [dev-server-output] c.v.b.devserver.DevServerOutputTracker   :     22 |   // Cálculos del carrito
2026-01-29T10:39:32.887-05:00  INFO 7564 --- [dev-server-output] c.v.b.devserver.DevServerOutputTracker   :     23 |   const calcularSubtotal = () => {
2026-01-29T10:39:32.887-05:00  INFO 7564 --- [dev-server-output] c.v.b.devserver.DevServerOutputTracker   :   > 24 |     return carrito.reduce((total, item) => {
2026-01-29T10:39:32.887-05:00  INFO 7564 --- [dev-server-output] c.v.b.devserver.DevServerOutputTracker   :        |                            ^^^^^
2026-01-29T10:39:32.891-05:00  INFO 7564 --- [dev-server-output] c.v.b.devserver.DevServerOutputTracker   :     25 |       const cantidad = cantidades[item.id] || 1;
2026-01-29T10:39:32.892-05:00  INFO 7564 --- [dev-server-output] c.v.b.devserver.DevServerOutputTracker   :     26 |       return total + (item.precio * cantidad);
2026-01-29T10:39:32.893-05:00  INFO 7564 --- [dev-server-output] c.v.b.devserver.DevServerOutputTracker   :     27 |     }, 0);
2026-01-29T10:39:32.893-05:00  INFO 7564 --- [dev-server-output] c.v.b.devserver.DevServerOutputTracker   : 
2026-01-29T10:39:32.893-05:00  INFO 7564 --- [dev-server-output] c.v.b.devserver.DevServerOutputTracker   :  ERROR(TypeScript)  Parameter 'item' implicitly has an 'any' type.
2026-01-29T10:39:32.893-05:00  INFO 7564 --- [dev-server-output] c.v.b.devserver.DevServerOutputTracker   :  FILE  C:/Users/LENOVO I7/Desktop/Proyecto/Proyecto_NvidiaCorp/src/main/frontend/views/carrito-list.tsx:24:35
2026-01-29T10:39:32.893-05:00  INFO 7564 --- [dev-server-output] c.v.b.devserver.DevServerOutputTracker   : 
2026-01-29T10:39:32.893-05:00  INFO 7564 --- [dev-server-output] c.v.b.devserver.DevServerOutputTracker   :     22 |   // Cálculos del carrito
2026-01-29T10:39:32.893-05:00  INFO 7564 --- [dev-server-output] c.v.b.devserver.DevServerOutputTracker   :     23 |   const calcularSubtotal = () => {
2026-01-29T10:39:32.895-05:00  INFO 7564 --- [dev-server-output] c.v.b.devserver.DevServerOutputTracker   :   > 24 |     return carrito.reduce((total, item) => {
2026-01-29T10:39:32.895-05:00  INFO 7564 --- [dev-server-output] c.v.b.devserver.DevServerOutputTracker   :        |                                   ^^^^
2026-01-29T10:39:32.895-05:00  INFO 7564 --- [dev-server-output] c.v.b.devserver.DevServerOutputTracker   :     25 |       const cantidad = cantidades[item.id] || 1;
2026-01-29T10:39:32.895-05:00  INFO 7564 --- [dev-server-output] c.v.b.devserver.DevServerOutputTracker   :     26 |       return total + (item.precio * cantidad);
2026-01-29T10:39:32.895-05:00  INFO 7564 --- [dev-server-output] c.v.b.devserver.DevServerOutputTracker   :     27 |     }, 0);
2026-01-29T10:39:32.895-05:00  INFO 7564 --- [dev-server-output] c.v.b.devserver.DevServerOutputTracker   : 
2026-01-29T10:39:32.895-05:00  INFO 7564 --- [dev-server-output] c.v.b.devserver.DevServerOutputTracker   :  ERROR(TypeScript)  Parameter 'p' implicitly has an 'any' type.
2026-01-29T10:39:32.895-05:00  INFO 7564 --- [dev-server-output] c.v.b.devserver.DevServerOutputTracker   :  FILE  C:/Users/LENOVO I7/Desktop/Proyecto/Proyecto_NvidiaCorp/src/main/frontend/views/carrito-list.tsx:40:33
2026-01-29T10:39:32.895-05:00  INFO 7564 --- [dev-server-output] c.v.b.devserver.DevServerOutputTracker   : 
2026-01-29T10:39:32.895-05:00  INFO 7564 --- [dev-server-output] c.v.b.devserver.DevServerOutputTracker   :     38 |   const handleCantidad = (id: number, valor: number) => {
2026-01-29T10:39:32.896-05:00  INFO 7564 --- [dev-server-output] c.v.b.devserver.DevServerOutputTracker   :     39 |     setCantidades((prev) => {
2026-01-29T10:39:32.897-05:00  INFO 7564 --- [dev-server-output] c.v.b.devserver.DevServerOutputTracker   :   > 40 |       const item = carrito.find(p => p.id === id);
2026-01-29T10:39:32.897-05:00  INFO 7564 --- [dev-server-output] c.v.b.devserver.DevServerOutputTracker   :        |                                 ^
2026-01-29T10:39:32.898-05:00  INFO 7564 --- [dev-server-output] c.v.b.devserver.DevServerOutputTracker   :     41 |       const stock = item?.stock ?? 1;
2026-01-29T10:39:32.898-05:00  INFO 7564 --- [dev-server-output] c.v.b.devserver.DevServerOutputTracker   :     42 |       let nuevaCantidad = Math.max(1, (prev[id] || 1) + valor);
2026-01-29T10:39:32.898-05:00  INFO 7564 --- [dev-server-output] c.v.b.devserver.DevServerOutputTracker   :     43 |       console.log("Stock:", stock, "Cantidad actual:", prev[id], "Nueva cantidad:", nuevaCantidad);
2026-01-29T10:39:32.898-05:00  INFO 7564 --- [dev-server-output] c.v.b.devserver.DevServerOutputTracker   : 
2026-01-29T10:39:32.898-05:00  INFO 7564 --- [dev-server-output] c.v.b.devserver.DevServerOutputTracker   :  ERROR(TypeScript)  Parameter 'carritoActual' implicitly has an 'any' type.
2026-01-29T10:39:32.899-05:00  INFO 7564 --- [dev-server-output] c.v.b.devserver.DevServerOutputTracker   :  FILE  C:/Users/LENOVO I7/Desktop/Proyecto/Proyecto_NvidiaCorp/src/main/frontend/views/carrito-list.tsx:52:19
2026-01-29T10:39:32.899-05:00  INFO 7564 --- [dev-server-output] c.v.b.devserver.DevServerOutputTracker   : 
2026-01-29T10:39:32.899-05:00  INFO 7564 --- [dev-server-output] c.v.b.devserver.DevServerOutputTracker   :     50 |         nuevaCantidad = stock;
2026-01-29T10:39:32.899-05:00  INFO 7564 --- [dev-server-output] c.v.b.devserver.DevServerOutputTracker   :     51 |       }
2026-01-29T10:39:32.899-05:00  INFO 7564 --- [dev-server-output] c.v.b.devserver.DevServerOutputTracker   :   > 52 |       setCarrito((carritoActual) =>
2026-01-29T10:39:32.899-05:00  INFO 7564 --- [dev-server-output] c.v.b.devserver.DevServerOutputTracker   :        |                   ^^^^^^^^^^^^^
2026-01-29T10:39:32.899-05:00  INFO 7564 --- [dev-server-output] c.v.b.devserver.DevServerOutputTracker   :     53 |         carritoActual.map((item) =>
2026-01-29T10:39:32.899-05:00  INFO 7564 --- [dev-server-output] c.v.b.devserver.DevServerOutputTracker   :     54 |           item.id === id ? { ...item, cantidad: nuevaCantidad } : item
2026-01-29T10:39:32.899-05:00  INFO 7564 --- [dev-server-output] c.v.b.devserver.DevServerOutputTracker   :     55 |         )
2026-01-29T10:39:32.899-05:00  INFO 7564 --- [dev-server-output] c.v.b.devserver.DevServerOutputTracker   : 
2026-01-29T10:39:32.899-05:00  INFO 7564 --- [dev-server-output] c.v.b.devserver.DevServerOutputTracker   :  ERROR(TypeScript)  Parameter 'item' implicitly has an 'any' type.
2026-01-29T10:39:32.899-05:00  INFO 7564 --- [dev-server-output] c.v.b.devserver.DevServerOutputTracker   :  FILE  C:/Users/LENOVO I7/Desktop/Proyecto/Proyecto_NvidiaCorp/src/main/frontend/views/carrito-list.tsx:53:28
2026-01-29T10:39:32.902-05:00  INFO 7564 --- [dev-server-output] c.v.b.devserver.DevServerOutputTracker   : 
2026-01-29T10:39:32.902-05:00  INFO 7564 --- [dev-server-output] c.v.b.devserver.DevServerOutputTracker   :     51 |       }
2026-01-29T10:39:32.902-05:00  INFO 7564 --- [dev-server-output] c.v.b.devserver.DevServerOutputTracker   :     52 |       setCarrito((carritoActual) =>
2026-01-29T10:39:32.902-05:00  INFO 7564 --- [dev-server-output] c.v.b.devserver.DevServerOutputTracker   :   > 53 |         carritoActual.map((item) =>
2026-01-29T10:39:32.903-05:00  INFO 7564 --- [dev-server-output] c.v.b.devserver.DevServerOutputTracker   :        |                            ^^^^
2026-01-29T10:39:32.903-05:00  INFO 7564 --- [dev-server-output] c.v.b.devserver.DevServerOutputTracker   :     54 |           item.id === id ? { ...item, cantidad: nuevaCantidad } : item
2026-01-29T10:39:32.903-05:00  INFO 7564 --- [dev-server-output] c.v.b.devserver.DevServerOutputTracker   :     55 |         )
2026-01-29T10:39:32.903-05:00  INFO 7564 --- [dev-server-output] c.v.b.devserver.DevServerOutputTracker   :     56 |       );
2026-01-29T10:39:32.903-05:00  INFO 7564 --- [dev-server-output] c.v.b.devserver.DevServerOutputTracker   : 
2026-01-29T10:39:32.903-05:00  INFO 7564 --- [dev-server-output] c.v.b.devserver.DevServerOutputTracker   :  ERROR(TypeScript)  Not all code paths return a value.
2026-01-29T10:39:32.904-05:00  INFO 7564 --- [dev-server-output] c.v.b.devserver.DevServerOutputTracker   :  FILE  C:/Users/LENOVO I7/Desktop/Proyecto/Proyecto_NvidiaCorp/src/main/frontend/views/carrito-list.tsx:112:13
2026-01-29T10:39:32.904-05:00  INFO 7564 --- [dev-server-output] c.v.b.devserver.DevServerOutputTracker   : 
2026-01-29T10:39:32.904-05:00  INFO 7564 --- [dev-server-output] c.v.b.devserver.DevServerOutputTracker   :     110 |   };
2026-01-29T10:39:32.904-05:00  INFO 7564 --- [dev-server-output] c.v.b.devserver.DevServerOutputTracker   :     111 |
2026-01-29T10:39:32.905-05:00  INFO 7564 --- [dev-server-output] c.v.b.devserver.DevServerOutputTracker   :   > 112 |   useEffect(() => {
2026-01-29T10:39:32.905-05:00  INFO 7564 --- [dev-server-output] c.v.b.devserver.DevServerOutputTracker   :         |             ^^^^^^^
2026-01-29T10:39:32.905-05:00  INFO 7564 --- [dev-server-output] c.v.b.devserver.DevServerOutputTracker   :     113 |     if (checkoutId && showPagoModal) {
2026-01-29T10:39:32.905-05:00  INFO 7564 --- [dev-server-output] c.v.b.devserver.DevServerOutputTracker   :     114 |       const script = document.createElement('script');
2026-01-29T10:39:32.905-05:00  INFO 7564 --- [dev-server-output] c.v.b.devserver.DevServerOutputTracker   :     115 |       script.src = `https://eu-test.oppwa.com/v1/paymentWidgets.js?checkoutId=${checkoutId}`;
2026-01-29T10:39:32.905-05:00  INFO 7564 --- [dev-server-output] c.v.b.devserver.DevServerOutputTracker   : 
2026-01-29T10:39:32.906-05:00  INFO 7564 --- [dev-server-output] c.v.b.devserver.DevServerOutputTracker   :  ERROR(TypeScript)  Parameter 'item' implicitly has an 'any' type.
2026-01-29T10:39:32.906-05:00  INFO 7564 --- [dev-server-output] c.v.b.devserver.DevServerOutputTracker   :  FILE  C:/Users/LENOVO I7/Desktop/Proyecto/Proyecto_NvidiaCorp/src/main/frontend/views/carrito-list.tsx:172:31
2026-01-29T10:39:32.906-05:00  INFO 7564 --- [dev-server-output] c.v.b.devserver.DevServerOutputTracker   : 
2026-01-29T10:39:32.906-05:00  INFO 7564 --- [dev-server-output] c.v.b.devserver.DevServerOutputTracker   :     170 |             <div className="carrito-productos">
2026-01-29T10:39:32.906-05:00  INFO 7564 --- [dev-server-output] c.v.b.devserver.DevServerOutputTracker   :     171 |               <div className="producto-grid">
2026-01-29T10:39:32.906-05:00  INFO 7564 --- [dev-server-output] c.v.b.devserver.DevServerOutputTracker   :   > 172 |                 {carrito.map((item) => (
2026-01-29T10:39:32.908-05:00  INFO 7564 --- [dev-server-output] c.v.b.devserver.DevServerOutputTracker   :         |                               ^^^^
2026-01-29T10:39:32.908-05:00  INFO 7564 --- [dev-server-output] c.v.b.devserver.DevServerOutputTracker   :     173 |                   <div key={item.id} className="producto-card">
2026-01-29T10:39:32.908-05:00  INFO 7564 --- [dev-server-output] c.v.b.devserver.DevServerOutputTracker   :     174 |                     <ProductoCard
2026-01-29T10:39:32.909-05:00  INFO 7564 --- [dev-server-output] c.v.b.devserver.DevServerOutputTracker   :     175 |                       item={item}
2026-01-29T10:39:32.909-05:00  INFO 7564 --- [dev-server-output] c.v.b.devserver.DevServerOutputTracker   : 
2026-01-29T10:39:32.909-05:00  INFO 7564 --- [dev-server-output] c.v.b.devserver.DevServerOutputTracker   :  ERROR(TypeScript)  Parameter 'item' implicitly has an 'any' type.
2026-01-29T10:39:32.909-05:00  INFO 7564 --- [dev-server-output] c.v.b.devserver.DevServerOutputTracker   :  FILE  C:/Users/LENOVO I7/Desktop/Proyecto/Proyecto_NvidiaCorp/src/main/frontend/views/carrito-list.tsx:203:34
2026-01-29T10:39:32.909-05:00  INFO 7564 --- [dev-server-output] c.v.b.devserver.DevServerOutputTracker   : 
2026-01-29T10:39:32.909-05:00  INFO 7564 --- [dev-server-output] c.v.b.devserver.DevServerOutputTracker   :     201 |                   <h3 className="carrito-mini-factura-titulo">Productos</h3>
2026-01-29T10:39:32.909-05:00  INFO 7564 --- [dev-server-output] c.v.b.devserver.DevServerOutputTracker   :     202 |                   <ul className="carrito-mini-factura-lista">
2026-01-29T10:39:32.909-05:00  INFO 7564 --- [dev-server-output] c.v.b.devserver.DevServerOutputTracker   :   > 203 |                     {carrito.map(item => (
2026-01-29T10:39:32.909-05:00  INFO 7564 --- [dev-server-output] c.v.b.devserver.DevServerOutputTracker   :         |                                  ^^^^
2026-01-29T10:39:32.909-05:00  INFO 7564 --- [dev-server-output] c.v.b.devserver.DevServerOutputTracker   :     204 |                       <li key={item.id} className="carrito-mini-factura-item">
2026-01-29T10:39:32.912-05:00  INFO 7564 --- [dev-server-output] c.v.b.devserver.DevServerOutputTracker   :     205 |                         <span className="carrito-mini-factura-nombre">{item.nombre}</span>
2026-01-29T10:39:32.912-05:00  INFO 7564 --- [dev-server-output] c.v.b.devserver.DevServerOutputTracker   :     206 |                         <span className="carrito-mini-factura-cantidad">{cantidades[item.id] || 1}</span>
2026-01-29T10:39:32.912-05:00  INFO 7564 --- [dev-server-output] c.v.b.devserver.DevServerOutputTracker   : 
2026-01-29T10:39:32.912-05:00  INFO 7564 --- [dev-server-output] c.v.b.devserver.DevServerOutputTracker   :  ERROR(TypeScript)  Parameter 'acc' implicitly has an 'any' type.
2026-01-29T10:39:32.912-05:00  INFO 7564 --- [dev-server-output] c.v.b.devserver.DevServerOutputTracker   :  FILE  C:/Users/LENOVO I7/Desktop/Proyecto/Proyecto_NvidiaCorp/src/main/frontend/views/Pago-form.tsx:34:12
2026-01-29T10:39:32.913-05:00  INFO 7564 --- [dev-server-output] c.v.b.devserver.DevServerOutputTracker   : 
2026-01-29T10:39:32.913-05:00  INFO 7564 --- [dev-server-output] c.v.b.devserver.DevServerOutputTracker   :     32 |         // 2?? Calcular totales
2026-01-29T10:39:32.913-05:00  INFO 7564 --- [dev-server-output] c.v.b.devserver.DevServerOutputTracker   :     33 |         const subtotal = carrito.reduce(
2026-01-29T10:39:32.913-05:00  INFO 7564 --- [dev-server-output] c.v.b.devserver.DevServerOutputTracker   :   > 34 |           (acc, item) => acc + (item.precio * (item.cantidad || 1)),
2026-01-29T10:39:32.913-05:00  INFO 7564 --- [dev-server-output] c.v.b.devserver.DevServerOutputTracker   :        |            ^^^
2026-01-29T10:39:32.913-05:00  INFO 7564 --- [dev-server-output] c.v.b.devserver.DevServerOutputTracker   :     35 |           0
2026-01-29T10:39:32.914-05:00  INFO 7564 --- [dev-server-output] c.v.b.devserver.DevServerOutputTracker   :     36 |         );
2026-01-29T10:39:32.914-05:00  INFO 7564 --- [dev-server-output] c.v.b.devserver.DevServerOutputTracker   :     37 |         const iva = subtotal * 0.15;
2026-01-29T10:39:32.914-05:00  INFO 7564 --- [dev-server-output] c.v.b.devserver.DevServerOutputTracker   : 
2026-01-29T10:39:32.914-05:00  INFO 7564 --- [dev-server-output] c.v.b.devserver.DevServerOutputTracker   :  ERROR(TypeScript)  Parameter 'item' implicitly has an 'any' type.
2026-01-29T10:39:32.914-05:00  INFO 7564 --- [dev-server-output] c.v.b.devserver.DevServerOutputTracker   :  FILE  C:/Users/LENOVO I7/Desktop/Proyecto/Proyecto_NvidiaCorp/src/main/frontend/views/Pago-form.tsx:34:17
2026-01-29T10:39:32.914-05:00  INFO 7564 --- [dev-server-output] c.v.b.devserver.DevServerOutputTracker   : 
2026-01-29T10:39:32.914-05:00  INFO 7564 --- [dev-server-output] c.v.b.devserver.DevServerOutputTracker   :     32 |         // 2?? Calcular totales
2026-01-29T10:39:32.915-05:00  INFO 7564 --- [dev-server-output] c.v.b.devserver.DevServerOutputTracker   :     33 |         const subtotal = carrito.reduce(
2026-01-29T10:39:32.915-05:00  INFO 7564 --- [dev-server-output] c.v.b.devserver.DevServerOutputTracker   :   > 34 |           (acc, item) => acc + (item.precio * (item.cantidad || 1)),
2026-01-29T10:39:32.915-05:00  INFO 7564 --- [dev-server-output] c.v.b.devserver.DevServerOutputTracker   :        |                 ^^^^
2026-01-29T10:39:32.915-05:00  INFO 7564 --- [dev-server-output] c.v.b.devserver.DevServerOutputTracker   :     35 |           0
2026-01-29T10:39:32.915-05:00  INFO 7564 --- [dev-server-output] c.v.b.devserver.DevServerOutputTracker   :     36 |         );
2026-01-29T10:39:32.915-05:00  INFO 7564 --- [dev-server-output] c.v.b.devserver.DevServerOutputTracker   :     37 |         const iva = subtotal * 0.15;
2026-01-29T10:39:32.916-05:00  INFO 7564 --- [dev-server-output] c.v.b.devserver.DevServerOutputTracker   : 
2026-01-29T10:39:32.916-05:00  INFO 7564 --- [dev-server-output] c.v.b.devserver.DevServerOutputTracker   :  ERROR(TypeScript)  Property 'crearFactura' does not exist on type 'typeof import("C:/Users/LENOVO I7/Desktop/Proyecto/Proyecto_NvidiaCorp/src/main/frontend/generated/FacturaServices")'. Did you mean 'createFactura'?
2026-01-29T10:39:32.916-05:00  INFO 7564 --- [dev-server-output] c.v.b.devserver.DevServerOutputTracker   :  FILE  C:/Users/LENOVO I7/Desktop/Proyecto/Proyecto_NvidiaCorp/src/main/frontend/views/Pago-form.tsx:41:31
2026-01-29T10:39:32.916-05:00  INFO 7564 --- [dev-server-output] c.v.b.devserver.DevServerOutputTracker   : 
2026-01-29T10:39:32.916-05:00  INFO 7564 --- [dev-server-output] c.v.b.devserver.DevServerOutputTracker   :     39 |
2026-01-29T10:39:32.916-05:00  INFO 7564 --- [dev-server-output] c.v.b.devserver.DevServerOutputTracker   :     40 |         // 3?? ? GUARDAR FACTURA EN LA BASE DE DATOS
2026-01-29T10:39:32.916-05:00  INFO 7564 --- [dev-server-output] c.v.b.devserver.DevServerOutputTracker   :   > 41 |         await FacturaServices.crearFactura({
2026-01-29T10:39:32.916-05:00  INFO 7564 --- [dev-server-output] c.v.b.devserver.DevServerOutputTracker   :        |                               ^^^^^^^^^^^^
2026-01-29T10:39:32.916-05:00  INFO 7564 --- [dev-server-output] c.v.b.devserver.DevServerOutputTracker   :     42 |           subtotal,
2026-01-29T10:39:32.916-05:00  INFO 7564 --- [dev-server-output] c.v.b.devserver.DevServerOutputTracker   :     43 |           iva,
2026-01-29T10:39:32.916-05:00  INFO 7564 --- [dev-server-output] c.v.b.devserver.DevServerOutputTracker   :     44 |           total,
2026-01-29T10:39:32.916-05:00  INFO 7564 --- [dev-server-output] c.v.b.devserver.DevServerOutputTracker   : 
2026-01-29T10:39:32.916-05:00  INFO 7564 --- [dev-server-output] c.v.b.devserver.DevServerOutputTracker   :  ERROR(TypeScript)  Parameter 'item' implicitly has an 'any' type.
2026-01-29T10:39:32.916-05:00  INFO 7564 --- [dev-server-output] c.v.b.devserver.DevServerOutputTracker   :  FILE  C:/Users/LENOVO I7/Desktop/Proyecto/Proyecto_NvidiaCorp/src/main/frontend/views/Pago-form.tsx:46:33
2026-01-29T10:39:32.916-05:00  INFO 7564 --- [dev-server-output] c.v.b.devserver.DevServerOutputTracker   : 
2026-01-29T10:39:32.916-05:00  INFO 7564 --- [dev-server-output] c.v.b.devserver.DevServerOutputTracker   :     44 |           total,
2026-01-29T10:39:32.916-05:00  INFO 7564 --- [dev-server-output] c.v.b.devserver.DevServerOutputTracker   :     45 |           metodoPago: "TARJETA",
2026-01-29T10:39:32.916-05:00  INFO 7564 --- [dev-server-output] c.v.b.devserver.DevServerOutputTracker   :   > 46 |           detalles: carrito.map(item => ({
2026-01-29T10:39:32.916-05:00  INFO 7564 --- [dev-server-output] c.v.b.devserver.DevServerOutputTracker   :        |                                 ^^^^
2026-01-29T10:39:32.916-05:00  INFO 7564 --- [dev-server-output] c.v.b.devserver.DevServerOutputTracker   :     47 |             productoId: item.id,
2026-01-29T10:39:32.916-05:00  INFO 7564 --- [dev-server-output] c.v.b.devserver.DevServerOutputTracker   :     48 |             cantidad: item.cantidad || 1,
2026-01-29T10:39:32.916-05:00  INFO 7564 --- [dev-server-output] c.v.b.devserver.DevServerOutputTracker   :     49 |             precioUnitario: item.precio
2026-01-29T10:39:32.916-05:00  INFO 7564 --- [dev-server-output] c.v.b.devserver.DevServerOutputTracker   : 
2026-01-29T10:39:32.916-05:00  INFO 7564 --- [dev-server-output] c.v.b.devserver.DevServerOutputTracker   :  ERROR(TypeScript)  Type 'Element' is not assignable to type 'string'.
2026-01-29T10:39:32.916-05:00  INFO 7564 --- [dev-server-output] c.v.b.devserver.DevServerOutputTracker   :  FILE  C:/Users/LENOVO I7/Desktop/Proyecto/Proyecto_NvidiaCorp/src/main/frontend/views/Pago_list.tsx:86:20
2026-01-29T10:39:32.916-05:00  INFO 7564 --- [dev-server-output] c.v.b.devserver.DevServerOutputTracker   : 
2026-01-29T10:39:32.916-05:00  INFO 7564 --- [dev-server-output] c.v.b.devserver.DevServerOutputTracker   :     84 |   return (
2026-01-29T10:39:32.916-05:00  INFO 7564 --- [dev-server-output] c.v.b.devserver.DevServerOutputTracker   :     85 |     <main className="pago-main">
2026-01-29T10:39:32.916-05:00  INFO 7564 --- [dev-server-output] c.v.b.devserver.DevServerOutputTracker   :   > 86 |       <ViewToolbar title={<span className="pago-title">Lista de Pagos</span>}>
2026-01-29T10:39:32.916-05:00  INFO 7564 --- [dev-server-output] c.v.b.devserver.DevServerOutputTracker   :        |                    ^^^^^
2026-01-29T10:39:32.916-05:00  INFO 7564 --- [dev-server-output] c.v.b.devserver.DevServerOutputTracker   :     87 |         <Group>
2026-01-29T10:39:32.916-05:00  INFO 7564 --- [dev-server-output] c.v.b.devserver.DevServerOutputTracker   :     88 |           {/* Aquí puedes agregar filtros o botones si lo necesitas */}
2026-01-29T10:39:32.922-05:00  INFO 7564 --- [dev-server-output] c.v.b.devserver.DevServerOutputTracker   :     89 |         </Group>
2026-01-29T10:39:32.922-05:00  INFO 7564 --- [dev-server-output] c.v.b.devserver.DevServerOutputTracker   : 
2026-01-29T10:39:32.922-05:00  INFO 7564 --- [dev-server-output] c.v.b.devserver.DevServerOutputTracker   :  ERROR(TypeScript)  Type 'Promise<(Persona | undefined)[] | undefined>' is not assignable to type 'Promise<Persona[]>'.
2026-01-29T10:39:32.922-05:00  INFO 7564 --- [dev-server-output] c.v.b.devserver.DevServerOutputTracker   :   Type '(Persona | undefined)[] | undefined' is not assignable to type 'Persona[]'.
2026-01-29T10:39:32.922-05:00  INFO 7564 --- [dev-server-output] c.v.b.devserver.DevServerOutputTracker   :     Type 'undefined' is not assignable to type 'Persona[]'.
2026-01-29T10:39:32.922-05:00  INFO 7564 --- [dev-server-output] c.v.b.devserver.DevServerOutputTracker   :  FILE  C:/Users/LENOVO I7/Desktop/Proyecto/Proyecto_NvidiaCorp/src/main/frontend/views/persona-list.tsx:172:27
2026-01-29T10:39:32.923-05:00  INFO 7564 --- [dev-server-output] c.v.b.devserver.DevServerOutputTracker   : 
2026-01-29T10:39:32.923-05:00  INFO 7564 --- [dev-server-output] c.v.b.devserver.DevServerOutputTracker   :     170 | export default function PersonaListView() {
2026-01-29T10:39:32.923-05:00  INFO 7564 --- [dev-server-output] c.v.b.devserver.DevServerOutputTracker   :     171 |     const dataProvider = useDataProvider<Persona>({
2026-01-29T10:39:32.923-05:00  INFO 7564 --- [dev-server-output] c.v.b.devserver.DevServerOutputTracker   :   > 172 |         list: (params) => PersonaServices.listAllPersona(),
2026-01-29T10:39:32.924-05:00  INFO 7564 --- [dev-server-output] c.v.b.devserver.DevServerOutputTracker   :         |                           ^^^^^^^^^^^^^^^^^^^^^^^^^^^^^^^^
2026-01-29T10:39:32.924-05:00  INFO 7564 --- [dev-server-output] c.v.b.devserver.DevServerOutputTracker   :     173 |     });
2026-01-29T10:39:32.924-05:00  INFO 7564 --- [dev-server-output] c.v.b.devserver.DevServerOutputTracker   :     174 |
2026-01-29T10:39:32.924-05:00  INFO 7564 --- [dev-server-output] c.v.b.devserver.DevServerOutputTracker   :     175 |     return (
2026-01-29T10:39:32.925-05:00  INFO 7564 --- [dev-server-output] c.v.b.devserver.DevServerOutputTracker   : 
2026-01-29T10:39:32.925-05:00  INFO 7564 --- [dev-server-output] c.v.b.devserver.DevServerOutputTracker   :  ERROR(TypeScript)  Not all code paths return a value.
2026-01-29T10:39:32.925-05:00  INFO 7564 --- [dev-server-output] c.v.b.devserver.DevServerOutputTracker   :  FILE  C:/Users/LENOVO I7/Desktop/Proyecto/Proyecto_NvidiaCorp/src/main/frontend/views/producto-list.tsx:28:15
2026-01-29T10:39:32.925-05:00  INFO 7564 --- [dev-server-output] c.v.b.devserver.DevServerOutputTracker   : 
2026-01-29T10:39:32.925-05:00  INFO 7564 --- [dev-server-output] c.v.b.devserver.DevServerOutputTracker   :     26 |     const navigate = useNavigate();
2026-01-29T10:39:32.926-05:00  INFO 7564 --- [dev-server-output] c.v.b.devserver.DevServerOutputTracker   :     27 |
2026-01-29T10:39:32.926-05:00  INFO 7564 --- [dev-server-output] c.v.b.devserver.DevServerOutputTracker   :   > 28 |     useEffect(() => {
2026-01-29T10:39:32.926-05:00  INFO 7564 --- [dev-server-output] c.v.b.devserver.DevServerOutputTracker   :        |               ^^^^^^^
2026-01-29T10:39:32.926-05:00  INFO 7564 --- [dev-server-output] c.v.b.devserver.DevServerOutputTracker   :     29 |         if (isVisible && producto) {
2026-01-29T10:39:32.926-05:00  INFO 7564 --- [dev-server-output] c.v.b.devserver.DevServerOutputTracker   :     30 |             const timer = setTimeout(() => {
2026-01-29T10:39:32.927-05:00  INFO 7564 --- [dev-server-output] c.v.b.devserver.DevServerOutputTracker   :     31 |                 onClose();
2026-01-29T10:39:32.927-05:00  INFO 7564 --- [dev-server-output] c.v.b.devserver.DevServerOutputTracker   : 
2026-01-29T10:39:32.927-05:00  INFO 7564 --- [dev-server-output] c.v.b.devserver.DevServerOutputTracker   :  ERROR(TypeScript)  'respuesta' is possibly 'undefined'.
2026-01-29T10:39:32.927-05:00  INFO 7564 --- [dev-server-output] c.v.b.devserver.DevServerOutputTracker   :  FILE  C:/Users/LENOVO I7/Desktop/Proyecto/Proyecto_NvidiaCorp/src/main/frontend/views/producto-list.tsx:218:17
2026-01-29T10:39:32.927-05:00  INFO 7564 --- [dev-server-output] c.v.b.devserver.DevServerOutputTracker   : 
2026-01-29T10:39:32.927-05:00  INFO 7564 --- [dev-server-output] c.v.b.devserver.DevServerOutputTracker   :     216 |
2026-01-29T10:39:32.928-05:00  INFO 7564 --- [dev-server-output] c.v.b.devserver.DevServerOutputTracker   :     217 |             // --- Lógica de Añadir al Carrito ---
2026-01-29T10:39:32.928-05:00  INFO 7564 --- [dev-server-output] c.v.b.devserver.DevServerOutputTracker   :   > 218 |             if (respuesta.includes("[ADD_TO_CART:")) {
2026-01-29T10:39:32.928-05:00  INFO 7564 --- [dev-server-output] c.v.b.devserver.DevServerOutputTracker   :         |                 ^^^^^^^^^
2026-01-29T10:39:32.928-05:00  INFO 7564 --- [dev-server-output] c.v.b.devserver.DevServerOutputTracker   :     219 |                 const match = respuesta.match(/\[ADD_TO_CART:(\d+)\]/);
2026-01-29T10:39:32.928-05:00  INFO 7564 --- [dev-server-output] c.v.b.devserver.DevServerOutputTracker   :     220 |                 if (match) {
2026-01-29T10:39:32.928-05:00  INFO 7564 --- [dev-server-output] c.v.b.devserver.DevServerOutputTracker   :     221 |                     const id = parseInt(match[1]);
2026-01-29T10:39:32.928-05:00  INFO 7564 --- [dev-server-output] c.v.b.devserver.DevServerOutputTracker   : 
2026-01-29T10:39:32.928-05:00  INFO 7564 --- [dev-server-output] c.v.b.devserver.DevServerOutputTracker   :  ERROR(TypeScript)  'respuesta' is possibly 'undefined'.
2026-01-29T10:39:32.929-05:00  INFO 7564 --- [dev-server-output] c.v.b.devserver.DevServerOutputTracker   :  FILE  C:/Users/LENOVO I7/Desktop/Proyecto/Proyecto_NvidiaCorp/src/main/frontend/views/producto-list.tsx:219:31
2026-01-29T10:39:32.929-05:00  INFO 7564 --- [dev-server-output] c.v.b.devserver.DevServerOutputTracker   : 
2026-01-29T10:39:32.929-05:00  INFO 7564 --- [dev-server-output] c.v.b.devserver.DevServerOutputTracker   :     217 |             // --- Lógica de Añadir al Carrito ---
2026-01-29T10:39:32.929-05:00  INFO 7564 --- [dev-server-output] c.v.b.devserver.DevServerOutputTracker   :     218 |             if (respuesta.includes("[ADD_TO_CART:")) {
2026-01-29T10:39:32.929-05:00  INFO 7564 --- [dev-server-output] c.v.b.devserver.DevServerOutputTracker   :   > 219 |                 const match = respuesta.match(/\[ADD_TO_CART:(\d+)\]/);
2026-01-29T10:39:32.930-05:00  INFO 7564 --- [dev-server-output] c.v.b.devserver.DevServerOutputTracker   :         |                               ^^^^^^^^^
2026-01-29T10:39:32.930-05:00  INFO 7564 --- [dev-server-output] c.v.b.devserver.DevServerOutputTracker   :     220 |                 if (match) {
2026-01-29T10:39:32.930-05:00  INFO 7564 --- [dev-server-output] c.v.b.devserver.DevServerOutputTracker   :     221 |                     const id = parseInt(match[1]);
2026-01-29T10:39:32.930-05:00  INFO 7564 --- [dev-server-output] c.v.b.devserver.DevServerOutputTracker   :     222 |                     const prod = productos.find(p => p.id === id);
2026-01-29T10:39:32.930-05:00  INFO 7564 --- [dev-server-output] c.v.b.devserver.DevServerOutputTracker   : 
2026-01-29T10:39:32.930-05:00  INFO 7564 --- [dev-server-output] c.v.b.devserver.DevServerOutputTracker   :  ERROR(TypeScript)  'respuesta' is possibly 'undefined'.
2026-01-29T10:39:32.930-05:00  INFO 7564 --- [dev-server-output] c.v.b.devserver.DevServerOutputTracker   :  FILE  C:/Users/LENOVO I7/Desktop/Proyecto/Proyecto_NvidiaCorp/src/main/frontend/views/producto-list.tsx:231:33
2026-01-29T10:39:32.931-05:00  INFO 7564 --- [dev-server-output] c.v.b.devserver.DevServerOutputTracker   : 
2026-01-29T10:39:32.931-05:00  INFO 7564 --- [dev-server-output] c.v.b.devserver.DevServerOutputTracker   :     229 |
2026-01-29T10:39:32.931-05:00  INFO 7564 --- [dev-server-output] c.v.b.devserver.DevServerOutputTracker   :     230 |             // Limpiamos el código del texto antes de mostrarlo
2026-01-29T10:39:32.931-05:00  INFO 7564 --- [dev-server-output] c.v.b.devserver.DevServerOutputTracker   :   > 231 |             const textoLimpio = respuesta.replace(/\[ADD_TO_CART:.*?\]/g, "").trim();
2026-01-29T10:39:32.931-05:00  INFO 7564 --- [dev-server-output] c.v.b.devserver.DevServerOutputTracker   :         |                                 ^^^^^^^^^
2026-01-29T10:39:32.932-05:00  INFO 7564 --- [dev-server-output] c.v.b.devserver.DevServerOutputTracker   :     232 |             setHistorial(prev => [...prev, { rol: 'ia', texto: textoLimpio }]);
2026-01-29T10:39:32.932-05:00  INFO 7564 --- [dev-server-output] c.v.b.devserver.DevServerOutputTracker   :     233 |         } catch (error) {
2026-01-29T10:39:32.932-05:00  INFO 7564 --- [dev-server-output] c.v.b.devserver.DevServerOutputTracker   :     234 |             console.error(error);
2026-01-29T10:39:32.932-05:00  INFO 7564 --- [dev-server-output] c.v.b.devserver.DevServerOutputTracker   : 
2026-01-29T10:39:32.932-05:00  INFO 7564 --- [dev-server-output] c.v.b.devserver.DevServerOutputTracker   :  ERROR(TypeScript)  Argument of type '(ProductoDTO | undefined)[] | undefined' is not assignable to parameter of type 'SetStateAction<Producto[]>'.
2026-01-29T10:39:32.932-05:00  INFO 7564 --- [dev-server-output] c.v.b.devserver.DevServerOutputTracker   :   Type 'undefined' is not assignable to type 'SetStateAction<Producto[]>'.
2026-01-29T10:39:32.932-05:00  INFO 7564 --- [dev-server-output] c.v.b.devserver.DevServerOutputTracker   :  FILE  C:/Users/LENOVO I7/Desktop/Proyecto/Proyecto_NvidiaCorp/src/main/frontend/views/producto-list.tsx:250:22
2026-01-29T10:39:32.933-05:00  INFO 7564 --- [dev-server-output] c.v.b.devserver.DevServerOutputTracker   : 
2026-01-29T10:39:32.933-05:00  INFO 7564 --- [dev-server-output] c.v.b.devserver.DevServerOutputTracker   :     248 |     const cargarProductos = async () => {
2026-01-29T10:39:32.933-05:00  INFO 7564 --- [dev-server-output] c.v.b.devserver.DevServerOutputTracker   :     249 |         const data = await ProductoService.listAllProductos();
2026-01-29T10:39:32.933-05:00  INFO 7564 --- [dev-server-output] c.v.b.devserver.DevServerOutputTracker   :   > 250 |         setProductos(data);
2026-01-29T10:39:32.933-05:00  INFO 7564 --- [dev-server-output] c.v.b.devserver.DevServerOutputTracker   :         |                      ^^^^
2026-01-29T10:39:32.933-05:00  INFO 7564 --- [dev-server-output] c.v.b.devserver.DevServerOutputTracker   :     251 |         setProductosFiltrados(data);
2026-01-29T10:39:32.933-05:00  INFO 7564 --- [dev-server-output] c.v.b.devserver.DevServerOutputTracker   :     252 |         console.log("Productos recibidos:", data);
2026-01-29T10:39:32.934-05:00  INFO 7564 --- [dev-server-output] c.v.b.devserver.DevServerOutputTracker   :     253 |     };
2026-01-29T10:39:32.934-05:00  INFO 7564 --- [dev-server-output] c.v.b.devserver.DevServerOutputTracker   : 
2026-01-29T10:39:32.934-05:00  INFO 7564 --- [dev-server-output] c.v.b.devserver.DevServerOutputTracker   :  ERROR(TypeScript)  Argument of type '(ProductoDTO | undefined)[] | undefined' is not assignable to parameter of type 'SetStateAction<Producto[]>'.
2026-01-29T10:39:32.934-05:00  INFO 7564 --- [dev-server-output] c.v.b.devserver.DevServerOutputTracker   :   Type 'undefined' is not assignable to type 'SetStateAction<Producto[]>'.
2026-01-29T10:39:32.934-05:00  INFO 7564 --- [dev-server-output] c.v.b.devserver.DevServerOutputTracker   :  FILE  C:/Users/LENOVO I7/Desktop/Proyecto/Proyecto_NvidiaCorp/src/main/frontend/views/producto-list.tsx:251:31
2026-01-29T10:39:32.934-05:00  INFO 7564 --- [dev-server-output] c.v.b.devserver.DevServerOutputTracker   : 
2026-01-29T10:39:32.934-05:00  INFO 7564 --- [dev-server-output] c.v.b.devserver.DevServerOutputTracker   :     249 |         const data = await ProductoService.listAllProductos();
2026-01-29T10:39:32.934-05:00  INFO 7564 --- [dev-server-output] c.v.b.devserver.DevServerOutputTracker   :     250 |         setProductos(data);
2026-01-29T10:39:32.935-05:00  INFO 7564 --- [dev-server-output] c.v.b.devserver.DevServerOutputTracker   :   > 251 |         setProductosFiltrados(data);
2026-01-29T10:39:32.935-05:00  INFO 7564 --- [dev-server-output] c.v.b.devserver.DevServerOutputTracker   :         |                               ^^^^
2026-01-29T10:39:32.935-05:00  INFO 7564 --- [dev-server-output] c.v.b.devserver.DevServerOutputTracker   :     252 |         console.log("Productos recibidos:", data);
2026-01-29T10:39:32.935-05:00  INFO 7564 --- [dev-server-output] c.v.b.devserver.DevServerOutputTracker   :     253 |     };
2026-01-29T10:39:32.935-05:00  INFO 7564 --- [dev-server-output] c.v.b.devserver.DevServerOutputTracker   :     254 |
2026-01-29T10:39:32.935-05:00  INFO 7564 --- [dev-server-output] c.v.b.devserver.DevServerOutputTracker   : 
2026-01-29T10:39:32.935-05:00  INFO 7564 --- [dev-server-output] c.v.b.devserver.DevServerOutputTracker   :  ERROR(TypeScript)  Property 'busqueda' does not exist on type 'typeof import("C:/Users/LENOVO I7/Desktop/Proyecto/Proyecto_NvidiaCorp/src/main/frontend/generated/ProductoService")'.
2026-01-29T10:39:32.936-05:00  INFO 7564 --- [dev-server-output] c.v.b.devserver.DevServerOutputTracker   :  FILE  C:/Users/LENOVO I7/Desktop/Proyecto/Proyecto_NvidiaCorp/src/main/frontend/views/producto-list.tsx:350:29
2026-01-29T10:39:32.936-05:00  INFO 7564 --- [dev-server-output] c.v.b.devserver.DevServerOutputTracker   : 
2026-01-29T10:39:32.936-05:00  INFO 7564 --- [dev-server-output] c.v.b.devserver.DevServerOutputTracker   :     348 |                 return;
2026-01-29T10:39:32.936-05:00  INFO 7564 --- [dev-server-output] c.v.b.devserver.DevServerOutputTracker   :     349 |             }
2026-01-29T10:39:32.936-05:00  INFO 7564 --- [dev-server-output] c.v.b.devserver.DevServerOutputTracker   :   > 350 |             ProductoService.busqueda(criterio.value, text.value).then(function (data) {
2026-01-29T10:39:32.936-05:00  INFO 7564 --- [dev-server-output] c.v.b.devserver.DevServerOutputTracker   :         |                             ^^^^^^^^
2026-01-29T10:39:32.936-05:00  INFO 7564 --- [dev-server-output] c.v.b.devserver.DevServerOutputTracker   :     351 |                 setProductos(data);
2026-01-29T10:39:32.936-05:00  INFO 7564 --- [dev-server-output] c.v.b.devserver.DevServerOutputTracker   :     352 |                 console.log("Resultados de busqueda:", data);
2026-01-29T10:39:32.936-05:00  INFO 7564 --- [dev-server-output] c.v.b.devserver.DevServerOutputTracker   :     353 |                 Notification.show(`Se encontraron ${data.length} resultado(s)`, {
2026-01-29T10:39:32.936-05:00  INFO 7564 --- [dev-server-output] c.v.b.devserver.DevServerOutputTracker   : 
2026-01-29T10:39:32.936-05:00  INFO 7564 --- [dev-server-output] c.v.b.devserver.DevServerOutputTracker   :  ERROR(TypeScript)  Parameter 'data' implicitly has an 'any' type.
2026-01-29T10:39:32.936-05:00  INFO 7564 --- [dev-server-output] c.v.b.devserver.DevServerOutputTracker   :  FILE  C:/Users/LENOVO I7/Desktop/Proyecto/Proyecto_NvidiaCorp/src/main/frontend/views/producto-list.tsx:350:81
2026-01-29T10:39:32.936-05:00  INFO 7564 --- [dev-server-output] c.v.b.devserver.DevServerOutputTracker   : 
2026-01-29T10:39:32.936-05:00  INFO 7564 --- [dev-server-output] c.v.b.devserver.DevServerOutputTracker   :     348 |                 return;
2026-01-29T10:39:32.936-05:00  INFO 7564 --- [dev-server-output] c.v.b.devserver.DevServerOutputTracker   :     349 |             }
2026-01-29T10:39:32.936-05:00  INFO 7564 --- [dev-server-output] c.v.b.devserver.DevServerOutputTracker   :   > 350 |             ProductoService.busqueda(criterio.value, text.value).then(function (data) {
2026-01-29T10:39:32.936-05:00  INFO 7564 --- [dev-server-output] c.v.b.devserver.DevServerOutputTracker   :         |                                                                                 ^^^^
2026-01-29T10:39:32.936-05:00  INFO 7564 --- [dev-server-output] c.v.b.devserver.DevServerOutputTracker   :     351 |                 setProductos(data);
2026-01-29T10:39:32.936-05:00  INFO 7564 --- [dev-server-output] c.v.b.devserver.DevServerOutputTracker   :     352 |                 console.log("Resultados de busqueda:", data);
2026-01-29T10:39:32.936-05:00  INFO 7564 --- [dev-server-output] c.v.b.devserver.DevServerOutputTracker   :     353 |                 Notification.show(`Se encontraron ${data.length} resultado(s)`, {
2026-01-29T10:39:32.936-05:00  INFO 7564 --- [dev-server-output] c.v.b.devserver.DevServerOutputTracker   : 
2026-01-29T10:39:32.936-05:00  INFO 7564 --- [dev-server-output] c.v.b.devserver.DevServerOutputTracker   :  ERROR(TypeScript)  Type 'Element' is not assignable to type 'string'.
2026-01-29T10:39:32.936-05:00  INFO 7564 --- [dev-server-output] c.v.b.devserver.DevServerOutputTracker   :  FILE  C:/Users/LENOVO I7/Desktop/Proyecto/Proyecto_NvidiaCorp/src/main/frontend/views/producto-list.tsx:599:21
2026-01-29T10:39:32.936-05:00  INFO 7564 --- [dev-server-output] c.v.b.devserver.DevServerOutputTracker   : 
2026-01-29T10:39:32.936-05:00  INFO 7564 --- [dev-server-output] c.v.b.devserver.DevServerOutputTracker   :     597 |             <div className="contenido-principal">
2026-01-29T10:39:32.936-05:00  INFO 7564 --- [dev-server-output] c.v.b.devserver.DevServerOutputTracker   :     598 |                 <ViewToolbar
2026-01-29T10:39:32.936-05:00  INFO 7564 --- [dev-server-output] c.v.b.devserver.DevServerOutputTracker   :   > 599 |                     title={
2026-01-29T10:39:32.936-05:00  INFO 7564 --- [dev-server-output] c.v.b.devserver.DevServerOutputTracker   :         |                     ^^^^^
2026-01-29T10:39:32.936-05:00  INFO 7564 --- [dev-server-output] c.v.b.devserver.DevServerOutputTracker   :     600 |                         <span className="producto-toolbar-titulo">
2026-01-29T10:39:32.936-05:00  INFO 7564 --- [dev-server-output] c.v.b.devserver.DevServerOutputTracker   :     601 |                             Productos ({productosFiltrados.length})
2026-01-29T10:39:32.936-05:00  INFO 7564 --- [dev-server-output] c.v.b.devserver.DevServerOutputTracker   :     602 |                         </span>
2026-01-29T10:39:32.936-05:00  INFO 7564 --- [dev-server-output] c.v.b.devserver.DevServerOutputTracker   : 
2026-01-29T10:39:32.940-05:00  INFO 7564 --- [dev-server-output] c.v.b.devserver.DevServerOutputTracker   :  ERROR(TypeScript)  Type '(event: KeyboardEvent) => void' is not assignable to type 'KeyboardEventHandler<TextField>'.
2026-01-29T10:39:32.940-05:00  INFO 7564 --- [dev-server-output] c.v.b.devserver.DevServerOutputTracker   :   Types of parameters 'event' and 'event' are incompatible.
2026-01-29T10:39:32.940-05:00  INFO 7564 --- [dev-server-output] c.v.b.devserver.DevServerOutputTracker   :     Type 'KeyboardEvent<TextField>' is missing the following properties from type 'KeyboardEvent': isComposing, initKeyboardEvent, DOM_KEY_LOCATION_STANDARD, DOM_KEY_LOCATION_LEFT, and 14 more.
2026-01-29T10:39:32.940-05:00  INFO 7564 --- [dev-server-output] c.v.b.devserver.DevServerOutputTracker   :  FILE  C:/Users/LENOVO I7/Desktop/Proyecto/Proyecto_NvidiaCorp/src/main/frontend/views/producto-list.tsx:629:25
2026-01-29T10:39:32.940-05:00  INFO 7564 --- [dev-server-output] c.v.b.devserver.DevServerOutputTracker   : 
2026-01-29T10:39:32.940-05:00  INFO 7564 --- [dev-server-output] c.v.b.devserver.DevServerOutputTracker   :     627 |                         value={text.value}
2026-01-29T10:39:32.941-05:00  INFO 7564 --- [dev-server-output] c.v.b.devserver.DevServerOutputTracker   :     628 |                         onValueChanged={(evt) => (text.value = evt.detail.value)}
2026-01-29T10:39:32.941-05:00  INFO 7564 --- [dev-server-output] c.v.b.devserver.DevServerOutputTracker   :   > 629 |                         onKeyDown={handleKeyPress}
2026-01-29T10:39:32.941-05:00  INFO 7564 --- [dev-server-output] c.v.b.devserver.DevServerOutputTracker   :         |                         ^^^^^^^^^
2026-01-29T10:39:32.941-05:00  INFO 7564 --- [dev-server-output] c.v.b.devserver.DevServerOutputTracker   :     630 |                         clearButtonVisible
2026-01-29T10:39:32.941-05:00  INFO 7564 --- [dev-server-output] c.v.b.devserver.DevServerOutputTracker   :     631 |                     >
2026-01-29T10:39:32.942-05:00  INFO 7564 --- [dev-server-output] c.v.b.devserver.DevServerOutputTracker   :     632 |                         <Icon slot="prefix" icon="vaadin:search" style={{ color: '#76b900', fontSize: '1.2rem' }} />
2026-01-29T10:39:32.942-05:00  INFO 7564 --- [dev-server-output] c.v.b.devserver.DevServerOutputTracker   : 
2026-01-29T10:39:32.943-05:00  INFO 7564 --- [dev-server-output] c.v.b.devserver.DevServerOutputTracker   :  ERROR(TypeScript)  Type '{ onProductoCreated: () => Promise<void>; className: string; }' is not assignable to type 'IntrinsicAttributes & ProductoEntryFormProps'.
2026-01-29T10:39:32.943-05:00  INFO 7564 --- [dev-server-output] c.v.b.devserver.DevServerOutputTracker   :   Property 'className' does not exist on type 'IntrinsicAttributes & ProductoEntryFormProps'.
2026-01-29T10:39:32.943-05:00  INFO 7564 --- [dev-server-output] c.v.b.devserver.DevServerOutputTracker   :  FILE  C:/Users/LENOVO I7/Desktop/Proyecto/Proyecto_NvidiaCorp/src/main/frontend/views/producto-list.tsx:658:25
2026-01-29T10:39:32.943-05:00  INFO 7564 --- [dev-server-output] c.v.b.devserver.DevServerOutputTracker   : 
2026-01-29T10:39:32.943-05:00  INFO 7564 --- [dev-server-output] c.v.b.devserver.DevServerOutputTracker   :     656 |                     <ProductoEntryForm
2026-01-29T10:39:32.943-05:00  INFO 7564 --- [dev-server-output] c.v.b.devserver.DevServerOutputTracker   :     657 |                         onProductoCreated={cargarProductos}
2026-01-29T10:39:32.944-05:00  INFO 7564 --- [dev-server-output] c.v.b.devserver.DevServerOutputTracker   :   > 658 |                         className="producto-btn-registrar"
2026-01-29T10:39:32.944-05:00  INFO 7564 --- [dev-server-output] c.v.b.devserver.DevServerOutputTracker   :         |                         ^^^^^^^^^
2026-01-29T10:39:32.944-05:00  INFO 7564 --- [dev-server-output] c.v.b.devserver.DevServerOutputTracker   :     659 |                     />
2026-01-29T10:39:32.944-05:00  INFO 7564 --- [dev-server-output] c.v.b.devserver.DevServerOutputTracker   :     660 |                 </div>
2026-01-29T10:39:32.944-05:00  INFO 7564 --- [dev-server-output] c.v.b.devserver.DevServerOutputTracker   :     661 |
2026-01-29T10:39:32.944-05:00  INFO 7564 --- [dev-server-output] c.v.b.devserver.DevServerOutputTracker   : 
2026-01-29T10:39:32.945-05:00  INFO 7564 --- [dev-server-output] c.v.b.devserver.DevServerOutputTracker   : [TypeScript] Found 30 errors. Watching for file changes.
2026-01-29T10:41:46.572-05:00  INFO 7564 --- [dev-server-output] c.v.b.devserver.DevServerOutputTracker   : 10:41:46 a. m. [vite] (client) hmr update /views/Pago-form.tsx
2026-01-29T10:41:47.208-05:00  INFO 7564 --- [dev-server-output] c.v.b.devserver.DevServerOutputTracker   : 
2026-01-29T10:41:47.209-05:00  INFO 7564 --- [dev-server-output] c.v.b.devserver.DevServerOutputTracker   :  ERROR(TypeScript)  Property 'user' does not exist on type 'AuthContextType'.
2026-01-29T10:41:47.209-05:00  INFO 7564 --- [dev-server-output] c.v.b.devserver.DevServerOutputTracker   :  FILE  C:/Users/LENOVO I7/Desktop/Proyecto/Proyecto_NvidiaCorp/src/main/frontend/components/Navbar.tsx:12:11
2026-01-29T10:41:47.209-05:00  INFO 7564 --- [dev-server-output] c.v.b.devserver.DevServerOutputTracker   : 
2026-01-29T10:41:47.209-05:00  INFO 7564 --- [dev-server-output] c.v.b.devserver.DevServerOutputTracker   :     10 |   const navigate = useNavigate();
2026-01-29T10:41:47.210-05:00  INFO 7564 --- [dev-server-output] c.v.b.devserver.DevServerOutputTracker   :     11 |   const location = useLocation(); // <-- Obtiene el objeto location
2026-01-29T10:41:47.210-05:00  INFO 7564 --- [dev-server-output] c.v.b.devserver.DevServerOutputTracker   :   > 12 |   const { user } = useAuth();
2026-01-29T10:41:47.210-05:00  INFO 7564 --- [dev-server-output] c.v.b.devserver.DevServerOutputTracker   :        |           ^^^^
2026-01-29T10:41:47.210-05:00  INFO 7564 --- [dev-server-output] c.v.b.devserver.DevServerOutputTracker   :     13 |
2026-01-29T10:41:47.210-05:00  INFO 7564 --- [dev-server-output] c.v.b.devserver.DevServerOutputTracker   :     14 |   console.log("Usuario autenticado:", user); // <-- Agrega esto
2026-01-29T10:41:47.211-05:00  INFO 7564 --- [dev-server-output] c.v.b.devserver.DevServerOutputTracker   :     15 |
2026-01-29T10:41:47.211-05:00  INFO 7564 --- [dev-server-output] c.v.b.devserver.DevServerOutputTracker   : 
2026-01-29T10:41:47.211-05:00  INFO 7564 --- [dev-server-output] c.v.b.devserver.DevServerOutputTracker   :  ERROR(TypeScript)  Type 'Marca | undefined' is not assignable to type 'Marca'.
2026-01-29T10:41:47.212-05:00  INFO 7564 --- [dev-server-output] c.v.b.devserver.DevServerOutputTracker   :   Type 'undefined' is not assignable to type 'Marca'.
2026-01-29T10:41:47.212-05:00  INFO 7564 --- [dev-server-output] c.v.b.devserver.DevServerOutputTracker   :  FILE  C:/Users/LENOVO I7/Desktop/Proyecto/Proyecto_NvidiaCorp/src/main/frontend/views/_producto-admin.tsx:47:68
2026-01-29T10:41:47.213-05:00  INFO 7564 --- [dev-server-output] c.v.b.devserver.DevServerOutputTracker   : 
2026-01-29T10:41:47.213-05:00  INFO 7564 --- [dev-server-output] c.v.b.devserver.DevServerOutputTracker   :     45 |         // Carga de marcas
2026-01-29T10:41:47.213-05:00  INFO 7564 --- [dev-server-output] c.v.b.devserver.DevServerOutputTracker   :     46 |         MarcaService.listAllMarcas().then(result => {
2026-01-29T10:41:47.213-05:00  INFO 7564 --- [dev-server-output] c.v.b.devserver.DevServerOutputTracker   :   > 47 |              setMarcas([{ id: 0, nombre: 'Seleccione una marca' }, ...(result || [])]);
2026-01-29T10:41:47.213-05:00  INFO 7564 --- [dev-server-output] c.v.b.devserver.DevServerOutputTracker   :        |                                                                    ^^^^^^^^^^^^^^^^^
2026-01-29T10:41:47.214-05:00  INFO 7564 --- [dev-server-output] c.v.b.devserver.DevServerOutputTracker   :     48 |         }).catch(console.error);
2026-01-29T10:41:47.214-05:00  INFO 7564 --- [dev-server-output] c.v.b.devserver.DevServerOutputTracker   :     49 |     }, []);
2026-01-29T10:41:47.214-05:00  INFO 7564 --- [dev-server-output] c.v.b.devserver.DevServerOutputTracker   :     50 |
2026-01-29T10:41:47.214-05:00  INFO 7564 --- [dev-server-output] c.v.b.devserver.DevServerOutputTracker   : 
2026-01-29T10:41:47.214-05:00  INFO 7564 --- [dev-server-output] c.v.b.devserver.DevServerOutputTracker   :  ERROR(TypeScript)  Type 'number' is not assignable to type 'string'.
2026-01-29T10:41:47.214-05:00  INFO 7564 --- [dev-server-output] c.v.b.devserver.DevServerOutputTracker   :  FILE  C:/Users/LENOVO I7/Desktop/Proyecto/Proyecto_NvidiaCorp/src/main/frontend/views/_producto-admin.tsx:98:25
2026-01-29T10:41:47.214-05:00  INFO 7564 --- [dev-server-output] c.v.b.devserver.DevServerOutputTracker   : 
2026-01-29T10:41:47.214-05:00  INFO 7564 --- [dev-server-output] c.v.b.devserver.DevServerOutputTracker   :      96 |                         itemLabelPath="nombre"
2026-01-29T10:41:47.214-05:00  INFO 7564 --- [dev-server-output] c.v.b.devserver.DevServerOutputTracker   :      97 |                         itemValuePath="id"
2026-01-29T10:41:47.214-05:00  INFO 7564 --- [dev-server-output] c.v.b.devserver.DevServerOutputTracker   :   >  98 |                         value={marca.value}
2026-01-29T10:41:47.215-05:00  INFO 7564 --- [dev-server-output] c.v.b.devserver.DevServerOutputTracker   :         |                         ^^^^^
2026-01-29T10:41:47.215-05:00  INFO 7564 --- [dev-server-output] c.v.b.devserver.DevServerOutputTracker   :      99 |                         onValueChanged={e => marca.value = e.detail.value}
2026-01-29T10:41:47.215-05:00  INFO 7564 --- [dev-server-output] c.v.b.devserver.DevServerOutputTracker   :     100 |                     />
2026-01-29T10:41:47.215-05:00  INFO 7564 --- [dev-server-output] c.v.b.devserver.DevServerOutputTracker   :     101 |                     
2026-01-29T10:41:47.215-05:00  INFO 7564 --- [dev-server-output] c.v.b.devserver.DevServerOutputTracker   : 
2026-01-29T10:41:47.215-05:00  INFO 7564 --- [dev-server-output] c.v.b.devserver.DevServerOutputTracker   :  ERROR(TypeScript)  Type 'string' is not assignable to type 'number'.
2026-01-29T10:41:47.215-05:00  INFO 7564 --- [dev-server-output] c.v.b.devserver.DevServerOutputTracker   :  FILE  C:/Users/LENOVO I7/Desktop/Proyecto/Proyecto_NvidiaCorp/src/main/frontend/views/_producto-admin.tsx:99:46
2026-01-29T10:41:47.215-05:00  INFO 7564 --- [dev-server-output] c.v.b.devserver.DevServerOutputTracker   : 
2026-01-29T10:41:47.215-05:00  INFO 7564 --- [dev-server-output] c.v.b.devserver.DevServerOutputTracker   :      97 |                         itemValuePath="id"
2026-01-29T10:41:47.215-05:00  INFO 7564 --- [dev-server-output] c.v.b.devserver.DevServerOutputTracker   :      98 |                         value={marca.value}
2026-01-29T10:41:47.216-05:00  INFO 7564 --- [dev-server-output] c.v.b.devserver.DevServerOutputTracker   :   >  99 |                         onValueChanged={e => marca.value = e.detail.value}
2026-01-29T10:41:47.216-05:00  INFO 7564 --- [dev-server-output] c.v.b.devserver.DevServerOutputTracker   :         |                                              ^^^^^^^^^^^
2026-01-29T10:41:47.216-05:00  INFO 7564 --- [dev-server-output] c.v.b.devserver.DevServerOutputTracker   :     100 |                     />
2026-01-29T10:41:47.216-05:00  INFO 7564 --- [dev-server-output] c.v.b.devserver.DevServerOutputTracker   :     101 |                     
2026-01-29T10:41:47.217-05:00  INFO 7564 --- [dev-server-output] c.v.b.devserver.DevServerOutputTracker   :     102 |                     <TextField label="Precio" value={precio.value.toString()} onValueChanged={e => precio.value = parseFloat(e.detail.value) || 0} />
2026-01-29T10:41:47.217-05:00  INFO 7564 --- [dev-server-output] c.v.b.devserver.DevServerOutputTracker   : 
2026-01-29T10:41:47.217-05:00  INFO 7564 --- [dev-server-output] c.v.b.devserver.DevServerOutputTracker   :  ERROR(TypeScript)  Type 'Marca | undefined' is not assignable to type 'Marca'.
2026-01-29T10:41:47.217-05:00  INFO 7564 --- [dev-server-output] c.v.b.devserver.DevServerOutputTracker   :   Type 'undefined' is not assignable to type 'Marca'.
2026-01-29T10:41:47.217-05:00  INFO 7564 --- [dev-server-output] c.v.b.devserver.DevServerOutputTracker   :  FILE  C:/Users/LENOVO I7/Desktop/Proyecto/Proyecto_NvidiaCorp/src/main/frontend/views/_producto-admin.tsx:152:58
2026-01-29T10:41:47.217-05:00  INFO 7564 --- [dev-server-output] c.v.b.devserver.DevServerOutputTracker   : 
2026-01-29T10:41:47.217-05:00  INFO 7564 --- [dev-server-output] c.v.b.devserver.DevServerOutputTracker   :     150 |     useEffect(() => {
2026-01-29T10:41:47.217-05:00  INFO 7564 --- [dev-server-output] c.v.b.devserver.DevServerOutputTracker   :     151 |         MarcaService.listAllMarcas().then(result => {
2026-01-29T10:41:47.218-05:00  INFO 7564 --- [dev-server-output] c.v.b.devserver.DevServerOutputTracker   :   > 152 |              setMarcas([{ id: 0, nombre: 'Seleccione' }, ...(result || [])]);
2026-01-29T10:41:47.218-05:00  INFO 7564 --- [dev-server-output] c.v.b.devserver.DevServerOutputTracker   :         |                                                          ^^^^^^^^^^^^^^^^^
2026-01-29T10:41:47.218-05:00  INFO 7564 --- [dev-server-output] c.v.b.devserver.DevServerOutputTracker   :     153 |         });
2026-01-29T10:41:47.219-05:00  INFO 7564 --- [dev-server-output] c.v.b.devserver.DevServerOutputTracker   :     154 |     }, []);
2026-01-29T10:41:47.219-05:00  INFO 7564 --- [dev-server-output] c.v.b.devserver.DevServerOutputTracker   :     155 |
2026-01-29T10:41:47.219-05:00  INFO 7564 --- [dev-server-output] c.v.b.devserver.DevServerOutputTracker   : 
2026-01-29T10:41:47.219-05:00  INFO 7564 --- [dev-server-output] c.v.b.devserver.DevServerOutputTracker   :  ERROR(TypeScript)  Parameter 'total' implicitly has an 'any' type.
2026-01-29T10:41:47.219-05:00  INFO 7564 --- [dev-server-output] c.v.b.devserver.DevServerOutputTracker   :  FILE  C:/Users/LENOVO I7/Desktop/Proyecto/Proyecto_NvidiaCorp/src/main/frontend/views/carrito-list.tsx:24:28
2026-01-29T10:41:47.219-05:00  INFO 7564 --- [dev-server-output] c.v.b.devserver.DevServerOutputTracker   : 
2026-01-29T10:41:47.219-05:00  INFO 7564 --- [dev-server-output] c.v.b.devserver.DevServerOutputTracker   :     22 |   // Cálculos del carrito
2026-01-29T10:41:47.220-05:00  INFO 7564 --- [dev-server-output] c.v.b.devserver.DevServerOutputTracker   :     23 |   const calcularSubtotal = () => {
2026-01-29T10:41:47.220-05:00  INFO 7564 --- [dev-server-output] c.v.b.devserver.DevServerOutputTracker   :   > 24 |     return carrito.reduce((total, item) => {
2026-01-29T10:41:47.220-05:00  INFO 7564 --- [dev-server-output] c.v.b.devserver.DevServerOutputTracker   :        |                            ^^^^^
2026-01-29T10:41:47.220-05:00  INFO 7564 --- [dev-server-output] c.v.b.devserver.DevServerOutputTracker   :     25 |       const cantidad = cantidades[item.id] || 1;
2026-01-29T10:41:47.220-05:00  INFO 7564 --- [dev-server-output] c.v.b.devserver.DevServerOutputTracker   :     26 |       return total + (item.precio * cantidad);
2026-01-29T10:41:47.220-05:00  INFO 7564 --- [dev-server-output] c.v.b.devserver.DevServerOutputTracker   :     27 |     }, 0);
2026-01-29T10:41:47.220-05:00  INFO 7564 --- [dev-server-output] c.v.b.devserver.DevServerOutputTracker   : 
2026-01-29T10:41:47.220-05:00  INFO 7564 --- [dev-server-output] c.v.b.devserver.DevServerOutputTracker   :  ERROR(TypeScript)  Parameter 'item' implicitly has an 'any' type.
2026-01-29T10:41:47.221-05:00  INFO 7564 --- [dev-server-output] c.v.b.devserver.DevServerOutputTracker   :  FILE  C:/Users/LENOVO I7/Desktop/Proyecto/Proyecto_NvidiaCorp/src/main/frontend/views/carrito-list.tsx:24:35
2026-01-29T10:41:47.221-05:00  INFO 7564 --- [dev-server-output] c.v.b.devserver.DevServerOutputTracker   : 
2026-01-29T10:41:47.221-05:00  INFO 7564 --- [dev-server-output] c.v.b.devserver.DevServerOutputTracker   :     22 |   // Cálculos del carrito
2026-01-29T10:41:47.221-05:00  INFO 7564 --- [dev-server-output] c.v.b.devserver.DevServerOutputTracker   :     23 |   const calcularSubtotal = () => {
2026-01-29T10:41:47.221-05:00  INFO 7564 --- [dev-server-output] c.v.b.devserver.DevServerOutputTracker   :   > 24 |     return carrito.reduce((total, item) => {
2026-01-29T10:41:47.221-05:00  INFO 7564 --- [dev-server-output] c.v.b.devserver.DevServerOutputTracker   :        |                                   ^^^^
2026-01-29T10:41:47.221-05:00  INFO 7564 --- [dev-server-output] c.v.b.devserver.DevServerOutputTracker   :     25 |       const cantidad = cantidades[item.id] || 1;
2026-01-29T10:41:47.221-05:00  INFO 7564 --- [dev-server-output] c.v.b.devserver.DevServerOutputTracker   :     26 |       return total + (item.precio * cantidad);
2026-01-29T10:41:47.221-05:00  INFO 7564 --- [dev-server-output] c.v.b.devserver.DevServerOutputTracker   :     27 |     }, 0);
2026-01-29T10:41:47.221-05:00  INFO 7564 --- [dev-server-output] c.v.b.devserver.DevServerOutputTracker   : 
2026-01-29T10:41:47.221-05:00  INFO 7564 --- [dev-server-output] c.v.b.devserver.DevServerOutputTracker   :  ERROR(TypeScript)  Parameter 'p' implicitly has an 'any' type.
2026-01-29T10:41:47.221-05:00  INFO 7564 --- [dev-server-output] c.v.b.devserver.DevServerOutputTracker   :  FILE  C:/Users/LENOVO I7/Desktop/Proyecto/Proyecto_NvidiaCorp/src/main/frontend/views/carrito-list.tsx:40:33
2026-01-29T10:41:47.221-05:00  INFO 7564 --- [dev-server-output] c.v.b.devserver.DevServerOutputTracker   : 
2026-01-29T10:41:47.221-05:00  INFO 7564 --- [dev-server-output] c.v.b.devserver.DevServerOutputTracker   :     38 |   const handleCantidad = (id: number, valor: number) => {
2026-01-29T10:41:47.222-05:00  INFO 7564 --- [dev-server-output] c.v.b.devserver.DevServerOutputTracker   :     39 |     setCantidades((prev) => {
2026-01-29T10:41:47.222-05:00  INFO 7564 --- [dev-server-output] c.v.b.devserver.DevServerOutputTracker   :   > 40 |       const item = carrito.find(p => p.id === id);
2026-01-29T10:41:47.222-05:00  INFO 7564 --- [dev-server-output] c.v.b.devserver.DevServerOutputTracker   :        |                                 ^
2026-01-29T10:41:47.222-05:00  INFO 7564 --- [dev-server-output] c.v.b.devserver.DevServerOutputTracker   :     41 |       const stock = item?.stock ?? 1;
2026-01-29T10:41:47.222-05:00  INFO 7564 --- [dev-server-output] c.v.b.devserver.DevServerOutputTracker   :     42 |       let nuevaCantidad = Math.max(1, (prev[id] || 1) + valor);
2026-01-29T10:41:47.223-05:00  INFO 7564 --- [dev-server-output] c.v.b.devserver.DevServerOutputTracker   :     43 |       console.log("Stock:", stock, "Cantidad actual:", prev[id], "Nueva cantidad:", nuevaCantidad);
2026-01-29T10:41:47.223-05:00  INFO 7564 --- [dev-server-output] c.v.b.devserver.DevServerOutputTracker   : 
2026-01-29T10:41:47.223-05:00  INFO 7564 --- [dev-server-output] c.v.b.devserver.DevServerOutputTracker   :  ERROR(TypeScript)  Parameter 'carritoActual' implicitly has an 'any' type.
2026-01-29T10:41:47.223-05:00  INFO 7564 --- [dev-server-output] c.v.b.devserver.DevServerOutputTracker   :  FILE  C:/Users/LENOVO I7/Desktop/Proyecto/Proyecto_NvidiaCorp/src/main/frontend/views/carrito-list.tsx:52:19
2026-01-29T10:41:47.224-05:00  INFO 7564 --- [dev-server-output] c.v.b.devserver.DevServerOutputTracker   : 
2026-01-29T10:41:47.224-05:00  INFO 7564 --- [dev-server-output] c.v.b.devserver.DevServerOutputTracker   :     50 |         nuevaCantidad = stock;
2026-01-29T10:41:47.224-05:00  INFO 7564 --- [dev-server-output] c.v.b.devserver.DevServerOutputTracker   :     51 |       }
2026-01-29T10:41:47.224-05:00  INFO 7564 --- [dev-server-output] c.v.b.devserver.DevServerOutputTracker   :   > 52 |       setCarrito((carritoActual) =>
2026-01-29T10:41:47.224-05:00  INFO 7564 --- [dev-server-output] c.v.b.devserver.DevServerOutputTracker   :        |                   ^^^^^^^^^^^^^
2026-01-29T10:41:47.225-05:00  INFO 7564 --- [dev-server-output] c.v.b.devserver.DevServerOutputTracker   :     53 |         carritoActual.map((item) =>
2026-01-29T10:41:47.225-05:00  INFO 7564 --- [dev-server-output] c.v.b.devserver.DevServerOutputTracker   :     54 |           item.id === id ? { ...item, cantidad: nuevaCantidad } : item
2026-01-29T10:41:47.225-05:00  INFO 7564 --- [dev-server-output] c.v.b.devserver.DevServerOutputTracker   :     55 |         )
2026-01-29T10:41:47.225-05:00  INFO 7564 --- [dev-server-output] c.v.b.devserver.DevServerOutputTracker   : 
2026-01-29T10:41:47.225-05:00  INFO 7564 --- [dev-server-output] c.v.b.devserver.DevServerOutputTracker   :  ERROR(TypeScript)  Parameter 'item' implicitly has an 'any' type.
2026-01-29T10:41:47.226-05:00  INFO 7564 --- [dev-server-output] c.v.b.devserver.DevServerOutputTracker   :  FILE  C:/Users/LENOVO I7/Desktop/Proyecto/Proyecto_NvidiaCorp/src/main/frontend/views/carrito-list.tsx:53:28
2026-01-29T10:41:47.226-05:00  INFO 7564 --- [dev-server-output] c.v.b.devserver.DevServerOutputTracker   : 
2026-01-29T10:41:47.226-05:00  INFO 7564 --- [dev-server-output] c.v.b.devserver.DevServerOutputTracker   :     51 |       }
2026-01-29T10:41:47.226-05:00  INFO 7564 --- [dev-server-output] c.v.b.devserver.DevServerOutputTracker   :     52 |       setCarrito((carritoActual) =>
2026-01-29T10:41:47.227-05:00  INFO 7564 --- [dev-server-output] c.v.b.devserver.DevServerOutputTracker   :   > 53 |         carritoActual.map((item) =>
2026-01-29T10:41:47.227-05:00  INFO 7564 --- [dev-server-output] c.v.b.devserver.DevServerOutputTracker   :        |                            ^^^^
2026-01-29T10:41:47.227-05:00  INFO 7564 --- [dev-server-output] c.v.b.devserver.DevServerOutputTracker   :     54 |           item.id === id ? { ...item, cantidad: nuevaCantidad } : item
2026-01-29T10:41:47.227-05:00  INFO 7564 --- [dev-server-output] c.v.b.devserver.DevServerOutputTracker   :     55 |         )
2026-01-29T10:41:47.227-05:00  INFO 7564 --- [dev-server-output] c.v.b.devserver.DevServerOutputTracker   :     56 |       );
2026-01-29T10:41:47.228-05:00  INFO 7564 --- [dev-server-output] c.v.b.devserver.DevServerOutputTracker   : 
2026-01-29T10:41:47.228-05:00  INFO 7564 --- [dev-server-output] c.v.b.devserver.DevServerOutputTracker   :  ERROR(TypeScript)  Not all code paths return a value.
2026-01-29T10:41:47.228-05:00  INFO 7564 --- [dev-server-output] c.v.b.devserver.DevServerOutputTracker   :  FILE  C:/Users/LENOVO I7/Desktop/Proyecto/Proyecto_NvidiaCorp/src/main/frontend/views/carrito-list.tsx:112:13
2026-01-29T10:41:47.228-05:00  INFO 7564 --- [dev-server-output] c.v.b.devserver.DevServerOutputTracker   : 
2026-01-29T10:41:47.229-05:00  INFO 7564 --- [dev-server-output] c.v.b.devserver.DevServerOutputTracker   :     110 |   };
2026-01-29T10:41:47.229-05:00  INFO 7564 --- [dev-server-output] c.v.b.devserver.DevServerOutputTracker   :     111 |
2026-01-29T10:41:47.229-05:00  INFO 7564 --- [dev-server-output] c.v.b.devserver.DevServerOutputTracker   :   > 112 |   useEffect(() => {
2026-01-29T10:41:47.229-05:00  INFO 7564 --- [dev-server-output] c.v.b.devserver.DevServerOutputTracker   :         |             ^^^^^^^
2026-01-29T10:41:47.229-05:00  INFO 7564 --- [dev-server-output] c.v.b.devserver.DevServerOutputTracker   :     113 |     if (checkoutId && showPagoModal) {
2026-01-29T10:41:47.229-05:00  INFO 7564 --- [dev-server-output] c.v.b.devserver.DevServerOutputTracker   :     114 |       const script = document.createElement('script');
2026-01-29T10:41:47.230-05:00  INFO 7564 --- [dev-server-output] c.v.b.devserver.DevServerOutputTracker   :     115 |       script.src = `https://eu-test.oppwa.com/v1/paymentWidgets.js?checkoutId=${checkoutId}`;
2026-01-29T10:41:47.230-05:00  INFO 7564 --- [dev-server-output] c.v.b.devserver.DevServerOutputTracker   : 
2026-01-29T10:41:47.230-05:00  INFO 7564 --- [dev-server-output] c.v.b.devserver.DevServerOutputTracker   :  ERROR(TypeScript)  Parameter 'item' implicitly has an 'any' type.
2026-01-29T10:41:47.230-05:00  INFO 7564 --- [dev-server-output] c.v.b.devserver.DevServerOutputTracker   :  FILE  C:/Users/LENOVO I7/Desktop/Proyecto/Proyecto_NvidiaCorp/src/main/frontend/views/carrito-list.tsx:172:31
2026-01-29T10:41:47.230-05:00  INFO 7564 --- [dev-server-output] c.v.b.devserver.DevServerOutputTracker   : 
2026-01-29T10:41:47.230-05:00  INFO 7564 --- [dev-server-output] c.v.b.devserver.DevServerOutputTracker   :     170 |             <div className="carrito-productos">
2026-01-29T10:41:47.230-05:00  INFO 7564 --- [dev-server-output] c.v.b.devserver.DevServerOutputTracker   :     171 |               <div className="producto-grid">
2026-01-29T10:41:47.231-05:00  INFO 7564 --- [dev-server-output] c.v.b.devserver.DevServerOutputTracker   :   > 172 |                 {carrito.map((item) => (
2026-01-29T10:41:47.231-05:00  INFO 7564 --- [dev-server-output] c.v.b.devserver.DevServerOutputTracker   :         |                               ^^^^
2026-01-29T10:41:47.231-05:00  INFO 7564 --- [dev-server-output] c.v.b.devserver.DevServerOutputTracker   :     173 |                   <div key={item.id} className="producto-card">
2026-01-29T10:41:47.231-05:00  INFO 7564 --- [dev-server-output] c.v.b.devserver.DevServerOutputTracker   :     174 |                     <ProductoCard
2026-01-29T10:41:47.231-05:00  INFO 7564 --- [dev-server-output] c.v.b.devserver.DevServerOutputTracker   :     175 |                       item={item}
2026-01-29T10:41:47.231-05:00  INFO 7564 --- [dev-server-output] c.v.b.devserver.DevServerOutputTracker   : 
2026-01-29T10:41:47.232-05:00  INFO 7564 --- [dev-server-output] c.v.b.devserver.DevServerOutputTracker   :  ERROR(TypeScript)  Parameter 'item' implicitly has an 'any' type.
2026-01-29T10:41:47.232-05:00  INFO 7564 --- [dev-server-output] c.v.b.devserver.DevServerOutputTracker   :  FILE  C:/Users/LENOVO I7/Desktop/Proyecto/Proyecto_NvidiaCorp/src/main/frontend/views/carrito-list.tsx:203:34
2026-01-29T10:41:47.232-05:00  INFO 7564 --- [dev-server-output] c.v.b.devserver.DevServerOutputTracker   : 
2026-01-29T10:41:47.232-05:00  INFO 7564 --- [dev-server-output] c.v.b.devserver.DevServerOutputTracker   :     201 |                   <h3 className="carrito-mini-factura-titulo">Productos</h3>
2026-01-29T10:41:47.232-05:00  INFO 7564 --- [dev-server-output] c.v.b.devserver.DevServerOutputTracker   :     202 |                   <ul className="carrito-mini-factura-lista">
2026-01-29T10:41:47.232-05:00  INFO 7564 --- [dev-server-output] c.v.b.devserver.DevServerOutputTracker   :   > 203 |                     {carrito.map(item => (
2026-01-29T10:41:47.233-05:00  INFO 7564 --- [dev-server-output] c.v.b.devserver.DevServerOutputTracker   :         |                                  ^^^^
2026-01-29T10:41:47.233-05:00  INFO 7564 --- [dev-server-output] c.v.b.devserver.DevServerOutputTracker   :     204 |                       <li key={item.id} className="carrito-mini-factura-item">
2026-01-29T10:41:47.233-05:00  INFO 7564 --- [dev-server-output] c.v.b.devserver.DevServerOutputTracker   :     205 |                         <span className="carrito-mini-factura-nombre">{item.nombre}</span>
2026-01-29T10:41:47.233-05:00  INFO 7564 --- [dev-server-output] c.v.b.devserver.DevServerOutputTracker   :     206 |                         <span className="carrito-mini-factura-cantidad">{cantidades[item.id] || 1}</span>
2026-01-29T10:41:47.233-05:00  INFO 7564 --- [dev-server-output] c.v.b.devserver.DevServerOutputTracker   : 
2026-01-29T10:41:47.233-05:00  INFO 7564 --- [dev-server-output] c.v.b.devserver.DevServerOutputTracker   :  ERROR(TypeScript)  Parameter 'acc' implicitly has an 'any' type.
2026-01-29T10:41:47.234-05:00  INFO 7564 --- [dev-server-output] c.v.b.devserver.DevServerOutputTracker   :  FILE  C:/Users/LENOVO I7/Desktop/Proyecto/Proyecto_NvidiaCorp/src/main/frontend/views/Pago-form.tsx:34:12
2026-01-29T10:41:47.234-05:00  INFO 7564 --- [dev-server-output] c.v.b.devserver.DevServerOutputTracker   : 
2026-01-29T10:41:47.234-05:00  INFO 7564 --- [dev-server-output] c.v.b.devserver.DevServerOutputTracker   :     32 |         // 2?? Calcular totales
2026-01-29T10:41:47.234-05:00  INFO 7564 --- [dev-server-output] c.v.b.devserver.DevServerOutputTracker   :     33 |         const subtotal = carrito.reduce(
2026-01-29T10:41:47.234-05:00  INFO 7564 --- [dev-server-output] c.v.b.devserver.DevServerOutputTracker   :   > 34 |           (acc, item) => acc + (item.precio * (item.cantidad || 1)),
2026-01-29T10:41:47.235-05:00  INFO 7564 --- [dev-server-output] c.v.b.devserver.DevServerOutputTracker   :        |            ^^^
2026-01-29T10:41:47.235-05:00  INFO 7564 --- [dev-server-output] c.v.b.devserver.DevServerOutputTracker   :     35 |           0
2026-01-29T10:41:47.235-05:00  INFO 7564 --- [dev-server-output] c.v.b.devserver.DevServerOutputTracker   :     36 |         );
2026-01-29T10:41:47.235-05:00  INFO 7564 --- [dev-server-output] c.v.b.devserver.DevServerOutputTracker   :     37 |         const iva = subtotal * 0.15;
2026-01-29T10:41:47.236-05:00  INFO 7564 --- [dev-server-output] c.v.b.devserver.DevServerOutputTracker   : 
2026-01-29T10:41:47.236-05:00  INFO 7564 --- [dev-server-output] c.v.b.devserver.DevServerOutputTracker   :  ERROR(TypeScript)  Parameter 'item' implicitly has an 'any' type.
2026-01-29T10:41:47.236-05:00  INFO 7564 --- [dev-server-output] c.v.b.devserver.DevServerOutputTracker   :  FILE  C:/Users/LENOVO I7/Desktop/Proyecto/Proyecto_NvidiaCorp/src/main/frontend/views/Pago-form.tsx:34:17
2026-01-29T10:41:47.236-05:00  INFO 7564 --- [dev-server-output] c.v.b.devserver.DevServerOutputTracker   : 
2026-01-29T10:41:47.237-05:00  INFO 7564 --- [dev-server-output] c.v.b.devserver.DevServerOutputTracker   :     32 |         // 2?? Calcular totales
2026-01-29T10:41:47.237-05:00  INFO 7564 --- [dev-server-output] c.v.b.devserver.DevServerOutputTracker   :     33 |         const subtotal = carrito.reduce(
2026-01-29T10:41:47.237-05:00  INFO 7564 --- [dev-server-output] c.v.b.devserver.DevServerOutputTracker   :   > 34 |           (acc, item) => acc + (item.precio * (item.cantidad || 1)),
2026-01-29T10:41:47.237-05:00  INFO 7564 --- [dev-server-output] c.v.b.devserver.DevServerOutputTracker   :        |                 ^^^^
2026-01-29T10:41:47.237-05:00  INFO 7564 --- [dev-server-output] c.v.b.devserver.DevServerOutputTracker   :     35 |           0
2026-01-29T10:41:47.237-05:00  INFO 7564 --- [dev-server-output] c.v.b.devserver.DevServerOutputTracker   :     36 |         );
2026-01-29T10:41:47.238-05:00  INFO 7564 --- [dev-server-output] c.v.b.devserver.DevServerOutputTracker   :     37 |         const iva = subtotal * 0.15;
2026-01-29T10:41:47.238-05:00  INFO 7564 --- [dev-server-output] c.v.b.devserver.DevServerOutputTracker   : 
2026-01-29T10:41:47.238-05:00  INFO 7564 --- [dev-server-output] c.v.b.devserver.DevServerOutputTracker   :  ERROR(TypeScript)  Expected 7-8 arguments, but got 1.
2026-01-29T10:41:47.238-05:00  INFO 7564 --- [dev-server-output] c.v.b.devserver.DevServerOutputTracker   :  FILE  C:/Users/LENOVO I7/Desktop/Proyecto/Proyecto_NvidiaCorp/src/main/frontend/views/Pago-form.tsx:41:31
2026-01-29T10:41:47.238-05:00  INFO 7564 --- [dev-server-output] c.v.b.devserver.DevServerOutputTracker   : 
2026-01-29T10:41:47.238-05:00  INFO 7564 --- [dev-server-output] c.v.b.devserver.DevServerOutputTracker   :     39 |
2026-01-29T10:41:47.238-05:00  INFO 7564 --- [dev-server-output] c.v.b.devserver.DevServerOutputTracker   :     40 |         // 3?? ? GUARDAR FACTURA EN LA BASE DE DATOS
2026-01-29T10:41:47.238-05:00  INFO 7564 --- [dev-server-output] c.v.b.devserver.DevServerOutputTracker   :   > 41 |         await FacturaServices.createFactura({
2026-01-29T10:41:47.238-05:00  INFO 7564 --- [dev-server-output] c.v.b.devserver.DevServerOutputTracker   :        |                               ^^^^^^^^^^^^^
2026-01-29T10:41:47.239-05:00  INFO 7564 --- [dev-server-output] c.v.b.devserver.DevServerOutputTracker   :     42 |           subtotal,
2026-01-29T10:41:47.239-05:00  INFO 7564 --- [dev-server-output] c.v.b.devserver.DevServerOutputTracker   :     43 |           iva,
2026-01-29T10:41:47.239-05:00  INFO 7564 --- [dev-server-output] c.v.b.devserver.DevServerOutputTracker   :     44 |           total,
2026-01-29T10:41:47.239-05:00  INFO 7564 --- [dev-server-output] c.v.b.devserver.DevServerOutputTracker   : 
2026-01-29T10:41:47.239-05:00  INFO 7564 --- [dev-server-output] c.v.b.devserver.DevServerOutputTracker   :  ERROR(TypeScript)  Parameter 'item' implicitly has an 'any' type.
2026-01-29T10:41:47.239-05:00  INFO 7564 --- [dev-server-output] c.v.b.devserver.DevServerOutputTracker   :  FILE  C:/Users/LENOVO I7/Desktop/Proyecto/Proyecto_NvidiaCorp/src/main/frontend/views/Pago-form.tsx:46:33
2026-01-29T10:41:47.239-05:00  INFO 7564 --- [dev-server-output] c.v.b.devserver.DevServerOutputTracker   : 
2026-01-29T10:41:47.240-05:00  INFO 7564 --- [dev-server-output] c.v.b.devserver.DevServerOutputTracker   :     44 |           total,
2026-01-29T10:41:47.240-05:00  INFO 7564 --- [dev-server-output] c.v.b.devserver.DevServerOutputTracker   :     45 |           metodoPago: "TARJETA",
2026-01-29T10:41:47.240-05:00  INFO 7564 --- [dev-server-output] c.v.b.devserver.DevServerOutputTracker   :   > 46 |           detalles: carrito.map(item => ({
2026-01-29T10:41:47.240-05:00  INFO 7564 --- [dev-server-output] c.v.b.devserver.DevServerOutputTracker   :        |                                 ^^^^
2026-01-29T10:41:47.240-05:00  INFO 7564 --- [dev-server-output] c.v.b.devserver.DevServerOutputTracker   :     47 |             productoId: item.id,
2026-01-29T10:41:47.241-05:00  INFO 7564 --- [dev-server-output] c.v.b.devserver.DevServerOutputTracker   :     48 |             cantidad: item.cantidad || 1,
2026-01-29T10:41:47.241-05:00  INFO 7564 --- [dev-server-output] c.v.b.devserver.DevServerOutputTracker   :     49 |             precioUnitario: item.precio
2026-01-29T10:41:47.241-05:00  INFO 7564 --- [dev-server-output] c.v.b.devserver.DevServerOutputTracker   : 
2026-01-29T10:41:47.241-05:00  INFO 7564 --- [dev-server-output] c.v.b.devserver.DevServerOutputTracker   :  ERROR(TypeScript)  Type 'Element' is not assignable to type 'string'.
2026-01-29T10:41:47.241-05:00  INFO 7564 --- [dev-server-output] c.v.b.devserver.DevServerOutputTracker   :  FILE  C:/Users/LENOVO I7/Desktop/Proyecto/Proyecto_NvidiaCorp/src/main/frontend/views/Pago_list.tsx:86:20
2026-01-29T10:41:47.241-05:00  INFO 7564 --- [dev-server-output] c.v.b.devserver.DevServerOutputTracker   : 
2026-01-29T10:41:47.241-05:00  INFO 7564 --- [dev-server-output] c.v.b.devserver.DevServerOutputTracker   :     84 |   return (
2026-01-29T10:41:47.241-05:00  INFO 7564 --- [dev-server-output] c.v.b.devserver.DevServerOutputTracker   :     85 |     <main className="pago-main">
2026-01-29T10:41:47.241-05:00  INFO 7564 --- [dev-server-output] c.v.b.devserver.DevServerOutputTracker   :   > 86 |       <ViewToolbar title={<span className="pago-title">Lista de Pagos</span>}>
2026-01-29T10:41:47.242-05:00  INFO 7564 --- [dev-server-output] c.v.b.devserver.DevServerOutputTracker   :        |                    ^^^^^
2026-01-29T10:41:47.242-05:00  INFO 7564 --- [dev-server-output] c.v.b.devserver.DevServerOutputTracker   :     87 |         <Group>
2026-01-29T10:41:47.242-05:00  INFO 7564 --- [dev-server-output] c.v.b.devserver.DevServerOutputTracker   :     88 |           {/* Aquí puedes agregar filtros o botones si lo necesitas */}
2026-01-29T10:41:47.242-05:00  INFO 7564 --- [dev-server-output] c.v.b.devserver.DevServerOutputTracker   :     89 |         </Group>
2026-01-29T10:41:47.242-05:00  INFO 7564 --- [dev-server-output] c.v.b.devserver.DevServerOutputTracker   : 
2026-01-29T10:41:47.242-05:00  INFO 7564 --- [dev-server-output] c.v.b.devserver.DevServerOutputTracker   :  ERROR(TypeScript)  Type 'Promise<(Persona | undefined)[] | undefined>' is not assignable to type 'Promise<Persona[]>'.
2026-01-29T10:41:47.242-05:00  INFO 7564 --- [dev-server-output] c.v.b.devserver.DevServerOutputTracker   :   Type '(Persona | undefined)[] | undefined' is not assignable to type 'Persona[]'.
2026-01-29T10:41:47.242-05:00  INFO 7564 --- [dev-server-output] c.v.b.devserver.DevServerOutputTracker   :     Type 'undefined' is not assignable to type 'Persona[]'.
2026-01-29T10:41:47.242-05:00  INFO 7564 --- [dev-server-output] c.v.b.devserver.DevServerOutputTracker   :  FILE  C:/Users/LENOVO I7/Desktop/Proyecto/Proyecto_NvidiaCorp/src/main/frontend/views/persona-list.tsx:172:27
2026-01-29T10:41:47.242-05:00  INFO 7564 --- [dev-server-output] c.v.b.devserver.DevServerOutputTracker   : 
2026-01-29T10:41:47.243-05:00  INFO 7564 --- [dev-server-output] c.v.b.devserver.DevServerOutputTracker   :     170 | export default function PersonaListView() {
2026-01-29T10:41:47.243-05:00  INFO 7564 --- [dev-server-output] c.v.b.devserver.DevServerOutputTracker   :     171 |     const dataProvider = useDataProvider<Persona>({
2026-01-29T10:41:47.243-05:00  INFO 7564 --- [dev-server-output] c.v.b.devserver.DevServerOutputTracker   :   > 172 |         list: (params) => PersonaServices.listAllPersona(),
2026-01-29T10:41:47.243-05:00  INFO 7564 --- [dev-server-output] c.v.b.devserver.DevServerOutputTracker   :         |                           ^^^^^^^^^^^^^^^^^^^^^^^^^^^^^^^^
2026-01-29T10:41:47.243-05:00  INFO 7564 --- [dev-server-output] c.v.b.devserver.DevServerOutputTracker   :     173 |     });
2026-01-29T10:41:47.243-05:00  INFO 7564 --- [dev-server-output] c.v.b.devserver.DevServerOutputTracker   :     174 |
2026-01-29T10:41:47.244-05:00  INFO 7564 --- [dev-server-output] c.v.b.devserver.DevServerOutputTracker   :     175 |     return (
2026-01-29T10:41:47.244-05:00  INFO 7564 --- [dev-server-output] c.v.b.devserver.DevServerOutputTracker   : 
2026-01-29T10:41:47.244-05:00  INFO 7564 --- [dev-server-output] c.v.b.devserver.DevServerOutputTracker   :  ERROR(TypeScript)  Not all code paths return a value.
2026-01-29T10:41:47.244-05:00  INFO 7564 --- [dev-server-output] c.v.b.devserver.DevServerOutputTracker   :  FILE  C:/Users/LENOVO I7/Desktop/Proyecto/Proyecto_NvidiaCorp/src/main/frontend/views/producto-list.tsx:28:15
2026-01-29T10:41:47.244-05:00  INFO 7564 --- [dev-server-output] c.v.b.devserver.DevServerOutputTracker   : 
2026-01-29T10:41:47.244-05:00  INFO 7564 --- [dev-server-output] c.v.b.devserver.DevServerOutputTracker   :     26 |     const navigate = useNavigate();
2026-01-29T10:41:47.244-05:00  INFO 7564 --- [dev-server-output] c.v.b.devserver.DevServerOutputTracker   :     27 |
2026-01-29T10:41:47.245-05:00  INFO 7564 --- [dev-server-output] c.v.b.devserver.DevServerOutputTracker   :   > 28 |     useEffect(() => {
2026-01-29T10:41:47.245-05:00  INFO 7564 --- [dev-server-output] c.v.b.devserver.DevServerOutputTracker   :        |               ^^^^^^^
2026-01-29T10:41:47.245-05:00  INFO 7564 --- [dev-server-output] c.v.b.devserver.DevServerOutputTracker   :     29 |         if (isVisible && producto) {
2026-01-29T10:41:47.245-05:00  INFO 7564 --- [dev-server-output] c.v.b.devserver.DevServerOutputTracker   :     30 |             const timer = setTimeout(() => {
2026-01-29T10:41:47.245-05:00  INFO 7564 --- [dev-server-output] c.v.b.devserver.DevServerOutputTracker   :     31 |                 onClose();
2026-01-29T10:41:47.245-05:00  INFO 7564 --- [dev-server-output] c.v.b.devserver.DevServerOutputTracker   : 
2026-01-29T10:41:47.245-05:00  INFO 7564 --- [dev-server-output] c.v.b.devserver.DevServerOutputTracker   :  ERROR(TypeScript)  'respuesta' is possibly 'undefined'.
2026-01-29T10:41:47.245-05:00  INFO 7564 --- [dev-server-output] c.v.b.devserver.DevServerOutputTracker   :  FILE  C:/Users/LENOVO I7/Desktop/Proyecto/Proyecto_NvidiaCorp/src/main/frontend/views/producto-list.tsx:218:17
2026-01-29T10:41:47.246-05:00  INFO 7564 --- [dev-server-output] c.v.b.devserver.DevServerOutputTracker   : 
2026-01-29T10:41:47.246-05:00  INFO 7564 --- [dev-server-output] c.v.b.devserver.DevServerOutputTracker   :     216 |
2026-01-29T10:41:47.246-05:00  INFO 7564 --- [dev-server-output] c.v.b.devserver.DevServerOutputTracker   :     217 |             // --- Lógica de Añadir al Carrito ---
2026-01-29T10:41:47.246-05:00  INFO 7564 --- [dev-server-output] c.v.b.devserver.DevServerOutputTracker   :   > 218 |             if (respuesta.includes("[ADD_TO_CART:")) {
2026-01-29T10:41:47.246-05:00  INFO 7564 --- [dev-server-output] c.v.b.devserver.DevServerOutputTracker   :         |                 ^^^^^^^^^
2026-01-29T10:41:47.246-05:00  INFO 7564 --- [dev-server-output] c.v.b.devserver.DevServerOutputTracker   :     219 |                 const match = respuesta.match(/\[ADD_TO_CART:(\d+)\]/);
2026-01-29T10:41:47.246-05:00  INFO 7564 --- [dev-server-output] c.v.b.devserver.DevServerOutputTracker   :     220 |                 if (match) {
2026-01-29T10:41:47.247-05:00  INFO 7564 --- [dev-server-output] c.v.b.devserver.DevServerOutputTracker   :     221 |                     const id = parseInt(match[1]);
2026-01-29T10:41:47.247-05:00  INFO 7564 --- [dev-server-output] c.v.b.devserver.DevServerOutputTracker   : 
2026-01-29T10:41:47.247-05:00  INFO 7564 --- [dev-server-output] c.v.b.devserver.DevServerOutputTracker   :  ERROR(TypeScript)  'respuesta' is possibly 'undefined'.
2026-01-29T10:41:47.247-05:00  INFO 7564 --- [dev-server-output] c.v.b.devserver.DevServerOutputTracker   :  FILE  C:/Users/LENOVO I7/Desktop/Proyecto/Proyecto_NvidiaCorp/src/main/frontend/views/producto-list.tsx:219:31
2026-01-29T10:41:47.247-05:00  INFO 7564 --- [dev-server-output] c.v.b.devserver.DevServerOutputTracker   : 
2026-01-29T10:41:47.247-05:00  INFO 7564 --- [dev-server-output] c.v.b.devserver.DevServerOutputTracker   :     217 |             // --- Lógica de Añadir al Carrito ---
2026-01-29T10:41:47.247-05:00  INFO 7564 --- [dev-server-output] c.v.b.devserver.DevServerOutputTracker   :     218 |             if (respuesta.includes("[ADD_TO_CART:")) {
2026-01-29T10:41:47.247-05:00  INFO 7564 --- [dev-server-output] c.v.b.devserver.DevServerOutputTracker   :   > 219 |                 const match = respuesta.match(/\[ADD_TO_CART:(\d+)\]/);
2026-01-29T10:41:47.248-05:00  INFO 7564 --- [dev-server-output] c.v.b.devserver.DevServerOutputTracker   :         |                               ^^^^^^^^^
2026-01-29T10:41:47.248-05:00  INFO 7564 --- [dev-server-output] c.v.b.devserver.DevServerOutputTracker   :     220 |                 if (match) {
2026-01-29T10:41:47.248-05:00  INFO 7564 --- [dev-server-output] c.v.b.devserver.DevServerOutputTracker   :     221 |                     const id = parseInt(match[1]);
2026-01-29T10:41:47.248-05:00  INFO 7564 --- [dev-server-output] c.v.b.devserver.DevServerOutputTracker   :     222 |                     const prod = productos.find(p => p.id === id);
2026-01-29T10:41:47.248-05:00  INFO 7564 --- [dev-server-output] c.v.b.devserver.DevServerOutputTracker   : 
2026-01-29T10:41:47.248-05:00  INFO 7564 --- [dev-server-output] c.v.b.devserver.DevServerOutputTracker   :  ERROR(TypeScript)  'respuesta' is possibly 'undefined'.
2026-01-29T10:41:47.248-05:00  INFO 7564 --- [dev-server-output] c.v.b.devserver.DevServerOutputTracker   :  FILE  C:/Users/LENOVO I7/Desktop/Proyecto/Proyecto_NvidiaCorp/src/main/frontend/views/producto-list.tsx:231:33
2026-01-29T10:41:47.248-05:00  INFO 7564 --- [dev-server-output] c.v.b.devserver.DevServerOutputTracker   : 
2026-01-29T10:41:47.249-05:00  INFO 7564 --- [dev-server-output] c.v.b.devserver.DevServerOutputTracker   :     229 |
2026-01-29T10:41:47.249-05:00  INFO 7564 --- [dev-server-output] c.v.b.devserver.DevServerOutputTracker   :     230 |             // Limpiamos el código del texto antes de mostrarlo
2026-01-29T10:41:47.249-05:00  INFO 7564 --- [dev-server-output] c.v.b.devserver.DevServerOutputTracker   :   > 231 |             const textoLimpio = respuesta.replace(/\[ADD_TO_CART:.*?\]/g, "").trim();
2026-01-29T10:41:47.249-05:00  INFO 7564 --- [dev-server-output] c.v.b.devserver.DevServerOutputTracker   :         |                                 ^^^^^^^^^
2026-01-29T10:41:47.249-05:00  INFO 7564 --- [dev-server-output] c.v.b.devserver.DevServerOutputTracker   :     232 |             setHistorial(prev => [...prev, { rol: 'ia', texto: textoLimpio }]);
2026-01-29T10:41:47.250-05:00  INFO 7564 --- [dev-server-output] c.v.b.devserver.DevServerOutputTracker   :     233 |         } catch (error) {
2026-01-29T10:41:47.250-05:00  INFO 7564 --- [dev-server-output] c.v.b.devserver.DevServerOutputTracker   :     234 |             console.error(error);
2026-01-29T10:41:47.250-05:00  INFO 7564 --- [dev-server-output] c.v.b.devserver.DevServerOutputTracker   : 
2026-01-29T10:41:47.250-05:00  INFO 7564 --- [dev-server-output] c.v.b.devserver.DevServerOutputTracker   :  ERROR(TypeScript)  Argument of type '(ProductoDTO | undefined)[] | undefined' is not assignable to parameter of type 'SetStateAction<Producto[]>'.
2026-01-29T10:41:47.250-05:00  INFO 7564 --- [dev-server-output] c.v.b.devserver.DevServerOutputTracker   :   Type 'undefined' is not assignable to type 'SetStateAction<Producto[]>'.
2026-01-29T10:41:47.250-05:00  INFO 7564 --- [dev-server-output] c.v.b.devserver.DevServerOutputTracker   :  FILE  C:/Users/LENOVO I7/Desktop/Proyecto/Proyecto_NvidiaCorp/src/main/frontend/views/producto-list.tsx:250:22
2026-01-29T10:41:47.250-05:00  INFO 7564 --- [dev-server-output] c.v.b.devserver.DevServerOutputTracker   : 
2026-01-29T10:41:47.251-05:00  INFO 7564 --- [dev-server-output] c.v.b.devserver.DevServerOutputTracker   :     248 |     const cargarProductos = async () => {
2026-01-29T10:41:47.251-05:00  INFO 7564 --- [dev-server-output] c.v.b.devserver.DevServerOutputTracker   :     249 |         const data = await ProductoService.listAllProductos();
2026-01-29T10:41:47.251-05:00  INFO 7564 --- [dev-server-output] c.v.b.devserver.DevServerOutputTracker   :   > 250 |         setProductos(data);
2026-01-29T10:41:47.251-05:00  INFO 7564 --- [dev-server-output] c.v.b.devserver.DevServerOutputTracker   :         |                      ^^^^
2026-01-29T10:41:47.251-05:00  INFO 7564 --- [dev-server-output] c.v.b.devserver.DevServerOutputTracker   :     251 |         setProductosFiltrados(data);
2026-01-29T10:41:47.251-05:00  INFO 7564 --- [dev-server-output] c.v.b.devserver.DevServerOutputTracker   :     252 |         console.log("Productos recibidos:", data);
2026-01-29T10:41:47.252-05:00  INFO 7564 --- [dev-server-output] c.v.b.devserver.DevServerOutputTracker   :     253 |     };
2026-01-29T10:41:47.252-05:00  INFO 7564 --- [dev-server-output] c.v.b.devserver.DevServerOutputTracker   : 
2026-01-29T10:41:47.252-05:00  INFO 7564 --- [dev-server-output] c.v.b.devserver.DevServerOutputTracker   :  ERROR(TypeScript)  Argument of type '(ProductoDTO | undefined)[] | undefined' is not assignable to parameter of type 'SetStateAction<Producto[]>'.
2026-01-29T10:41:47.253-05:00  INFO 7564 --- [dev-server-output] c.v.b.devserver.DevServerOutputTracker   :   Type 'undefined' is not assignable to type 'SetStateAction<Producto[]>'.
2026-01-29T10:41:47.253-05:00  INFO 7564 --- [dev-server-output] c.v.b.devserver.DevServerOutputTracker   :  FILE  C:/Users/LENOVO I7/Desktop/Proyecto/Proyecto_NvidiaCorp/src/main/frontend/views/producto-list.tsx:251:31
2026-01-29T10:41:47.253-05:00  INFO 7564 --- [dev-server-output] c.v.b.devserver.DevServerOutputTracker   : 
2026-01-29T10:41:47.253-05:00  INFO 7564 --- [dev-server-output] c.v.b.devserver.DevServerOutputTracker   :     249 |         const data = await ProductoService.listAllProductos();
2026-01-29T10:41:47.253-05:00  INFO 7564 --- [dev-server-output] c.v.b.devserver.DevServerOutputTracker   :     250 |         setProductos(data);
2026-01-29T10:41:47.253-05:00  INFO 7564 --- [dev-server-output] c.v.b.devserver.DevServerOutputTracker   :   > 251 |         setProductosFiltrados(data);
2026-01-29T10:41:47.253-05:00  INFO 7564 --- [dev-server-output] c.v.b.devserver.DevServerOutputTracker   :         |                               ^^^^
2026-01-29T10:41:47.253-05:00  INFO 7564 --- [dev-server-output] c.v.b.devserver.DevServerOutputTracker   :     252 |         console.log("Productos recibidos:", data);
2026-01-29T10:41:47.253-05:00  INFO 7564 --- [dev-server-output] c.v.b.devserver.DevServerOutputTracker   :     253 |     };
2026-01-29T10:41:47.253-05:00  INFO 7564 --- [dev-server-output] c.v.b.devserver.DevServerOutputTracker   :     254 |
2026-01-29T10:41:47.253-05:00  INFO 7564 --- [dev-server-output] c.v.b.devserver.DevServerOutputTracker   : 
2026-01-29T10:41:47.253-05:00  INFO 7564 --- [dev-server-output] c.v.b.devserver.DevServerOutputTracker   :  ERROR(TypeScript)  Property 'busqueda' does not exist on type 'typeof import("C:/Users/LENOVO I7/Desktop/Proyecto/Proyecto_NvidiaCorp/src/main/frontend/generated/ProductoService")'.
2026-01-29T10:41:47.253-05:00  INFO 7564 --- [dev-server-output] c.v.b.devserver.DevServerOutputTracker   :  FILE  C:/Users/LENOVO I7/Desktop/Proyecto/Proyecto_NvidiaCorp/src/main/frontend/views/producto-list.tsx:350:29
2026-01-29T10:41:47.253-05:00  INFO 7564 --- [dev-server-output] c.v.b.devserver.DevServerOutputTracker   : 
2026-01-29T10:41:47.253-05:00  INFO 7564 --- [dev-server-output] c.v.b.devserver.DevServerOutputTracker   :     348 |                 return;
2026-01-29T10:41:47.253-05:00  INFO 7564 --- [dev-server-output] c.v.b.devserver.DevServerOutputTracker   :     349 |             }
2026-01-29T10:41:47.253-05:00  INFO 7564 --- [dev-server-output] c.v.b.devserver.DevServerOutputTracker   :   > 350 |             ProductoService.busqueda(criterio.value, text.value).then(function (data) {
2026-01-29T10:41:47.253-05:00  INFO 7564 --- [dev-server-output] c.v.b.devserver.DevServerOutputTracker   :         |                             ^^^^^^^^
2026-01-29T10:41:47.253-05:00  INFO 7564 --- [dev-server-output] c.v.b.devserver.DevServerOutputTracker   :     351 |                 setProductos(data);
2026-01-29T10:41:47.253-05:00  INFO 7564 --- [dev-server-output] c.v.b.devserver.DevServerOutputTracker   :     352 |                 console.log("Resultados de busqueda:", data);
2026-01-29T10:41:47.253-05:00  INFO 7564 --- [dev-server-output] c.v.b.devserver.DevServerOutputTracker   :     353 |                 Notification.show(`Se encontraron ${data.length} resultado(s)`, {
2026-01-29T10:41:47.253-05:00  INFO 7564 --- [dev-server-output] c.v.b.devserver.DevServerOutputTracker   : 
2026-01-29T10:41:47.253-05:00  INFO 7564 --- [dev-server-output] c.v.b.devserver.DevServerOutputTracker   :  ERROR(TypeScript)  Parameter 'data' implicitly has an 'any' type.
2026-01-29T10:41:47.253-05:00  INFO 7564 --- [dev-server-output] c.v.b.devserver.DevServerOutputTracker   :  FILE  C:/Users/LENOVO I7/Desktop/Proyecto/Proyecto_NvidiaCorp/src/main/frontend/views/producto-list.tsx:350:81
2026-01-29T10:41:47.253-05:00  INFO 7564 --- [dev-server-output] c.v.b.devserver.DevServerOutputTracker   : 
2026-01-29T10:41:47.256-05:00  INFO 7564 --- [dev-server-output] c.v.b.devserver.DevServerOutputTracker   :     348 |                 return;
2026-01-29T10:41:47.256-05:00  INFO 7564 --- [dev-server-output] c.v.b.devserver.DevServerOutputTracker   :     349 |             }
2026-01-29T10:41:47.256-05:00  INFO 7564 --- [dev-server-output] c.v.b.devserver.DevServerOutputTracker   :   > 350 |             ProductoService.busqueda(criterio.value, text.value).then(function (data) {
2026-01-29T10:41:47.256-05:00  INFO 7564 --- [dev-server-output] c.v.b.devserver.DevServerOutputTracker   :         |                                                                                 ^^^^
2026-01-29T10:41:47.256-05:00  INFO 7564 --- [dev-server-output] c.v.b.devserver.DevServerOutputTracker   :     351 |                 setProductos(data);
2026-01-29T10:41:47.256-05:00  INFO 7564 --- [dev-server-output] c.v.b.devserver.DevServerOutputTracker   :     352 |                 console.log("Resultados de busqueda:", data);
2026-01-29T10:41:47.256-05:00  INFO 7564 --- [dev-server-output] c.v.b.devserver.DevServerOutputTracker   :     353 |                 Notification.show(`Se encontraron ${data.length} resultado(s)`, {
2026-01-29T10:41:47.256-05:00  INFO 7564 --- [dev-server-output] c.v.b.devserver.DevServerOutputTracker   : 
2026-01-29T10:41:47.256-05:00  INFO 7564 --- [dev-server-output] c.v.b.devserver.DevServerOutputTracker   :  ERROR(TypeScript)  Type 'Element' is not assignable to type 'string'.
2026-01-29T10:41:47.256-05:00  INFO 7564 --- [dev-server-output] c.v.b.devserver.DevServerOutputTracker   :  FILE  C:/Users/LENOVO I7/Desktop/Proyecto/Proyecto_NvidiaCorp/src/main/frontend/views/producto-list.tsx:599:21
2026-01-29T10:41:47.256-05:00  INFO 7564 --- [dev-server-output] c.v.b.devserver.DevServerOutputTracker   : 
2026-01-29T10:41:47.256-05:00  INFO 7564 --- [dev-server-output] c.v.b.devserver.DevServerOutputTracker   :     597 |             <div className="contenido-principal">
2026-01-29T10:41:47.256-05:00  INFO 7564 --- [dev-server-output] c.v.b.devserver.DevServerOutputTracker   :     598 |                 <ViewToolbar
2026-01-29T10:41:47.256-05:00  INFO 7564 --- [dev-server-output] c.v.b.devserver.DevServerOutputTracker   :   > 599 |                     title={
2026-01-29T10:41:47.257-05:00  INFO 7564 --- [dev-server-output] c.v.b.devserver.DevServerOutputTracker   :         |                     ^^^^^
2026-01-29T10:41:47.257-05:00  INFO 7564 --- [dev-server-output] c.v.b.devserver.DevServerOutputTracker   :     600 |                         <span className="producto-toolbar-titulo">
2026-01-29T10:41:47.257-05:00  INFO 7564 --- [dev-server-output] c.v.b.devserver.DevServerOutputTracker   :     601 |                             Productos ({productosFiltrados.length})
2026-01-29T10:41:47.257-05:00  INFO 7564 --- [dev-server-output] c.v.b.devserver.DevServerOutputTracker   :     602 |                         </span>
2026-01-29T10:41:47.257-05:00  INFO 7564 --- [dev-server-output] c.v.b.devserver.DevServerOutputTracker   : 
2026-01-29T10:41:47.257-05:00  INFO 7564 --- [dev-server-output] c.v.b.devserver.DevServerOutputTracker   :  ERROR(TypeScript)  Type '(event: KeyboardEvent) => void' is not assignable to type 'KeyboardEventHandler<TextField>'.
2026-01-29T10:41:47.257-05:00  INFO 7564 --- [dev-server-output] c.v.b.devserver.DevServerOutputTracker   :   Types of parameters 'event' and 'event' are incompatible.
2026-01-29T10:41:47.257-05:00  INFO 7564 --- [dev-server-output] c.v.b.devserver.DevServerOutputTracker   :     Type 'KeyboardEvent<TextField>' is missing the following properties from type 'KeyboardEvent': isComposing, initKeyboardEvent, DOM_KEY_LOCATION_STANDARD, DOM_KEY_LOCATION_LEFT, and 14 more.
2026-01-29T10:41:47.257-05:00  INFO 7564 --- [dev-server-output] c.v.b.devserver.DevServerOutputTracker   :  FILE  C:/Users/LENOVO I7/Desktop/Proyecto/Proyecto_NvidiaCorp/src/main/frontend/views/producto-list.tsx:629:25
2026-01-29T10:41:47.257-05:00  INFO 7564 --- [dev-server-output] c.v.b.devserver.DevServerOutputTracker   : 
2026-01-29T10:41:47.257-05:00  INFO 7564 --- [dev-server-output] c.v.b.devserver.DevServerOutputTracker   :     627 |                         value={text.value}
2026-01-29T10:41:47.257-05:00  INFO 7564 --- [dev-server-output] c.v.b.devserver.DevServerOutputTracker   :     628 |                         onValueChanged={(evt) => (text.value = evt.detail.value)}
2026-01-29T10:41:47.258-05:00  INFO 7564 --- [dev-server-output] c.v.b.devserver.DevServerOutputTracker   :   > 629 |                         onKeyDown={handleKeyPress}
2026-01-29T10:41:47.258-05:00  INFO 7564 --- [dev-server-output] c.v.b.devserver.DevServerOutputTracker   :         |                         ^^^^^^^^^
2026-01-29T10:41:47.258-05:00  INFO 7564 --- [dev-server-output] c.v.b.devserver.DevServerOutputTracker   :     630 |                         clearButtonVisible
2026-01-29T10:41:47.258-05:00  INFO 7564 --- [dev-server-output] c.v.b.devserver.DevServerOutputTracker   :     631 |                     >
2026-01-29T10:41:47.258-05:00  INFO 7564 --- [dev-server-output] c.v.b.devserver.DevServerOutputTracker   :     632 |                         <Icon slot="prefix" icon="vaadin:search" style={{ color: '#76b900', fontSize: '1.2rem' }} />
2026-01-29T10:41:47.258-05:00  INFO 7564 --- [dev-server-output] c.v.b.devserver.DevServerOutputTracker   : 
2026-01-29T10:41:47.258-05:00  INFO 7564 --- [dev-server-output] c.v.b.devserver.DevServerOutputTracker   :  ERROR(TypeScript)  Type '{ onProductoCreated: () => Promise<void>; className: string; }' is not assignable to type 'IntrinsicAttributes & ProductoEntryFormProps'.
2026-01-29T10:41:47.258-05:00  INFO 7564 --- [dev-server-output] c.v.b.devserver.DevServerOutputTracker   :   Property 'className' does not exist on type 'IntrinsicAttributes & ProductoEntryFormProps'.
2026-01-29T10:41:47.258-05:00  INFO 7564 --- [dev-server-output] c.v.b.devserver.DevServerOutputTracker   :  FILE  C:/Users/LENOVO I7/Desktop/Proyecto/Proyecto_NvidiaCorp/src/main/frontend/views/producto-list.tsx:658:25
2026-01-29T10:41:47.258-05:00  INFO 7564 --- [dev-server-output] c.v.b.devserver.DevServerOutputTracker   : 
2026-01-29T10:41:47.258-05:00  INFO 7564 --- [dev-server-output] c.v.b.devserver.DevServerOutputTracker   :     656 |                     <ProductoEntryForm
2026-01-29T10:41:47.258-05:00  INFO 7564 --- [dev-server-output] c.v.b.devserver.DevServerOutputTracker   :     657 |                         onProductoCreated={cargarProductos}
2026-01-29T10:41:47.259-05:00  INFO 7564 --- [dev-server-output] c.v.b.devserver.DevServerOutputTracker   :   > 658 |                         className="producto-btn-registrar"
2026-01-29T10:41:47.259-05:00  INFO 7564 --- [dev-server-output] c.v.b.devserver.DevServerOutputTracker   :         |                         ^^^^^^^^^
2026-01-29T10:41:47.259-05:00  INFO 7564 --- [dev-server-output] c.v.b.devserver.DevServerOutputTracker   :     659 |                     />
2026-01-29T10:41:47.259-05:00  INFO 7564 --- [dev-server-output] c.v.b.devserver.DevServerOutputTracker   :     660 |                 </div>
2026-01-29T10:41:47.259-05:00  INFO 7564 --- [dev-server-output] c.v.b.devserver.DevServerOutputTracker   :     661 |
2026-01-29T10:41:47.259-05:00  INFO 7564 --- [dev-server-output] c.v.b.devserver.DevServerOutputTracker   : 
2026-01-29T10:41:47.259-05:00  INFO 7564 --- [dev-server-output] c.v.b.devserver.DevServerOutputTracker   : [TypeScript] Found 30 errors. Watching for file changes.
2026-01-29T10:42:05.034-05:00  INFO 7564 --- [dev-server-output] c.v.b.devserver.DevServerOutputTracker   : 10:42:05 a. m. [vite] (client) hmr update /views/Pago-form.tsx
2026-01-29T10:44:12.599-05:00 ERROR 7564 --- [http-nio-8080-exec-3] com.vaadin.hilla.EndpointInvoker         : Unable to deserialize an endpoint 'FacturaServices' method 'createFactura' parameter 'fecha' with type 'java.util.Date'

com.fasterxml.jackson.databind.exc.MismatchedInputException: Cannot deserialize value of type `java.util.Date` from Object value (token `JsonToken.START_OBJECT`)
 at [Source: UNKNOWN; byte offset: #UNKNOWN]
	at com.fasterxml.jackson.databind.exc.MismatchedInputException.from(MismatchedInputException.java:59) ~[jackson-databind-2.18.3.jar:2.18.3]
	at com.fasterxml.jackson.databind.DeserializationContext.reportInputMismatch(DeserializationContext.java:1767) ~[jackson-databind-2.18.3.jar:2.18.3]
	at com.fasterxml.jackson.databind.DeserializationContext.handleUnexpectedToken(DeserializationContext.java:1541) ~[jackson-databind-2.18.3.jar:2.18.3]
	at com.fasterxml.jackson.databind.DeserializationContext.handleUnexpectedToken(DeserializationContext.java:1446) ~[jackson-databind-2.18.3.jar:2.18.3]
	at com.fasterxml.jackson.databind.DeserializationContext.extractScalarFromObject(DeserializationContext.java:958) ~[jackson-databind-2.18.3.jar:2.18.3]
	at com.fasterxml.jackson.databind.deser.std.StdDeserializer._parseDate(StdDeserializer.java:1317) ~[jackson-databind-2.18.3.jar:2.18.3]
	at com.fasterxml.jackson.databind.deser.std.DateDeserializers$DateBasedDeserializer._parseDate(DateDeserializers.java:201) ~[jackson-databind-2.18.3.jar:2.18.3]
	at com.fasterxml.jackson.databind.deser.std.DateDeserializers$DateDeserializer.deserialize(DateDeserializers.java:303) ~[jackson-databind-2.18.3.jar:2.18.3]
	at com.fasterxml.jackson.databind.deser.std.DateDeserializers$DateDeserializer.deserialize(DateDeserializers.java:281) ~[jackson-databind-2.18.3.jar:2.18.3]
	at com.fasterxml.jackson.databind.deser.DefaultDeserializationContext.readRootValue(DefaultDeserializationContext.java:342) ~[jackson-databind-2.18.3.jar:2.18.3]
	at com.fasterxml.jackson.databind.ObjectReader._bindAndClose(ObjectReader.java:2131) ~[jackson-databind-2.18.3.jar:2.18.3]
	at com.fasterxml.jackson.databind.ObjectReader.readValue(ObjectReader.java:1744) ~[jackson-databind-2.18.3.jar:2.18.3]
	at com.vaadin.hilla.EndpointInvoker.getVaadinEndpointParameters(EndpointInvoker.java:355) ~[hilla-endpoint-24.7.4.jar:na]
	at com.vaadin.hilla.EndpointInvoker.invokeVaadinEndpointMethod(EndpointInvoker.java:445) ~[hilla-endpoint-24.7.4.jar:na]
	at com.vaadin.hilla.EndpointInvoker.invoke(EndpointInvoker.java:186) ~[hilla-endpoint-24.7.4.jar:na]
	at com.vaadin.hilla.EndpointController.doServeEndpoint(EndpointController.java:313) ~[hilla-endpoint-24.7.4.jar:na]
	at com.vaadin.hilla.EndpointController.serveEndpoint(EndpointController.java:193) ~[hilla-endpoint-24.7.4.jar:na]
	at jdk.internal.reflect.GeneratedMethodAccessor172.invoke(Unknown Source) ~[na:na]
	at java.base/jdk.internal.reflect.DelegatingMethodAccessorImpl.invoke(DelegatingMethodAccessorImpl.java:43) ~[na:na]
	at java.base/java.lang.reflect.Method.invoke(Method.java:568) ~[na:na]
	at org.springframework.web.method.support.InvocableHandlerMethod.doInvoke(InvocableHandlerMethod.java:258) ~[spring-web-6.2.6.jar:6.2.6]
	at org.springframework.web.method.support.InvocableHandlerMethod.invokeForRequest(InvocableHandlerMethod.java:191) ~[spring-web-6.2.6.jar:6.2.6]
	at org.springframework.web.servlet.mvc.method.annotation.ServletInvocableHandlerMethod.invokeAndHandle(ServletInvocableHandlerMethod.java:118) ~[spring-webmvc-6.2.6.jar:6.2.6]
	at org.springframework.web.servlet.mvc.method.annotation.RequestMappingHandlerAdapter.invokeHandlerMethod(RequestMappingHandlerAdapter.java:986) ~[spring-webmvc-6.2.6.jar:6.2.6]
	at org.springframework.web.servlet.mvc.method.annotation.RequestMappingHandlerAdapter.handleInternal(RequestMappingHandlerAdapter.java:891) ~[spring-webmvc-6.2.6.jar:6.2.6]
	at org.springframework.web.servlet.mvc.method.AbstractHandlerMethodAdapter.handle(AbstractHandlerMethodAdapter.java:87) ~[spring-webmvc-6.2.6.jar:6.2.6]
	at org.springframework.web.servlet.DispatcherServlet.doDispatch(DispatcherServlet.java:1089) ~[spring-webmvc-6.2.6.jar:6.2.6]
	at org.springframework.web.servlet.DispatcherServlet.doService(DispatcherServlet.java:979) ~[spring-webmvc-6.2.6.jar:6.2.6]
	at org.springframework.web.servlet.FrameworkServlet.processRequest(FrameworkServlet.java:1014) ~[spring-webmvc-6.2.6.jar:6.2.6]
	at org.springframework.web.servlet.FrameworkServlet.doPost(FrameworkServlet.java:914) ~[spring-webmvc-6.2.6.jar:6.2.6]
	at jakarta.servlet.http.HttpServlet.service(HttpServlet.java:590) ~[tomcat-embed-core-10.1.40.jar:6.0]
	at org.springframework.web.servlet.FrameworkServlet.service(FrameworkServlet.java:885) ~[spring-webmvc-6.2.6.jar:6.2.6]
	at jakarta.servlet.http.HttpServlet.service(HttpServlet.java:658) ~[tomcat-embed-core-10.1.40.jar:6.0]
	at org.apache.catalina.core.ApplicationFilterChain.internalDoFilter(ApplicationFilterChain.java:195) ~[tomcat-embed-core-10.1.40.jar:10.1.40]
	at org.apache.catalina.core.ApplicationFilterChain.doFilter(ApplicationFilterChain.java:140) ~[tomcat-embed-core-10.1.40.jar:10.1.40]
	at org.apache.tomcat.websocket.server.WsFilter.doFilter(WsFilter.java:51) ~[tomcat-embed-websocket-10.1.40.jar:10.1.40]
	at org.apache.catalina.core.ApplicationFilterChain.internalDoFilter(ApplicationFilterChain.java:164) ~[tomcat-embed-core-10.1.40.jar:10.1.40]
	at org.apache.catalina.core.ApplicationFilterChain.doFilter(ApplicationFilterChain.java:140) ~[tomcat-embed-core-10.1.40.jar:10.1.40]
	at org.springframework.web.filter.CompositeFilter$VirtualFilterChain.doFilter(CompositeFilter.java:108) ~[spring-web-6.2.6.jar:6.2.6]
	at org.springframework.security.web.FilterChainProxy.lambda$doFilterInternal$3(FilterChainProxy.java:231) ~[spring-security-web-6.4.5.jar:6.4.5]
	at org.springframework.security.web.ObservationFilterChainDecorator$FilterObservation$SimpleFilterObservation.lambda$wrap$1(ObservationFilterChainDecorator.java:479) ~[spring-security-web-6.4.5.jar:6.4.5]
	at org.springframework.security.web.ObservationFilterChainDecorator$AroundFilterObservation$SimpleAroundFilterObservation.lambda$wrap$1(ObservationFilterChainDecorator.java:340) ~[spring-security-web-6.4.5.jar:6.4.5]
	at org.springframework.security.web.ObservationFilterChainDecorator.lambda$wrapSecured$0(ObservationFilterChainDecorator.java:82) ~[spring-security-web-6.4.5.jar:6.4.5]
	at org.springframework.security.web.ObservationFilterChainDecorator$VirtualFilterChain.doFilter(ObservationFilterChainDecorator.java:128) ~[spring-security-web-6.4.5.jar:6.4.5]
	at org.springframework.security.web.access.intercept.AuthorizationFilter.doFilter(AuthorizationFilter.java:101) ~[spring-security-web-6.4.5.jar:6.4.5]
	at org.springframework.security.web.ObservationFilterChainDecorator$ObservationFilter.wrapFilter(ObservationFilterChainDecorator.java:240) ~[spring-security-web-6.4.5.jar:6.4.5]
	at org.springframework.security.web.ObservationFilterChainDecorator$ObservationFilter.doFilter(ObservationFilterChainDecorator.java:227) ~[spring-security-web-6.4.5.jar:6.4.5]
	at org.springframework.security.web.ObservationFilterChainDecorator$VirtualFilterChain.doFilter(ObservationFilterChainDecorator.java:137) ~[spring-security-web-6.4.5.jar:6.4.5]
	at org.springframework.security.web.access.ExceptionTranslationFilter.doFilter(ExceptionTranslationFilter.java:126) ~[spring-security-web-6.4.5.jar:6.4.5]
	at org.springframework.security.web.access.ExceptionTranslationFilter.doFilter(ExceptionTranslationFilter.java:120) ~[spring-security-web-6.4.5.jar:6.4.5]
	at org.springframework.security.web.ObservationFilterChainDecorator$ObservationFilter.wrapFilter(ObservationFilterChainDecorator.java:240) ~[spring-security-web-6.4.5.jar:6.4.5]
	at org.springframework.security.web.ObservationFilterChainDecorator$ObservationFilter.doFilter(ObservationFilterChainDecorator.java:227) ~[spring-security-web-6.4.5.jar:6.4.5]
	at org.springframework.security.web.ObservationFilterChainDecorator$VirtualFilterChain.doFilter(ObservationFilterChainDecorator.java:137) ~[spring-security-web-6.4.5.jar:6.4.5]
	at org.springframework.security.web.authentication.AnonymousAuthenticationFilter.doFilter(AnonymousAuthenticationFilter.java:100) ~[spring-security-web-6.4.5.jar:6.4.5]
	at org.springframework.security.web.ObservationFilterChainDecorator$ObservationFilter.wrapFilter(ObservationFilterChainDecorator.java:240) ~[spring-security-web-6.4.5.jar:6.4.5]
	at org.springframework.security.web.ObservationFilterChainDecorator$ObservationFilter.doFilter(ObservationFilterChainDecorator.java:227) ~[spring-security-web-6.4.5.jar:6.4.5]
	at org.springframework.security.web.ObservationFilterChainDecorator$VirtualFilterChain.doFilter(ObservationFilterChainDecorator.java:137) ~[spring-security-web-6.4.5.jar:6.4.5]
	at org.springframework.security.web.servletapi.SecurityContextHolderAwareRequestFilter.doFilter(SecurityContextHolderAwareRequestFilter.java:179) ~[spring-security-web-6.4.5.jar:6.4.5]
	at org.springframework.security.web.ObservationFilterChainDecorator$ObservationFilter.wrapFilter(ObservationFilterChainDecorator.java:240) ~[spring-security-web-6.4.5.jar:6.4.5]
	at org.springframework.security.web.ObservationFilterChainDecorator$ObservationFilter.doFilter(ObservationFilterChainDecorator.java:227) ~[spring-security-web-6.4.5.jar:6.4.5]
	at org.springframework.security.web.ObservationFilterChainDecorator$VirtualFilterChain.doFilter(ObservationFilterChainDecorator.java:137) ~[spring-security-web-6.4.5.jar:6.4.5]
	at org.springframework.security.web.savedrequest.RequestCacheAwareFilter.doFilter(RequestCacheAwareFilter.java:63) ~[spring-security-web-6.4.5.jar:6.4.5]
	at org.springframework.security.web.ObservationFilterChainDecorator$ObservationFilter.wrapFilter(ObservationFilterChainDecorator.java:240) ~[spring-security-web-6.4.5.jar:6.4.5]
	at org.springframework.security.web.ObservationFilterChainDecorator$ObservationFilter.doFilter(ObservationFilterChainDecorator.java:227) ~[spring-security-web-6.4.5.jar:6.4.5]
	at org.springframework.security.web.ObservationFilterChainDecorator$VirtualFilterChain.doFilter(ObservationFilterChainDecorator.java:137) ~[spring-security-web-6.4.5.jar:6.4.5]
	at org.springframework.security.web.authentication.logout.LogoutFilter.doFilter(LogoutFilter.java:107) ~[spring-security-web-6.4.5.jar:6.4.5]
	at org.springframework.security.web.authentication.logout.LogoutFilter.doFilter(LogoutFilter.java:93) ~[spring-security-web-6.4.5.jar:6.4.5]
	at org.springframework.security.web.ObservationFilterChainDecorator$ObservationFilter.wrapFilter(ObservationFilterChainDecorator.java:240) ~[spring-security-web-6.4.5.jar:6.4.5]
	at org.springframework.security.web.ObservationFilterChainDecorator$ObservationFilter.doFilter(ObservationFilterChainDecorator.java:227) ~[spring-security-web-6.4.5.jar:6.4.5]
	at org.springframework.security.web.ObservationFilterChainDecorator$VirtualFilterChain.doFilter(ObservationFilterChainDecorator.java:137) ~[spring-security-web-6.4.5.jar:6.4.5]
	at org.springframework.security.web.header.HeaderWriterFilter.doHeadersAfter(HeaderWriterFilter.java:90) ~[spring-security-web-6.4.5.jar:6.4.5]
	at org.springframework.security.web.header.HeaderWriterFilter.doFilterInternal(HeaderWriterFilter.java:75) ~[spring-security-web-6.4.5.jar:6.4.5]
	at org.springframework.web.filter.OncePerRequestFilter.doFilter(OncePerRequestFilter.java:116) ~[spring-web-6.2.6.jar:6.2.6]
	at org.springframework.security.web.ObservationFilterChainDecorator$ObservationFilter.wrapFilter(ObservationFilterChainDecorator.java:240) ~[spring-security-web-6.4.5.jar:6.4.5]
	at org.springframework.security.web.ObservationFilterChainDecorator$ObservationFilter.doFilter(ObservationFilterChainDecorator.java:227) ~[spring-security-web-6.4.5.jar:6.4.5]
	at org.springframework.security.web.ObservationFilterChainDecorator$VirtualFilterChain.doFilter(ObservationFilterChainDecorator.java:137) ~[spring-security-web-6.4.5.jar:6.4.5]
	at org.springframework.security.web.context.SecurityContextHolderFilter.doFilter(SecurityContextHolderFilter.java:82) ~[spring-security-web-6.4.5.jar:6.4.5]
	at org.springframework.security.web.context.SecurityContextHolderFilter.doFilter(SecurityContextHolderFilter.java:69) ~[spring-security-web-6.4.5.jar:6.4.5]
	at org.springframework.security.web.ObservationFilterChainDecorator$ObservationFilter.wrapFilter(ObservationFilterChainDecorator.java:240) ~[spring-security-web-6.4.5.jar:6.4.5]
	at org.springframework.security.web.ObservationFilterChainDecorator$ObservationFilter.doFilter(ObservationFilterChainDecorator.java:227) ~[spring-security-web-6.4.5.jar:6.4.5]
	at org.springframework.security.web.ObservationFilterChainDecorator$VirtualFilterChain.doFilter(ObservationFilterChainDecorator.java:137) ~[spring-security-web-6.4.5.jar:6.4.5]
	at org.springframework.security.web.context.request.async.WebAsyncManagerIntegrationFilter.doFilterInternal(WebAsyncManagerIntegrationFilter.java:62) ~[spring-security-web-6.4.5.jar:6.4.5]
	at org.springframework.web.filter.OncePerRequestFilter.doFilter(OncePerRequestFilter.java:116) ~[spring-web-6.2.6.jar:6.2.6]
	at org.springframework.security.web.ObservationFilterChainDecorator$ObservationFilter.wrapFilter(ObservationFilterChainDecorator.java:240) ~[spring-security-web-6.4.5.jar:6.4.5]
	at org.springframework.security.web.ObservationFilterChainDecorator$ObservationFilter.doFilter(ObservationFilterChainDecorator.java:227) ~[spring-security-web-6.4.5.jar:6.4.5]
	at org.springframework.security.web.ObservationFilterChainDecorator$VirtualFilterChain.doFilter(ObservationFilterChainDecorator.java:137) ~[spring-security-web-6.4.5.jar:6.4.5]
	at org.springframework.security.web.session.DisableEncodeUrlFilter.doFilterInternal(DisableEncodeUrlFilter.java:42) ~[spring-security-web-6.4.5.jar:6.4.5]
	at org.springframework.web.filter.OncePerRequestFilter.doFilter(OncePerRequestFilter.java:116) ~[spring-web-6.2.6.jar:6.2.6]
	at org.springframework.security.web.ObservationFilterChainDecorator$ObservationFilter.wrapFilter(ObservationFilterChainDecorator.java:240) ~[spring-security-web-6.4.5.jar:6.4.5]
	at org.springframework.security.web.ObservationFilterChainDecorator$AroundFilterObservation$SimpleAroundFilterObservation.lambda$wrap$0(ObservationFilterChainDecorator.java:323) ~[spring-security-web-6.4.5.jar:6.4.5]
	at org.springframework.security.web.ObservationFilterChainDecorator$ObservationFilter.doFilter(ObservationFilterChainDecorator.java:224) ~[spring-security-web-6.4.5.jar:6.4.5]
	at org.springframework.security.web.ObservationFilterChainDecorator$VirtualFilterChain.doFilter(ObservationFilterChainDecorator.java:137) ~[spring-security-web-6.4.5.jar:6.4.5]
	at org.springframework.security.web.FilterChainProxy.doFilterInternal(FilterChainProxy.java:233) ~[spring-security-web-6.4.5.jar:6.4.5]
	at org.springframework.security.web.FilterChainProxy.doFilter(FilterChainProxy.java:191) ~[spring-security-web-6.4.5.jar:6.4.5]
	at org.springframework.web.filter.CompositeFilter$VirtualFilterChain.doFilter(CompositeFilter.java:113) ~[spring-web-6.2.6.jar:6.2.6]
	at org.springframework.web.servlet.handler.HandlerMappingIntrospector.lambda$createCacheFilter$3(HandlerMappingIntrospector.java:243) ~[spring-webmvc-6.2.6.jar:6.2.6]
	at org.springframework.web.filter.CompositeFilter$VirtualFilterChain.doFilter(CompositeFilter.java:113) ~[spring-web-6.2.6.jar:6.2.6]
	at org.springframework.web.filter.CompositeFilter.doFilter(CompositeFilter.java:74) ~[spring-web-6.2.6.jar:6.2.6]
	at org.springframework.security.config.annotation.web.configuration.WebMvcSecurityConfiguration$CompositeFilterChainProxy.doFilter(WebMvcSecurityConfiguration.java:238) ~[spring-security-config-6.4.5.jar:6.4.5]
	at org.springframework.web.filter.DelegatingFilterProxy.invokeDelegate(DelegatingFilterProxy.java:362) ~[spring-web-6.2.6.jar:6.2.6]
	at org.springframework.web.filter.DelegatingFilterProxy.doFilter(DelegatingFilterProxy.java:278) ~[spring-web-6.2.6.jar:6.2.6]
	at org.apache.catalina.core.ApplicationFilterChain.internalDoFilter(ApplicationFilterChain.java:164) ~[tomcat-embed-core-10.1.40.jar:10.1.40]
	at org.apache.catalina.core.ApplicationFilterChain.doFilter(ApplicationFilterChain.java:140) ~[tomcat-embed-core-10.1.40.jar:10.1.40]
	at org.springframework.web.filter.RequestContextFilter.doFilterInternal(RequestContextFilter.java:100) ~[spring-web-6.2.6.jar:6.2.6]
	at org.springframework.web.filter.OncePerRequestFilter.doFilter(OncePerRequestFilter.java:116) ~[spring-web-6.2.6.jar:6.2.6]
	at org.apache.catalina.core.ApplicationFilterChain.internalDoFilter(ApplicationFilterChain.java:164) ~[tomcat-embed-core-10.1.40.jar:10.1.40]
	at org.apache.catalina.core.ApplicationFilterChain.doFilter(ApplicationFilterChain.java:140) ~[tomcat-embed-core-10.1.40.jar:10.1.40]
	at org.springframework.web.filter.FormContentFilter.doFilterInternal(FormContentFilter.java:93) ~[spring-web-6.2.6.jar:6.2.6]
	at org.springframework.web.filter.OncePerRequestFilter.doFilter(OncePerRequestFilter.java:116) ~[spring-web-6.2.6.jar:6.2.6]
	at org.apache.catalina.core.ApplicationFilterChain.internalDoFilter(ApplicationFilterChain.java:164) ~[tomcat-embed-core-10.1.40.jar:10.1.40]
	at org.apache.catalina.core.ApplicationFilterChain.doFilter(ApplicationFilterChain.java:140) ~[tomcat-embed-core-10.1.40.jar:10.1.40]
	at org.springframework.web.filter.ServerHttpObservationFilter.doFilterInternal(ServerHttpObservationFilter.java:114) ~[spring-web-6.2.6.jar:6.2.6]
	at org.springframework.web.filter.OncePerRequestFilter.doFilter(OncePerRequestFilter.java:116) ~[spring-web-6.2.6.jar:6.2.6]
	at org.apache.catalina.core.ApplicationFilterChain.internalDoFilter(ApplicationFilterChain.java:164) ~[tomcat-embed-core-10.1.40.jar:10.1.40]
	at org.apache.catalina.core.ApplicationFilterChain.doFilter(ApplicationFilterChain.java:140) ~[tomcat-embed-core-10.1.40.jar:10.1.40]
	at org.springframework.web.filter.CharacterEncodingFilter.doFilterInternal(CharacterEncodingFilter.java:201) ~[spring-web-6.2.6.jar:6.2.6]
	at org.springframework.web.filter.OncePerRequestFilter.doFilter(OncePerRequestFilter.java:116) ~[spring-web-6.2.6.jar:6.2.6]
	at org.apache.catalina.core.ApplicationFilterChain.internalDoFilter(ApplicationFilterChain.java:164) ~[tomcat-embed-core-10.1.40.jar:10.1.40]
	at org.apache.catalina.core.ApplicationFilterChain.doFilter(ApplicationFilterChain.java:140) ~[tomcat-embed-core-10.1.40.jar:10.1.40]
	at org.apache.catalina.core.StandardWrapperValve.invoke(StandardWrapperValve.java:167) ~[tomcat-embed-core-10.1.40.jar:10.1.40]
	at org.apache.catalina.core.StandardContextValve.invoke(StandardContextValve.java:90) ~[tomcat-embed-core-10.1.40.jar:10.1.40]
	at org.apache.catalina.authenticator.AuthenticatorBase.invoke(AuthenticatorBase.java:483) ~[tomcat-embed-core-10.1.40.jar:10.1.40]
	at org.apache.catalina.core.StandardHostValve.invoke(StandardHostValve.java:116) ~[tomcat-embed-core-10.1.40.jar:10.1.40]
	at org.apache.catalina.valves.ErrorReportValve.invoke(ErrorReportValve.java:93) ~[tomcat-embed-core-10.1.40.jar:10.1.40]
	at org.apache.catalina.core.StandardEngineValve.invoke(StandardEngineValve.java:74) ~[tomcat-embed-core-10.1.40.jar:10.1.40]
	at org.apache.catalina.connector.CoyoteAdapter.service(CoyoteAdapter.java:344) ~[tomcat-embed-core-10.1.40.jar:10.1.40]
	at org.apache.coyote.http11.Http11Processor.service(Http11Processor.java:398) ~[tomcat-embed-core-10.1.40.jar:10.1.40]
	at org.apache.coyote.AbstractProcessorLight.process(AbstractProcessorLight.java:63) ~[tomcat-embed-core-10.1.40.jar:10.1.40]
	at org.apache.coyote.AbstractProtocol$ConnectionHandler.process(AbstractProtocol.java:903) ~[tomcat-embed-core-10.1.40.jar:10.1.40]
	at org.apache.tomcat.util.net.NioEndpoint$SocketProcessor.doRun(NioEndpoint.java:1740) ~[tomcat-embed-core-10.1.40.jar:10.1.40]
	at org.apache.tomcat.util.net.SocketProcessorBase.run(SocketProcessorBase.java:52) ~[tomcat-embed-core-10.1.40.jar:10.1.40]
	at org.apache.tomcat.util.threads.ThreadPoolExecutor.runWorker(ThreadPoolExecutor.java:1189) ~[tomcat-embed-core-10.1.40.jar:10.1.40]
	at org.apache.tomcat.util.threads.ThreadPoolExecutor$Worker.run(ThreadPoolExecutor.java:658) ~[tomcat-embed-core-10.1.40.jar:10.1.40]
	at org.apache.tomcat.util.threads.TaskThread$WrappingRunnable.run(TaskThread.java:63) ~[tomcat-embed-core-10.1.40.jar:10.1.40]
	at java.base/java.lang.Thread.run(Thread.java:842) ~[na:na]

2026-01-29T10:48:46.689-05:00  INFO 7564 --- [dev-server-output] c.v.b.devserver.DevServerOutputTracker   : 10:48:46 a. m. [vite] (client) hmr update /views/Pago-form.tsx
2026-01-29T10:48:46.782-05:00  INFO 7564 --- [dev-server-output] c.v.b.devserver.DevServerOutputTracker   : 10:48:46 a. m. [vite] Internal server error: C:\Users\LENOVO I7\Desktop\Proyecto\Proyecto_NvidiaCorp\src\main\frontend\views\Pago-form.tsx: Unexpected token (50:9)
2026-01-29T10:48:46.782-05:00  INFO 7564 --- [dev-server-output] c.v.b.devserver.DevServerOutputTracker   : 
2026-01-29T10:48:46.783-05:00  INFO 7564 --- [dev-server-output] c.v.b.devserver.DevServerOutputTracker   :   48 | );
2026-01-29T10:48:46.783-05:00  INFO 7564 --- [dev-server-output] c.v.b.devserver.DevServerOutputTracker   :   49 |
2026-01-29T10:48:46.783-05:00  INFO 7564 --- [dev-server-output] c.v.b.devserver.DevServerOutputTracker   : > 50 |         });
2026-01-29T10:48:46.783-05:00  INFO 7564 --- [dev-server-output] c.v.b.devserver.DevServerOutputTracker   :      |          ^
2026-01-29T10:48:46.783-05:00  INFO 7564 --- [dev-server-output] c.v.b.devserver.DevServerOutputTracker   :   51 |
2026-01-29T10:48:46.783-05:00  INFO 7564 --- [dev-server-output] c.v.b.devserver.DevServerOutputTracker   :   52 |         // 4?? Limpiar carrito
2026-01-29T10:48:46.784-05:00  INFO 7564 --- [dev-server-output] c.v.b.devserver.DevServerOutputTracker   :   53 |         setCarrito([]);
2026-01-29T10:48:46.784-05:00  INFO 7564 --- [dev-server-output] c.v.b.devserver.DevServerOutputTracker   :   Plugin: vite:react-babel
2026-01-29T10:48:46.784-05:00  INFO 7564 --- [dev-server-output] c.v.b.devserver.DevServerOutputTracker   :   File: C:/Users/LENOVO I7/Desktop/Proyecto/Proyecto_NvidiaCorp/src/main/frontend/views/Pago-form.tsx:50:9
2026-01-29T10:48:46.784-05:00  INFO 7564 --- [dev-server-output] c.v.b.devserver.DevServerOutputTracker   :   51 |  
2026-01-29T10:48:46.784-05:00  INFO 7564 --- [dev-server-output] c.v.b.devserver.DevServerOutputTracker   :   52 |          // 4?? Limpiar carrito
2026-01-29T10:48:46.784-05:00  INFO 7564 --- [dev-server-output] c.v.b.devserver.DevServerOutputTracker   :   53 |          setCarrito([]);
2026-01-29T10:48:46.784-05:00  INFO 7564 --- [dev-server-output] c.v.b.devserver.DevServerOutputTracker   :      |                ^
2026-01-29T10:48:46.784-05:00  INFO 7564 --- [dev-server-output] c.v.b.devserver.DevServerOutputTracker   :   54 |          localStorage.removeItem('carrito');
2026-01-29T10:48:46.785-05:00  INFO 7564 --- [dev-server-output] c.v.b.devserver.DevServerOutputTracker   :   55 |  
2026-01-29T10:48:46.785-05:00  INFO 7564 --- [dev-server-output] c.v.b.devserver.DevServerOutputTracker   :       at constructor (C:\Users\LENOVO I7\Desktop\Proyecto\Proyecto_NvidiaCorp\node_modules\@babel\parser\lib\index.js:360:19)
2026-01-29T10:48:46.785-05:00  INFO 7564 --- [dev-server-output] c.v.b.devserver.DevServerOutputTracker   :       at TypeScriptParserMixin.raise (C:\Users\LENOVO I7\Desktop\Proyecto\Proyecto_NvidiaCorp\node_modules\@babel\parser\lib\index.js:6613:19)
2026-01-29T10:48:46.785-05:00  INFO 7564 --- [dev-server-output] c.v.b.devserver.DevServerOutputTracker   :       at TypeScriptParserMixin.unexpected (C:\Users\LENOVO I7\Desktop\Proyecto\Proyecto_NvidiaCorp\node_modules\@babel\parser\lib\index.js:6633:16)
2026-01-29T10:48:46.785-05:00  INFO 7564 --- [dev-server-output] c.v.b.devserver.DevServerOutputTracker   :       at TypeScriptParserMixin.parseExprAtom (C:\Users\LENOVO I7\Desktop\Proyecto\Proyecto_NvidiaCorp\node_modules\@babel\parser\lib\index.js:11358:16)
2026-01-29T10:48:46.785-05:00  INFO 7564 --- [dev-server-output] c.v.b.devserver.DevServerOutputTracker   :       at TypeScriptParserMixin.parseExprAtom (C:\Users\LENOVO I7\Desktop\Proyecto\Proyecto_NvidiaCorp\node_modules\@babel\parser\lib\index.js:4770:20)
2026-01-29T10:48:46.785-05:00  INFO 7564 --- [dev-server-output] c.v.b.devserver.DevServerOutputTracker   :       at TypeScriptParserMixin.parseExprSubscripts (C:\Users\LENOVO I7\Desktop\Proyecto\Proyecto_NvidiaCorp\node_modules\@babel\parser\lib\index.js:10992:23)
2026-01-29T10:48:46.786-05:00  INFO 7564 --- [dev-server-output] c.v.b.devserver.DevServerOutputTracker   :       at TypeScriptParserMixin.parseUpdate (C:\Users\LENOVO I7\Desktop\Proyecto\Proyecto_NvidiaCorp\node_modules\@babel\parser\lib\index.js:10977:21)
2026-01-29T10:48:46.786-05:00  INFO 7564 --- [dev-server-output] c.v.b.devserver.DevServerOutputTracker   :       at TypeScriptParserMixin.parseMaybeUnary (C:\Users\LENOVO I7\Desktop\Proyecto\Proyecto_NvidiaCorp\node_modules\@babel\parser\lib\index.js:10957:23)
2026-01-29T10:48:46.786-05:00  INFO 7564 --- [dev-server-output] c.v.b.devserver.DevServerOutputTracker   :       at TypeScriptParserMixin.parseMaybeUnary (C:\Users\LENOVO I7\Desktop\Proyecto\Proyecto_NvidiaCorp\node_modules\@babel\parser\lib\index.js:9779:18)
2026-01-29T10:48:46.786-05:00  INFO 7564 --- [dev-server-output] c.v.b.devserver.DevServerOutputTracker   :       at TypeScriptParserMixin.parseMaybeUnaryOrPrivate (C:\Users\LENOVO I7\Desktop\Proyecto\Proyecto_NvidiaCorp\node_modules\@babel\parser\lib\index.js:10810:61)
2026-01-29T10:48:46.786-05:00  INFO 7564 --- [dev-server-output] c.v.b.devserver.DevServerOutputTracker   :       at TypeScriptParserMixin.parseExprOps (C:\Users\LENOVO I7\Desktop\Proyecto\Proyecto_NvidiaCorp\node_modules\@babel\parser\lib\index.js:10815:23)
2026-01-29T10:48:46.786-05:00  INFO 7564 --- [dev-server-output] c.v.b.devserver.DevServerOutputTracker   :       at TypeScriptParserMixin.parseMaybeConditional (C:\Users\LENOVO I7\Desktop\Proyecto\Proyecto_NvidiaCorp\node_modules\@babel\parser\lib\index.js:10792:23)
2026-01-29T10:48:46.786-05:00  INFO 7564 --- [dev-server-output] c.v.b.devserver.DevServerOutputTracker   :       at TypeScriptParserMixin.parseMaybeAssign (C:\Users\LENOVO I7\Desktop\Proyecto\Proyecto_NvidiaCorp\node_modules\@babel\parser\lib\index.js:10745:21)
2026-01-29T10:48:46.786-05:00  INFO 7564 --- [dev-server-output] c.v.b.devserver.DevServerOutputTracker   :       at TypeScriptParserMixin.parseMaybeAssign (C:\Users\LENOVO I7\Desktop\Proyecto\Proyecto_NvidiaCorp\node_modules\@babel\parser\lib\index.js:9728:20)
2026-01-29T10:48:46.786-05:00  INFO 7564 --- [dev-server-output] c.v.b.devserver.DevServerOutputTracker   :       at TypeScriptParserMixin.parseExpressionBase (C:\Users\LENOVO I7\Desktop\Proyecto\Proyecto_NvidiaCorp\node_modules\@babel\parser\lib\index.js:10698:23)
2026-01-29T10:48:46.786-05:00  INFO 7564 --- [dev-server-output] c.v.b.devserver.DevServerOutputTracker   :       at C:\Users\LENOVO I7\Desktop\Proyecto\Proyecto_NvidiaCorp\node_modules\@babel\parser\lib\index.js:10694:39
2026-01-29T10:48:46.787-05:00  INFO 7564 --- [dev-server-output] c.v.b.devserver.DevServerOutputTracker   :       at TypeScriptParserMixin.allowInAnd (C:\Users\LENOVO I7\Desktop\Proyecto\Proyecto_NvidiaCorp\node_modules\@babel\parser\lib\index.js:12329:16)
2026-01-29T10:48:46.787-05:00  INFO 7564 --- [dev-server-output] c.v.b.devserver.DevServerOutputTracker   :       at TypeScriptParserMixin.parseExpression (C:\Users\LENOVO I7\Desktop\Proyecto\Proyecto_NvidiaCorp\node_modules\@babel\parser\lib\index.js:10694:17)
2026-01-29T10:48:46.787-05:00  INFO 7564 --- [dev-server-output] c.v.b.devserver.DevServerOutputTracker   :       at TypeScriptParserMixin.parseStatementContent (C:\Users\LENOVO I7\Desktop\Proyecto\Proyecto_NvidiaCorp\node_modules\@babel\parser\lib\index.js:12771:23)
2026-01-29T10:48:46.787-05:00  INFO 7564 --- [dev-server-output] c.v.b.devserver.DevServerOutputTracker   :       at TypeScriptParserMixin.parseStatementContent (C:\Users\LENOVO I7\Desktop\Proyecto\Proyecto_NvidiaCorp\node_modules\@babel\parser\lib\index.js:9454:18)
2026-01-29T10:48:46.787-05:00  INFO 7564 --- [dev-server-output] c.v.b.devserver.DevServerOutputTracker   :       at TypeScriptParserMixin.parseStatementLike (C:\Users\LENOVO I7\Desktop\Proyecto\Proyecto_NvidiaCorp\node_modules\@babel\parser\lib\index.js:12644:17)
2026-01-29T10:48:46.787-05:00  INFO 7564 --- [dev-server-output] c.v.b.devserver.DevServerOutputTracker   :       at TypeScriptParserMixin.parseStatementListItem (C:\Users\LENOVO I7\Desktop\Proyecto\Proyecto_NvidiaCorp\node_modules\@babel\parser\lib\index.js:12624:17)
2026-01-29T10:48:46.787-05:00  INFO 7564 --- [dev-server-output] c.v.b.devserver.DevServerOutputTracker   :       at TypeScriptParserMixin.parseBlockOrModuleBlockBody (C:\Users\LENOVO I7\Desktop\Proyecto\Proyecto_NvidiaCorp\node_modules\@babel\parser\lib\index.js:13192:61)
2026-01-29T10:48:46.787-05:00  INFO 7564 --- [dev-server-output] c.v.b.devserver.DevServerOutputTracker   :       at TypeScriptParserMixin.parseBlockBody (C:\Users\LENOVO I7\Desktop\Proyecto\Proyecto_NvidiaCorp\node_modules\@babel\parser\lib\index.js:13185:10)
2026-01-29T10:48:46.788-05:00  INFO 7564 --- [dev-server-output] c.v.b.devserver.DevServerOutputTracker   :       at TypeScriptParserMixin.parseBlock (C:\Users\LENOVO I7\Desktop\Proyecto\Proyecto_NvidiaCorp\node_modules\@babel\parser\lib\index.js:13173:10)
2026-01-29T10:48:46.788-05:00  INFO 7564 --- [dev-server-output] c.v.b.devserver.DevServerOutputTracker   :       at TypeScriptParserMixin.parseFunctionBody (C:\Users\LENOVO I7\Desktop\Proyecto\Proyecto_NvidiaCorp\node_modules\@babel\parser\lib\index.js:12018:24)
2026-01-29T10:48:46.788-05:00  INFO 7564 --- [dev-server-output] c.v.b.devserver.DevServerOutputTracker   :       at TypeScriptParserMixin.parseArrowExpression (C:\Users\LENOVO I7\Desktop\Proyecto\Proyecto_NvidiaCorp\node_modules\@babel\parser\lib\index.js:11993:10)
2026-01-29T10:48:46.788-05:00  INFO 7564 --- [dev-server-output] c.v.b.devserver.DevServerOutputTracker   :       at TypeScriptParserMixin.parseAsyncArrowUnaryFunction (C:\Users\LENOVO I7\Desktop\Proyecto\Proyecto_NvidiaCorp\node_modules\@babel\parser\lib\index.js:11425:17)
2026-01-29T10:48:46.788-05:00  INFO 7564 --- [dev-server-output] c.v.b.devserver.DevServerOutputTracker   :       at TypeScriptParserMixin.parseExprAtom (C:\Users\LENOVO I7\Desktop\Proyecto\Proyecto_NvidiaCorp\node_modules\@babel\parser\lib\index.js:11343:29)
2026-01-29T10:48:46.788-05:00  INFO 7564 --- [dev-server-output] c.v.b.devserver.DevServerOutputTracker   :       at TypeScriptParserMixin.parseExprAtom (C:\Users\LENOVO I7\Desktop\Proyecto\Proyecto_NvidiaCorp\node_modules\@babel\parser\lib\index.js:4770:20)
2026-01-29T10:48:46.789-05:00  INFO 7564 --- [dev-server-output] c.v.b.devserver.DevServerOutputTracker   :       at TypeScriptParserMixin.parseExprSubscripts (C:\Users\LENOVO I7\Desktop\Proyecto\Proyecto_NvidiaCorp\node_modules\@babel\parser\lib\index.js:10992:23)
2026-01-29T10:48:46.789-05:00  INFO 7564 --- [dev-server-output] c.v.b.devserver.DevServerOutputTracker   :       at TypeScriptParserMixin.parseUpdate (C:\Users\LENOVO I7\Desktop\Proyecto\Proyecto_NvidiaCorp\node_modules\@babel\parser\lib\index.js:10977:21)
2026-01-29T10:48:46.789-05:00  INFO 7564 --- [dev-server-output] c.v.b.devserver.DevServerOutputTracker   :       at TypeScriptParserMixin.parseMaybeUnary (C:\Users\LENOVO I7\Desktop\Proyecto\Proyecto_NvidiaCorp\node_modules\@babel\parser\lib\index.js:10957:23)
2026-01-29T10:48:46.789-05:00  INFO 7564 --- [dev-server-output] c.v.b.devserver.DevServerOutputTracker   :       at TypeScriptParserMixin.parseMaybeUnary (C:\Users\LENOVO I7\Desktop\Proyecto\Proyecto_NvidiaCorp\node_modules\@babel\parser\lib\index.js:9779:18)
2026-01-29T10:48:46.789-05:00  INFO 7564 --- [dev-server-output] c.v.b.devserver.DevServerOutputTracker   :       at TypeScriptParserMixin.parseMaybeUnaryOrPrivate (C:\Users\LENOVO I7\Desktop\Proyecto\Proyecto_NvidiaCorp\node_modules\@babel\parser\lib\index.js:10810:61)
2026-01-29T10:48:46.789-05:00  INFO 7564 --- [dev-server-output] c.v.b.devserver.DevServerOutputTracker   :       at TypeScriptParserMixin.parseExprOps (C:\Users\LENOVO I7\Desktop\Proyecto\Proyecto_NvidiaCorp\node_modules\@babel\parser\lib\index.js:10815:23)
2026-01-29T10:48:46.789-05:00  INFO 7564 --- [dev-server-output] c.v.b.devserver.DevServerOutputTracker   :       at TypeScriptParserMixin.parseMaybeConditional (C:\Users\LENOVO I7\Desktop\Proyecto\Proyecto_NvidiaCorp\node_modules\@babel\parser\lib\index.js:10792:23)
2026-01-29T10:48:46.789-05:00  INFO 7564 --- [dev-server-output] c.v.b.devserver.DevServerOutputTracker   :       at TypeScriptParserMixin.parseMaybeAssign (C:\Users\LENOVO I7\Desktop\Proyecto\Proyecto_NvidiaCorp\node_modules\@babel\parser\lib\index.js:10745:21)
2026-01-29T10:48:46.789-05:00  INFO 7564 --- [dev-server-output] c.v.b.devserver.DevServerOutputTracker   :       at TypeScriptParserMixin.parseMaybeAssign (C:\Users\LENOVO I7\Desktop\Proyecto\Proyecto_NvidiaCorp\node_modules\@babel\parser\lib\index.js:9728:20)
2026-01-29T10:48:46.789-05:00  INFO 7564 --- [dev-server-output] c.v.b.devserver.DevServerOutputTracker   :       at C:\Users\LENOVO I7\Desktop\Proyecto\Proyecto_NvidiaCorp\node_modules\@babel\parser\lib\index.js:10714:39
2026-01-29T10:48:46.789-05:00  INFO 7564 --- [dev-server-output] c.v.b.devserver.DevServerOutputTracker   :       at TypeScriptParserMixin.allowInAnd (C:\Users\LENOVO I7\Desktop\Proyecto\Proyecto_NvidiaCorp\node_modules\@babel\parser\lib\index.js:12334:12)
2026-01-29T10:48:46.790-05:00  INFO 7564 --- [dev-server-output] c.v.b.devserver.DevServerOutputTracker   :       at TypeScriptParserMixin.parseMaybeAssignAllowIn (C:\Users\LENOVO I7\Desktop\Proyecto\Proyecto_NvidiaCorp\node_modules\@babel\parser\lib\index.js:10714:17)
2026-01-29T10:48:46.790-05:00  INFO 7564 --- [dev-server-output] c.v.b.devserver.DevServerOutputTracker   :       at TypeScriptParserMixin.parseExprListItem (C:\Users\LENOVO I7\Desktop\Proyecto\Proyecto_NvidiaCorp\node_modules\@babel\parser\lib\index.js:12093:18)
2026-01-29T10:48:46.790-05:00  INFO 7564 --- [dev-server-output] c.v.b.devserver.DevServerOutputTracker   :       at TypeScriptParserMixin.parseCallExpressionArguments (C:\Users\LENOVO I7\Desktop\Proyecto\Proyecto_NvidiaCorp\node_modules\@babel\parser\lib\index.js:11163:22)
2026-01-29T10:48:46.790-05:00  INFO 7564 --- [dev-server-output] c.v.b.devserver.DevServerOutputTracker   :       at TypeScriptParserMixin.parseCoverCallAndAsyncArrowHead (C:\Users\LENOVO I7\Desktop\Proyecto\Proyecto_NvidiaCorp\node_modules\@babel\parser\lib\index.js:11097:29)
2026-01-29T10:48:46.790-05:00  INFO 7564 --- [dev-server-output] c.v.b.devserver.DevServerOutputTracker   :       at TypeScriptParserMixin.parseSubscript (C:\Users\LENOVO I7\Desktop\Proyecto\Proyecto_NvidiaCorp\node_modules\@babel\parser\lib\index.js:11031:19)
2026-01-29T10:48:46.790-05:00  INFO 7564 --- [dev-server-output] c.v.b.devserver.DevServerOutputTracker   :       at TypeScriptParserMixin.parseSubscript (C:\Users\LENOVO I7\Desktop\Proyecto\Proyecto_NvidiaCorp\node_modules\@babel\parser\lib\index.js:9284:18)
2026-01-29T10:48:46.790-05:00  INFO 7564 --- [dev-server-output] c.v.b.devserver.DevServerOutputTracker   :       at TypeScriptParserMixin.parseSubscripts (C:\Users\LENOVO I7\Desktop\Proyecto\Proyecto_NvidiaCorp\node_modules\@babel\parser\lib\index.js:11005:19)
2026-01-29T10:48:46.790-05:00  INFO 7564 --- [dev-server-output] c.v.b.devserver.DevServerOutputTracker   :       at TypeScriptParserMixin.parseExprSubscripts (C:\Users\LENOVO I7\Desktop\Proyecto\Proyecto_NvidiaCorp\node_modules\@babel\parser\lib\index.js:10996:17)
2026-01-29T10:48:46.790-05:00  INFO 7564 --- [dev-server-output] c.v.b.devserver.DevServerOutputTracker   :       at TypeScriptParserMixin.parseUpdate (C:\Users\LENOVO I7\Desktop\Proyecto\Proyecto_NvidiaCorp\node_modules\@babel\parser\lib\index.js:10977:21)
2026-01-29T10:48:46.996-05:00  INFO 7564 --- [dev-server-output] c.v.b.devserver.DevServerOutputTracker   : 
2026-01-29T10:48:46.997-05:00  INFO 7564 --- [dev-server-output] c.v.b.devserver.DevServerOutputTracker   :  ERROR(TypeScript)  Declaration or statement expected.
2026-01-29T10:48:46.997-05:00  INFO 7564 --- [dev-server-output] c.v.b.devserver.DevServerOutputTracker   :  FILE  C:/Users/LENOVO I7/Desktop/Proyecto/Proyecto_NvidiaCorp/src/main/frontend/views/Pago-form.tsx:50:10
2026-01-29T10:48:46.997-05:00  INFO 7564 --- [dev-server-output] c.v.b.devserver.DevServerOutputTracker   : 
2026-01-29T10:48:46.997-05:00  INFO 7564 --- [dev-server-output] c.v.b.devserver.DevServerOutputTracker   :     48 | );
2026-01-29T10:48:46.997-05:00  INFO 7564 --- [dev-server-output] c.v.b.devserver.DevServerOutputTracker   :     49 |
2026-01-29T10:48:46.997-05:00  INFO 7564 --- [dev-server-output] c.v.b.devserver.DevServerOutputTracker   :   > 50 |         });
2026-01-29T10:48:46.997-05:00  INFO 7564 --- [dev-server-output] c.v.b.devserver.DevServerOutputTracker   :        |          ^
2026-01-29T10:48:46.997-05:00  INFO 7564 --- [dev-server-output] c.v.b.devserver.DevServerOutputTracker   :     51 |
2026-01-29T10:48:46.997-05:00  INFO 7564 --- [dev-server-output] c.v.b.devserver.DevServerOutputTracker   :     52 |         // 4?? Limpiar carrito
2026-01-29T10:48:46.997-05:00  INFO 7564 --- [dev-server-output] c.v.b.devserver.DevServerOutputTracker   :     53 |         setCarrito([]);
2026-01-29T10:48:46.997-05:00  INFO 7564 --- [dev-server-output] c.v.b.devserver.DevServerOutputTracker   : 
2026-01-29T10:48:46.997-05:00  INFO 7564 --- [dev-server-output] c.v.b.devserver.DevServerOutputTracker   :  ERROR(TypeScript)  ',' expected.
2026-01-29T10:48:46.997-05:00  INFO 7564 --- [dev-server-output] c.v.b.devserver.DevServerOutputTracker   :  FILE  C:/Users/LENOVO I7/Desktop/Proyecto/Proyecto_NvidiaCorp/src/main/frontend/views/Pago-form.tsx:64:9
2026-01-29T10:48:46.997-05:00  INFO 7564 --- [dev-server-output] c.v.b.devserver.DevServerOutputTracker   : 
2026-01-29T10:48:46.997-05:00  INFO 7564 --- [dev-server-output] c.v.b.devserver.DevServerOutputTracker   :     62 |         // 5?? Navegar
2026-01-29T10:48:46.997-05:00  INFO 7564 --- [dev-server-output] c.v.b.devserver.DevServerOutputTracker   :     63 |         navigate('/factura-list');
2026-01-29T10:48:46.997-05:00  INFO 7564 --- [dev-server-output] c.v.b.devserver.DevServerOutputTracker   :   > 64 |       } else {
2026-01-29T10:48:46.997-05:00  INFO 7564 --- [dev-server-output] c.v.b.devserver.DevServerOutputTracker   :        |         ^^^^
2026-01-29T10:48:46.997-05:00  INFO 7564 --- [dev-server-output] c.v.b.devserver.DevServerOutputTracker   :     65 |         Notification.show('Pago rechazado', {
2026-01-29T10:48:46.997-05:00  INFO 7564 --- [dev-server-output] c.v.b.devserver.DevServerOutputTracker   :     66 |           duration: 2000,
2026-01-29T10:48:46.997-05:00  INFO 7564 --- [dev-server-output] c.v.b.devserver.DevServerOutputTracker   :     67 |           position: 'top-center',
2026-01-29T10:48:46.997-05:00  INFO 7564 --- [dev-server-output] c.v.b.devserver.DevServerOutputTracker   : 
2026-01-29T10:48:46.997-05:00  INFO 7564 --- [dev-server-output] c.v.b.devserver.DevServerOutputTracker   :  ERROR(TypeScript)  ',' expected.
2026-01-29T10:48:46.997-05:00  INFO 7564 --- [dev-server-output] c.v.b.devserver.DevServerOutputTracker   :  FILE  C:/Users/LENOVO I7/Desktop/Proyecto/Proyecto_NvidiaCorp/src/main/frontend/views/Pago-form.tsx:65:21
2026-01-29T10:48:46.997-05:00  INFO 7564 --- [dev-server-output] c.v.b.devserver.DevServerOutputTracker   : 
2026-01-29T10:48:46.997-05:00  INFO 7564 --- [dev-server-output] c.v.b.devserver.DevServerOutputTracker   :     63 |         navigate('/factura-list');
2026-01-29T10:48:46.997-05:00  INFO 7564 --- [dev-server-output] c.v.b.devserver.DevServerOutputTracker   :     64 |       } else {
2026-01-29T10:48:46.997-05:00  INFO 7564 --- [dev-server-output] c.v.b.devserver.DevServerOutputTracker   :   > 65 |         Notification.show('Pago rechazado', {
2026-01-29T10:48:46.997-05:00  INFO 7564 --- [dev-server-output] c.v.b.devserver.DevServerOutputTracker   :        |                     ^
2026-01-29T10:48:46.997-05:00  INFO 7564 --- [dev-server-output] c.v.b.devserver.DevServerOutputTracker   :     66 |           duration: 2000,
2026-01-29T10:48:46.997-05:00  INFO 7564 --- [dev-server-output] c.v.b.devserver.DevServerOutputTracker   :     67 |           position: 'top-center',
2026-01-29T10:48:46.997-05:00  INFO 7564 --- [dev-server-output] c.v.b.devserver.DevServerOutputTracker   :     68 |           theme: 'error'
2026-01-29T10:48:46.997-05:00  INFO 7564 --- [dev-server-output] c.v.b.devserver.DevServerOutputTracker   : 
2026-01-29T10:48:46.997-05:00  INFO 7564 --- [dev-server-output] c.v.b.devserver.DevServerOutputTracker   :  ERROR(TypeScript)  ',' expected.
2026-01-29T10:48:46.997-05:00  INFO 7564 --- [dev-server-output] c.v.b.devserver.DevServerOutputTracker   :  FILE  C:/Users/LENOVO I7/Desktop/Proyecto/Proyecto_NvidiaCorp/src/main/frontend/views/Pago-form.tsx:69:11
2026-01-29T10:48:46.997-05:00  INFO 7564 --- [dev-server-output] c.v.b.devserver.DevServerOutputTracker   : 
2026-01-29T10:48:46.997-05:00  INFO 7564 --- [dev-server-output] c.v.b.devserver.DevServerOutputTracker   :     67 |           position: 'top-center',
2026-01-29T10:48:46.997-05:00  INFO 7564 --- [dev-server-output] c.v.b.devserver.DevServerOutputTracker   :     68 |           theme: 'error'
2026-01-29T10:48:46.997-05:00  INFO 7564 --- [dev-server-output] c.v.b.devserver.DevServerOutputTracker   :   > 69 |         });
2026-01-29T10:48:46.997-05:00  INFO 7564 --- [dev-server-output] c.v.b.devserver.DevServerOutputTracker   :        |           ^
2026-01-29T10:48:46.997-05:00  INFO 7564 --- [dev-server-output] c.v.b.devserver.DevServerOutputTracker   :     70 |         navigate('/factura-list');
2026-01-29T10:48:46.997-05:00  INFO 7564 --- [dev-server-output] c.v.b.devserver.DevServerOutputTracker   :     71 |       }
2026-01-29T10:48:46.997-05:00  INFO 7564 --- [dev-server-output] c.v.b.devserver.DevServerOutputTracker   :     72 |
2026-01-29T10:48:46.997-05:00  INFO 7564 --- [dev-server-output] c.v.b.devserver.DevServerOutputTracker   : 
2026-01-29T10:48:46.997-05:00  INFO 7564 --- [dev-server-output] c.v.b.devserver.DevServerOutputTracker   :  ERROR(TypeScript)  Identifier expected.
2026-01-29T10:48:46.997-05:00  INFO 7564 --- [dev-server-output] c.v.b.devserver.DevServerOutputTracker   :  FILE  C:/Users/LENOVO I7/Desktop/Proyecto/Proyecto_NvidiaCorp/src/main/frontend/views/Pago-form.tsx:70:18
2026-01-29T10:48:46.997-05:00  INFO 7564 --- [dev-server-output] c.v.b.devserver.DevServerOutputTracker   : 
2026-01-29T10:48:46.997-05:00  INFO 7564 --- [dev-server-output] c.v.b.devserver.DevServerOutputTracker   :     68 |           theme: 'error'
2026-01-29T10:48:46.997-05:00  INFO 7564 --- [dev-server-output] c.v.b.devserver.DevServerOutputTracker   :     69 |         });
2026-01-29T10:48:46.997-05:00  INFO 7564 --- [dev-server-output] c.v.b.devserver.DevServerOutputTracker   :   > 70 |         navigate('/factura-list');
2026-01-29T10:48:46.997-05:00  INFO 7564 --- [dev-server-output] c.v.b.devserver.DevServerOutputTracker   :        |                  ^^^^^^^^^^^^^^^
2026-01-29T10:48:46.997-05:00  INFO 7564 --- [dev-server-output] c.v.b.devserver.DevServerOutputTracker   :     71 |       }
2026-01-29T10:48:46.997-05:00  INFO 7564 --- [dev-server-output] c.v.b.devserver.DevServerOutputTracker   :     72 |
2026-01-29T10:48:46.997-05:00  INFO 7564 --- [dev-server-output] c.v.b.devserver.DevServerOutputTracker   :     73 |       window.history.replaceState({}, '', window.location.pathname);
2026-01-29T10:48:46.997-05:00  INFO 7564 --- [dev-server-output] c.v.b.devserver.DevServerOutputTracker   : 
2026-01-29T10:48:46.997-05:00  INFO 7564 --- [dev-server-output] c.v.b.devserver.DevServerOutputTracker   :  ERROR(TypeScript)  ',' expected.
2026-01-29T10:48:46.997-05:00  INFO 7564 --- [dev-server-output] c.v.b.devserver.DevServerOutputTracker   :  FILE  C:/Users/LENOVO I7/Desktop/Proyecto/Proyecto_NvidiaCorp/src/main/frontend/views/Pago-form.tsx:73:7
2026-01-29T10:48:46.997-05:00  INFO 7564 --- [dev-server-output] c.v.b.devserver.DevServerOutputTracker   : 
2026-01-29T10:48:46.997-05:00  INFO 7564 --- [dev-server-output] c.v.b.devserver.DevServerOutputTracker   :     71 |       }
2026-01-29T10:48:46.997-05:00  INFO 7564 --- [dev-server-output] c.v.b.devserver.DevServerOutputTracker   :     72 |
2026-01-29T10:48:46.997-05:00  INFO 7564 --- [dev-server-output] c.v.b.devserver.DevServerOutputTracker   :   > 73 |       window.history.replaceState({}, '', window.location.pathname);
2026-01-29T10:48:46.997-05:00  INFO 7564 --- [dev-server-output] c.v.b.devserver.DevServerOutputTracker   :        |       ^^^^^^
2026-01-29T10:48:46.997-05:00  INFO 7564 --- [dev-server-output] c.v.b.devserver.DevServerOutputTracker   :     74 |     });
2026-01-29T10:48:46.997-05:00  INFO 7564 --- [dev-server-output] c.v.b.devserver.DevServerOutputTracker   :     75 |   }, [id, carrito, navigate, setCarrito]);
2026-01-29T10:48:46.997-05:00  INFO 7564 --- [dev-server-output] c.v.b.devserver.DevServerOutputTracker   :     76 |
2026-01-29T10:48:46.997-05:00  INFO 7564 --- [dev-server-output] c.v.b.devserver.DevServerOutputTracker   : 
2026-01-29T10:48:46.997-05:00  INFO 7564 --- [dev-server-output] c.v.b.devserver.DevServerOutputTracker   :  ERROR(TypeScript)  ')' expected.
2026-01-29T10:48:46.997-05:00  INFO 7564 --- [dev-server-output] c.v.b.devserver.DevServerOutputTracker   :  FILE  C:/Users/LENOVO I7/Desktop/Proyecto/Proyecto_NvidiaCorp/src/main/frontend/views/Pago-form.tsx:73:68
2026-01-29T10:48:46.997-05:00  INFO 7564 --- [dev-server-output] c.v.b.devserver.DevServerOutputTracker   : 
2026-01-29T10:48:46.997-05:00  INFO 7564 --- [dev-server-output] c.v.b.devserver.DevServerOutputTracker   :     71 |       }
2026-01-29T10:48:46.997-05:00  INFO 7564 --- [dev-server-output] c.v.b.devserver.DevServerOutputTracker   :     72 |
2026-01-29T10:48:46.997-05:00  INFO 7564 --- [dev-server-output] c.v.b.devserver.DevServerOutputTracker   :   > 73 |       window.history.replaceState({}, '', window.location.pathname);
2026-01-29T10:48:46.997-05:00  INFO 7564 --- [dev-server-output] c.v.b.devserver.DevServerOutputTracker   :        |                                                                    ^
2026-01-29T10:48:47.003-05:00  INFO 7564 --- [dev-server-output] c.v.b.devserver.DevServerOutputTracker   :     74 |     });
2026-01-29T10:48:47.003-05:00  INFO 7564 --- [dev-server-output] c.v.b.devserver.DevServerOutputTracker   :     75 |   }, [id, carrito, navigate, setCarrito]);
2026-01-29T10:48:47.003-05:00  INFO 7564 --- [dev-server-output] c.v.b.devserver.DevServerOutputTracker   :     76 |
2026-01-29T10:48:47.003-05:00  INFO 7564 --- [dev-server-output] c.v.b.devserver.DevServerOutputTracker   : 
2026-01-29T10:48:47.003-05:00  INFO 7564 --- [dev-server-output] c.v.b.devserver.DevServerOutputTracker   :  ERROR(TypeScript)  Declaration or statement expected.
2026-01-29T10:48:47.003-05:00  INFO 7564 --- [dev-server-output] c.v.b.devserver.DevServerOutputTracker   :  FILE  C:/Users/LENOVO I7/Desktop/Proyecto/Proyecto_NvidiaCorp/src/main/frontend/views/Pago-form.tsx:74:6
2026-01-29T10:48:47.003-05:00  INFO 7564 --- [dev-server-output] c.v.b.devserver.DevServerOutputTracker   : 
2026-01-29T10:48:47.003-05:00  INFO 7564 --- [dev-server-output] c.v.b.devserver.DevServerOutputTracker   :     72 |
2026-01-29T10:48:47.003-05:00  INFO 7564 --- [dev-server-output] c.v.b.devserver.DevServerOutputTracker   :     73 |       window.history.replaceState({}, '', window.location.pathname);
2026-01-29T10:48:47.003-05:00  INFO 7564 --- [dev-server-output] c.v.b.devserver.DevServerOutputTracker   :   > 74 |     });
2026-01-29T10:48:47.003-05:00  INFO 7564 --- [dev-server-output] c.v.b.devserver.DevServerOutputTracker   :        |      ^
2026-01-29T10:48:47.003-05:00  INFO 7564 --- [dev-server-output] c.v.b.devserver.DevServerOutputTracker   :     75 |   }, [id, carrito, navigate, setCarrito]);
2026-01-29T10:48:47.003-05:00  INFO 7564 --- [dev-server-output] c.v.b.devserver.DevServerOutputTracker   :     76 |
2026-01-29T10:48:47.003-05:00  INFO 7564 --- [dev-server-output] c.v.b.devserver.DevServerOutputTracker   :     77 |   useEffect(() => {
2026-01-29T10:48:47.003-05:00  INFO 7564 --- [dev-server-output] c.v.b.devserver.DevServerOutputTracker   : 
2026-01-29T10:48:47.003-05:00  INFO 7564 --- [dev-server-output] c.v.b.devserver.DevServerOutputTracker   :  ERROR(TypeScript)  Declaration or statement expected.
2026-01-29T10:48:47.003-05:00  INFO 7564 --- [dev-server-output] c.v.b.devserver.DevServerOutputTracker   :  FILE  C:/Users/LENOVO I7/Desktop/Proyecto/Proyecto_NvidiaCorp/src/main/frontend/views/Pago-form.tsx:75:3
2026-01-29T10:48:47.003-05:00  INFO 7564 --- [dev-server-output] c.v.b.devserver.DevServerOutputTracker   : 
2026-01-29T10:48:47.003-05:00  INFO 7564 --- [dev-server-output] c.v.b.devserver.DevServerOutputTracker   :     73 |       window.history.replaceState({}, '', window.location.pathname);
2026-01-29T10:48:47.003-05:00  INFO 7564 --- [dev-server-output] c.v.b.devserver.DevServerOutputTracker   :     74 |     });
2026-01-29T10:48:47.003-05:00  INFO 7564 --- [dev-server-output] c.v.b.devserver.DevServerOutputTracker   :   > 75 |   }, [id, carrito, navigate, setCarrito]);
2026-01-29T10:48:47.003-05:00  INFO 7564 --- [dev-server-output] c.v.b.devserver.DevServerOutputTracker   :        |   ^
2026-01-29T10:48:47.003-05:00  INFO 7564 --- [dev-server-output] c.v.b.devserver.DevServerOutputTracker   :     76 |
2026-01-29T10:48:47.003-05:00  INFO 7564 --- [dev-server-output] c.v.b.devserver.DevServerOutputTracker   :     77 |   useEffect(() => {
2026-01-29T10:48:47.003-05:00  INFO 7564 --- [dev-server-output] c.v.b.devserver.DevServerOutputTracker   :     78 |     if (!checkoutId) return;
2026-01-29T10:48:47.003-05:00  INFO 7564 --- [dev-server-output] c.v.b.devserver.DevServerOutputTracker   : 
2026-01-29T10:48:47.004-05:00  INFO 7564 --- [dev-server-output] c.v.b.devserver.DevServerOutputTracker   :  ERROR(TypeScript)  Declaration or statement expected.
2026-01-29T10:48:47.004-05:00  INFO 7564 --- [dev-server-output] c.v.b.devserver.DevServerOutputTracker   :  FILE  C:/Users/LENOVO I7/Desktop/Proyecto/Proyecto_NvidiaCorp/src/main/frontend/views/Pago-form.tsx:75:4
2026-01-29T10:48:47.004-05:00  INFO 7564 --- [dev-server-output] c.v.b.devserver.DevServerOutputTracker   : 
2026-01-29T10:48:47.004-05:00  INFO 7564 --- [dev-server-output] c.v.b.devserver.DevServerOutputTracker   :     73 |       window.history.replaceState({}, '', window.location.pathname);
2026-01-29T10:48:47.004-05:00  INFO 7564 --- [dev-server-output] c.v.b.devserver.DevServerOutputTracker   :     74 |     });
2026-01-29T10:48:47.004-05:00  INFO 7564 --- [dev-server-output] c.v.b.devserver.DevServerOutputTracker   :   > 75 |   }, [id, carrito, navigate, setCarrito]);
2026-01-29T10:48:47.004-05:00  INFO 7564 --- [dev-server-output] c.v.b.devserver.DevServerOutputTracker   :        |    ^
2026-01-29T10:48:47.004-05:00  INFO 7564 --- [dev-server-output] c.v.b.devserver.DevServerOutputTracker   :     76 |
2026-01-29T10:48:47.004-05:00  INFO 7564 --- [dev-server-output] c.v.b.devserver.DevServerOutputTracker   :     77 |   useEffect(() => {
2026-01-29T10:48:47.004-05:00  INFO 7564 --- [dev-server-output] c.v.b.devserver.DevServerOutputTracker   :     78 |     if (!checkoutId) return;
2026-01-29T10:48:47.004-05:00  INFO 7564 --- [dev-server-output] c.v.b.devserver.DevServerOutputTracker   : 
2026-01-29T10:48:47.004-05:00  INFO 7564 --- [dev-server-output] c.v.b.devserver.DevServerOutputTracker   :  ERROR(TypeScript)  ';' expected.
2026-01-29T10:48:47.004-05:00  INFO 7564 --- [dev-server-output] c.v.b.devserver.DevServerOutputTracker   :  FILE  C:/Users/LENOVO I7/Desktop/Proyecto/Proyecto_NvidiaCorp/src/main/frontend/views/Pago-form.tsx:75:41
2026-01-29T10:48:47.004-05:00  INFO 7564 --- [dev-server-output] c.v.b.devserver.DevServerOutputTracker   : 
2026-01-29T10:48:47.004-05:00  INFO 7564 --- [dev-server-output] c.v.b.devserver.DevServerOutputTracker   :     73 |       window.history.replaceState({}, '', window.location.pathname);
2026-01-29T10:48:47.004-05:00  INFO 7564 --- [dev-server-output] c.v.b.devserver.DevServerOutputTracker   :     74 |     });
2026-01-29T10:48:47.004-05:00  INFO 7564 --- [dev-server-output] c.v.b.devserver.DevServerOutputTracker   :   > 75 |   }, [id, carrito, navigate, setCarrito]);
2026-01-29T10:48:47.004-05:00  INFO 7564 --- [dev-server-output] c.v.b.devserver.DevServerOutputTracker   :        |                                         ^
2026-01-29T10:48:47.004-05:00  INFO 7564 --- [dev-server-output] c.v.b.devserver.DevServerOutputTracker   :     76 |
2026-01-29T10:48:47.004-05:00  INFO 7564 --- [dev-server-output] c.v.b.devserver.DevServerOutputTracker   :     77 |   useEffect(() => {
2026-01-29T10:48:47.004-05:00  INFO 7564 --- [dev-server-output] c.v.b.devserver.DevServerOutputTracker   :     78 |     if (!checkoutId) return;
2026-01-29T10:48:47.004-05:00  INFO 7564 --- [dev-server-output] c.v.b.devserver.DevServerOutputTracker   : 
2026-01-29T10:48:47.005-05:00  INFO 7564 --- [dev-server-output] c.v.b.devserver.DevServerOutputTracker   :  ERROR(TypeScript)  Declaration or statement expected.
2026-01-29T10:48:47.005-05:00  INFO 7564 --- [dev-server-output] c.v.b.devserver.DevServerOutputTracker   :  FILE  C:/Users/LENOVO I7/Desktop/Proyecto/Proyecto_NvidiaCorp/src/main/frontend/views/Pago-form.tsx:125:1
2026-01-29T10:48:47.005-05:00  INFO 7564 --- [dev-server-output] c.v.b.devserver.DevServerOutputTracker   : 
2026-01-29T10:48:47.005-05:00  INFO 7564 --- [dev-server-output] c.v.b.devserver.DevServerOutputTracker   :     123 |     </main>
2026-01-29T10:48:47.005-05:00  INFO 7564 --- [dev-server-output] c.v.b.devserver.DevServerOutputTracker   :     124 |   );
2026-01-29T10:48:47.005-05:00  INFO 7564 --- [dev-server-output] c.v.b.devserver.DevServerOutputTracker   :   > 125 | }
2026-01-29T10:48:47.005-05:00  INFO 7564 --- [dev-server-output] c.v.b.devserver.DevServerOutputTracker   :         | ^
2026-01-29T10:48:47.005-05:00  INFO 7564 --- [dev-server-output] c.v.b.devserver.DevServerOutputTracker   :     126 |
2026-01-29T10:48:47.005-05:00  INFO 7564 --- [dev-server-output] c.v.b.devserver.DevServerOutputTracker   : 
2026-01-29T10:48:47.005-05:00  INFO 7564 --- [dev-server-output] c.v.b.devserver.DevServerOutputTracker   : [TypeScript] Found 12 errors. Watching for file changes.
2026-01-29T10:49:20.499-05:00  INFO 7564 --- [dev-server-output] c.v.b.devserver.DevServerOutputTracker   : 10:49:20 a. m. [vite] (client) hmr update /views/Pago-form.tsx
2026-01-29T10:49:20.515-05:00  INFO 7564 --- [dev-server-output] c.v.b.devserver.DevServerOutputTracker   : 10:49:20 a. m. [vite] Internal server error: C:\Users\LENOVO I7\Desktop\Proyecto\Proyecto_NvidiaCorp\src\main\frontend\views\Pago-form.tsx: Unexpected token (34:9)
2026-01-29T10:49:20.515-05:00  INFO 7564 --- [dev-server-output] c.v.b.devserver.DevServerOutputTracker   : 
2026-01-29T10:49:20.515-05:00  INFO 7564 --- [dev-server-output] c.v.b.devserver.DevServerOutputTracker   :   32 |         // 2?? Calcular totales
2026-01-29T10:49:20.516-05:00  INFO 7564 --- [dev-server-output] c.v.b.devserver.DevServerOutputTracker   :   33 |
2026-01-29T10:49:20.516-05:00  INFO 7564 --- [dev-server-output] c.v.b.devserver.DevServerOutputTracker   : > 34 |         });
2026-01-29T10:49:20.516-05:00  INFO 7564 --- [dev-server-output] c.v.b.devserver.DevServerOutputTracker   :      |          ^
2026-01-29T10:49:20.516-05:00  INFO 7564 --- [dev-server-output] c.v.b.devserver.DevServerOutputTracker   :   35 |
2026-01-29T10:49:20.516-05:00  INFO 7564 --- [dev-server-output] c.v.b.devserver.DevServerOutputTracker   :   36 |         // 4?? Limpiar carrito
2026-01-29T10:49:20.516-05:00  INFO 7564 --- [dev-server-output] c.v.b.devserver.DevServerOutputTracker   :   37 |         setCarrito([]);
2026-01-29T10:49:20.516-05:00  INFO 7564 --- [dev-server-output] c.v.b.devserver.DevServerOutputTracker   :   Plugin: vite:react-babel
2026-01-29T10:49:20.516-05:00  INFO 7564 --- [dev-server-output] c.v.b.devserver.DevServerOutputTracker   :   File: C:/Users/LENOVO I7/Desktop/Proyecto/Proyecto_NvidiaCorp/src/main/frontend/views/Pago-form.tsx:34:9
2026-01-29T10:49:20.517-05:00  INFO 7564 --- [dev-server-output] c.v.b.devserver.DevServerOutputTracker   :   34 |          });
2026-01-29T10:49:20.517-05:00  INFO 7564 --- [dev-server-output] c.v.b.devserver.DevServerOutputTracker   :   35 |  
2026-01-29T10:49:20.517-05:00  INFO 7564 --- [dev-server-output] c.v.b.devserver.DevServerOutputTracker   :   36 |          // 4?? Limpiar carrito
2026-01-29T10:49:20.517-05:00  INFO 7564 --- [dev-server-output] c.v.b.devserver.DevServerOutputTracker   :      |                               ^
2026-01-29T10:49:20.518-05:00  INFO 7564 --- [dev-server-output] c.v.b.devserver.DevServerOutputTracker   :   37 |          setCarrito([]);
2026-01-29T10:49:20.518-05:00  INFO 7564 --- [dev-server-output] c.v.b.devserver.DevServerOutputTracker   :   38 |          localStorage.removeItem('carrito');
2026-01-29T10:49:20.518-05:00  INFO 7564 --- [dev-server-output] c.v.b.devserver.DevServerOutputTracker   :       at constructor (C:\Users\LENOVO I7\Desktop\Proyecto\Proyecto_NvidiaCorp\node_modules\@babel\parser\lib\index.js:360:19)
2026-01-29T10:49:20.518-05:00  INFO 7564 --- [dev-server-output] c.v.b.devserver.DevServerOutputTracker   :       at TypeScriptParserMixin.raise (C:\Users\LENOVO I7\Desktop\Proyecto\Proyecto_NvidiaCorp\node_modules\@babel\parser\lib\index.js:6613:19)
2026-01-29T10:49:20.518-05:00  INFO 7564 --- [dev-server-output] c.v.b.devserver.DevServerOutputTracker   :       at TypeScriptParserMixin.unexpected (C:\Users\LENOVO I7\Desktop\Proyecto\Proyecto_NvidiaCorp\node_modules\@babel\parser\lib\index.js:6633:16)
2026-01-29T10:49:20.519-05:00  INFO 7564 --- [dev-server-output] c.v.b.devserver.DevServerOutputTracker   :       at TypeScriptParserMixin.parseExprAtom (C:\Users\LENOVO I7\Desktop\Proyecto\Proyecto_NvidiaCorp\node_modules\@babel\parser\lib\index.js:11358:16)
2026-01-29T10:49:20.519-05:00  INFO 7564 --- [dev-server-output] c.v.b.devserver.DevServerOutputTracker   :       at TypeScriptParserMixin.parseExprAtom (C:\Users\LENOVO I7\Desktop\Proyecto\Proyecto_NvidiaCorp\node_modules\@babel\parser\lib\index.js:4770:20)
2026-01-29T10:49:20.519-05:00  INFO 7564 --- [dev-server-output] c.v.b.devserver.DevServerOutputTracker   :       at TypeScriptParserMixin.parseExprSubscripts (C:\Users\LENOVO I7\Desktop\Proyecto\Proyecto_NvidiaCorp\node_modules\@babel\parser\lib\index.js:10992:23)
2026-01-29T10:49:20.519-05:00  INFO 7564 --- [dev-server-output] c.v.b.devserver.DevServerOutputTracker   :       at TypeScriptParserMixin.parseUpdate (C:\Users\LENOVO I7\Desktop\Proyecto\Proyecto_NvidiaCorp\node_modules\@babel\parser\lib\index.js:10977:21)
2026-01-29T10:49:20.519-05:00  INFO 7564 --- [dev-server-output] c.v.b.devserver.DevServerOutputTracker   :       at TypeScriptParserMixin.parseMaybeUnary (C:\Users\LENOVO I7\Desktop\Proyecto\Proyecto_NvidiaCorp\node_modules\@babel\parser\lib\index.js:10957:23)
2026-01-29T10:49:20.519-05:00  INFO 7564 --- [dev-server-output] c.v.b.devserver.DevServerOutputTracker   :       at TypeScriptParserMixin.parseMaybeUnary (C:\Users\LENOVO I7\Desktop\Proyecto\Proyecto_NvidiaCorp\node_modules\@babel\parser\lib\index.js:9779:18)
2026-01-29T10:49:20.520-05:00  INFO 7564 --- [dev-server-output] c.v.b.devserver.DevServerOutputTracker   :       at TypeScriptParserMixin.parseMaybeUnaryOrPrivate (C:\Users\LENOVO I7\Desktop\Proyecto\Proyecto_NvidiaCorp\node_modules\@babel\parser\lib\index.js:10810:61)
2026-01-29T10:49:20.520-05:00  INFO 7564 --- [dev-server-output] c.v.b.devserver.DevServerOutputTracker   :       at TypeScriptParserMixin.parseExprOps (C:\Users\LENOVO I7\Desktop\Proyecto\Proyecto_NvidiaCorp\node_modules\@babel\parser\lib\index.js:10815:23)
2026-01-29T10:49:20.520-05:00  INFO 7564 --- [dev-server-output] c.v.b.devserver.DevServerOutputTracker   :       at TypeScriptParserMixin.parseMaybeConditional (C:\Users\LENOVO I7\Desktop\Proyecto\Proyecto_NvidiaCorp\node_modules\@babel\parser\lib\index.js:10792:23)
2026-01-29T10:49:20.520-05:00  INFO 7564 --- [dev-server-output] c.v.b.devserver.DevServerOutputTracker   :       at TypeScriptParserMixin.parseMaybeAssign (C:\Users\LENOVO I7\Desktop\Proyecto\Proyecto_NvidiaCorp\node_modules\@babel\parser\lib\index.js:10745:21)
2026-01-29T10:49:20.520-05:00  INFO 7564 --- [dev-server-output] c.v.b.devserver.DevServerOutputTracker   :       at TypeScriptParserMixin.parseMaybeAssign (C:\Users\LENOVO I7\Desktop\Proyecto\Proyecto_NvidiaCorp\node_modules\@babel\parser\lib\index.js:9728:20)
2026-01-29T10:49:20.520-05:00  INFO 7564 --- [dev-server-output] c.v.b.devserver.DevServerOutputTracker   :       at TypeScriptParserMixin.parseExpressionBase (C:\Users\LENOVO I7\Desktop\Proyecto\Proyecto_NvidiaCorp\node_modules\@babel\parser\lib\index.js:10698:23)
2026-01-29T10:49:20.520-05:00  INFO 7564 --- [dev-server-output] c.v.b.devserver.DevServerOutputTracker   :       at C:\Users\LENOVO I7\Desktop\Proyecto\Proyecto_NvidiaCorp\node_modules\@babel\parser\lib\index.js:10694:39
2026-01-29T10:49:20.520-05:00  INFO 7564 --- [dev-server-output] c.v.b.devserver.DevServerOutputTracker   :       at TypeScriptParserMixin.allowInAnd (C:\Users\LENOVO I7\Desktop\Proyecto\Proyecto_NvidiaCorp\node_modules\@babel\parser\lib\index.js:12329:16)
2026-01-29T10:49:20.520-05:00  INFO 7564 --- [dev-server-output] c.v.b.devserver.DevServerOutputTracker   :       at TypeScriptParserMixin.parseExpression (C:\Users\LENOVO I7\Desktop\Proyecto\Proyecto_NvidiaCorp\node_modules\@babel\parser\lib\index.js:10694:17)
2026-01-29T10:49:20.520-05:00  INFO 7564 --- [dev-server-output] c.v.b.devserver.DevServerOutputTracker   :       at TypeScriptParserMixin.parseStatementContent (C:\Users\LENOVO I7\Desktop\Proyecto\Proyecto_NvidiaCorp\node_modules\@babel\parser\lib\index.js:12771:23)
2026-01-29T10:49:20.521-05:00  INFO 7564 --- [dev-server-output] c.v.b.devserver.DevServerOutputTracker   :       at TypeScriptParserMixin.parseStatementContent (C:\Users\LENOVO I7\Desktop\Proyecto\Proyecto_NvidiaCorp\node_modules\@babel\parser\lib\index.js:9454:18)
2026-01-29T10:49:20.521-05:00  INFO 7564 --- [dev-server-output] c.v.b.devserver.DevServerOutputTracker   :       at TypeScriptParserMixin.parseStatementLike (C:\Users\LENOVO I7\Desktop\Proyecto\Proyecto_NvidiaCorp\node_modules\@babel\parser\lib\index.js:12644:17)
2026-01-29T10:49:20.521-05:00  INFO 7564 --- [dev-server-output] c.v.b.devserver.DevServerOutputTracker   :       at TypeScriptParserMixin.parseStatementListItem (C:\Users\LENOVO I7\Desktop\Proyecto\Proyecto_NvidiaCorp\node_modules\@babel\parser\lib\index.js:12624:17)
2026-01-29T10:49:20.521-05:00  INFO 7564 --- [dev-server-output] c.v.b.devserver.DevServerOutputTracker   :       at TypeScriptParserMixin.parseBlockOrModuleBlockBody (C:\Users\LENOVO I7\Desktop\Proyecto\Proyecto_NvidiaCorp\node_modules\@babel\parser\lib\index.js:13192:61)
2026-01-29T10:49:20.521-05:00  INFO 7564 --- [dev-server-output] c.v.b.devserver.DevServerOutputTracker   :       at TypeScriptParserMixin.parseBlockBody (C:\Users\LENOVO I7\Desktop\Proyecto\Proyecto_NvidiaCorp\node_modules\@babel\parser\lib\index.js:13185:10)
2026-01-29T10:49:20.521-05:00  INFO 7564 --- [dev-server-output] c.v.b.devserver.DevServerOutputTracker   :       at TypeScriptParserMixin.parseBlock (C:\Users\LENOVO I7\Desktop\Proyecto\Proyecto_NvidiaCorp\node_modules\@babel\parser\lib\index.js:13173:10)
2026-01-29T10:49:20.523-05:00  INFO 7564 --- [dev-server-output] c.v.b.devserver.DevServerOutputTracker   :       at TypeScriptParserMixin.parseFunctionBody (C:\Users\LENOVO I7\Desktop\Proyecto\Proyecto_NvidiaCorp\node_modules\@babel\parser\lib\index.js:12018:24)
2026-01-29T10:49:20.523-05:00  INFO 7564 --- [dev-server-output] c.v.b.devserver.DevServerOutputTracker   :       at TypeScriptParserMixin.parseArrowExpression (C:\Users\LENOVO I7\Desktop\Proyecto\Proyecto_NvidiaCorp\node_modules\@babel\parser\lib\index.js:11993:10)
2026-01-29T10:49:20.523-05:00  INFO 7564 --- [dev-server-output] c.v.b.devserver.DevServerOutputTracker   :       at TypeScriptParserMixin.parseAsyncArrowUnaryFunction (C:\Users\LENOVO I7\Desktop\Proyecto\Proyecto_NvidiaCorp\node_modules\@babel\parser\lib\index.js:11425:17)
2026-01-29T10:49:20.523-05:00  INFO 7564 --- [dev-server-output] c.v.b.devserver.DevServerOutputTracker   :       at TypeScriptParserMixin.parseExprAtom (C:\Users\LENOVO I7\Desktop\Proyecto\Proyecto_NvidiaCorp\node_modules\@babel\parser\lib\index.js:11343:29)
2026-01-29T10:49:20.523-05:00  INFO 7564 --- [dev-server-output] c.v.b.devserver.DevServerOutputTracker   :       at TypeScriptParserMixin.parseExprAtom (C:\Users\LENOVO I7\Desktop\Proyecto\Proyecto_NvidiaCorp\node_modules\@babel\parser\lib\index.js:4770:20)
2026-01-29T10:49:20.523-05:00  INFO 7564 --- [dev-server-output] c.v.b.devserver.DevServerOutputTracker   :       at TypeScriptParserMixin.parseExprSubscripts (C:\Users\LENOVO I7\Desktop\Proyecto\Proyecto_NvidiaCorp\node_modules\@babel\parser\lib\index.js:10992:23)
2026-01-29T10:49:20.523-05:00  INFO 7564 --- [dev-server-output] c.v.b.devserver.DevServerOutputTracker   :       at TypeScriptParserMixin.parseUpdate (C:\Users\LENOVO I7\Desktop\Proyecto\Proyecto_NvidiaCorp\node_modules\@babel\parser\lib\index.js:10977:21)
2026-01-29T10:49:20.523-05:00  INFO 7564 --- [dev-server-output] c.v.b.devserver.DevServerOutputTracker   :       at TypeScriptParserMixin.parseMaybeUnary (C:\Users\LENOVO I7\Desktop\Proyecto\Proyecto_NvidiaCorp\node_modules\@babel\parser\lib\index.js:10957:23)
2026-01-29T10:49:20.524-05:00  INFO 7564 --- [dev-server-output] c.v.b.devserver.DevServerOutputTracker   :       at TypeScriptParserMixin.parseMaybeUnary (C:\Users\LENOVO I7\Desktop\Proyecto\Proyecto_NvidiaCorp\node_modules\@babel\parser\lib\index.js:9779:18)
2026-01-29T10:49:20.524-05:00  INFO 7564 --- [dev-server-output] c.v.b.devserver.DevServerOutputTracker   :       at TypeScriptParserMixin.parseMaybeUnaryOrPrivate (C:\Users\LENOVO I7\Desktop\Proyecto\Proyecto_NvidiaCorp\node_modules\@babel\parser\lib\index.js:10810:61)
2026-01-29T10:49:20.524-05:00  INFO 7564 --- [dev-server-output] c.v.b.devserver.DevServerOutputTracker   :       at TypeScriptParserMixin.parseExprOps (C:\Users\LENOVO I7\Desktop\Proyecto\Proyecto_NvidiaCorp\node_modules\@babel\parser\lib\index.js:10815:23)
2026-01-29T10:49:20.524-05:00  INFO 7564 --- [dev-server-output] c.v.b.devserver.DevServerOutputTracker   :       at TypeScriptParserMixin.parseMaybeConditional (C:\Users\LENOVO I7\Desktop\Proyecto\Proyecto_NvidiaCorp\node_modules\@babel\parser\lib\index.js:10792:23)
2026-01-29T10:49:20.524-05:00  INFO 7564 --- [dev-server-output] c.v.b.devserver.DevServerOutputTracker   :       at TypeScriptParserMixin.parseMaybeAssign (C:\Users\LENOVO I7\Desktop\Proyecto\Proyecto_NvidiaCorp\node_modules\@babel\parser\lib\index.js:10745:21)
2026-01-29T10:49:20.525-05:00  INFO 7564 --- [dev-server-output] c.v.b.devserver.DevServerOutputTracker   :       at TypeScriptParserMixin.parseMaybeAssign (C:\Users\LENOVO I7\Desktop\Proyecto\Proyecto_NvidiaCorp\node_modules\@babel\parser\lib\index.js:9728:20)
2026-01-29T10:49:20.525-05:00  INFO 7564 --- [dev-server-output] c.v.b.devserver.DevServerOutputTracker   :       at C:\Users\LENOVO I7\Desktop\Proyecto\Proyecto_NvidiaCorp\node_modules\@babel\parser\lib\index.js:10714:39
2026-01-29T10:49:20.525-05:00  INFO 7564 --- [dev-server-output] c.v.b.devserver.DevServerOutputTracker   :       at TypeScriptParserMixin.allowInAnd (C:\Users\LENOVO I7\Desktop\Proyecto\Proyecto_NvidiaCorp\node_modules\@babel\parser\lib\index.js:12334:12)
2026-01-29T10:49:20.525-05:00  INFO 7564 --- [dev-server-output] c.v.b.devserver.DevServerOutputTracker   :       at TypeScriptParserMixin.parseMaybeAssignAllowIn (C:\Users\LENOVO I7\Desktop\Proyecto\Proyecto_NvidiaCorp\node_modules\@babel\parser\lib\index.js:10714:17)
2026-01-29T10:49:20.525-05:00  INFO 7564 --- [dev-server-output] c.v.b.devserver.DevServerOutputTracker   :       at TypeScriptParserMixin.parseExprListItem (C:\Users\LENOVO I7\Desktop\Proyecto\Proyecto_NvidiaCorp\node_modules\@babel\parser\lib\index.js:12093:18)
2026-01-29T10:49:20.526-05:00  INFO 7564 --- [dev-server-output] c.v.b.devserver.DevServerOutputTracker   :       at TypeScriptParserMixin.parseCallExpressionArguments (C:\Users\LENOVO I7\Desktop\Proyecto\Proyecto_NvidiaCorp\node_modules\@babel\parser\lib\index.js:11163:22)
2026-01-29T10:49:20.526-05:00  INFO 7564 --- [dev-server-output] c.v.b.devserver.DevServerOutputTracker   :       at TypeScriptParserMixin.parseCoverCallAndAsyncArrowHead (C:\Users\LENOVO I7\Desktop\Proyecto\Proyecto_NvidiaCorp\node_modules\@babel\parser\lib\index.js:11097:29)
2026-01-29T10:49:20.526-05:00  INFO 7564 --- [dev-server-output] c.v.b.devserver.DevServerOutputTracker   :       at TypeScriptParserMixin.parseSubscript (C:\Users\LENOVO I7\Desktop\Proyecto\Proyecto_NvidiaCorp\node_modules\@babel\parser\lib\index.js:11031:19)
2026-01-29T10:49:20.526-05:00  INFO 7564 --- [dev-server-output] c.v.b.devserver.DevServerOutputTracker   :       at TypeScriptParserMixin.parseSubscript (C:\Users\LENOVO I7\Desktop\Proyecto\Proyecto_NvidiaCorp\node_modules\@babel\parser\lib\index.js:9284:18)
2026-01-29T10:49:20.526-05:00  INFO 7564 --- [dev-server-output] c.v.b.devserver.DevServerOutputTracker   :       at TypeScriptParserMixin.parseSubscripts (C:\Users\LENOVO I7\Desktop\Proyecto\Proyecto_NvidiaCorp\node_modules\@babel\parser\lib\index.js:11005:19)
2026-01-29T10:49:20.526-05:00  INFO 7564 --- [dev-server-output] c.v.b.devserver.DevServerOutputTracker   :       at TypeScriptParserMixin.parseExprSubscripts (C:\Users\LENOVO I7\Desktop\Proyecto\Proyecto_NvidiaCorp\node_modules\@babel\parser\lib\index.js:10996:17)
2026-01-29T10:49:20.526-05:00  INFO 7564 --- [dev-server-output] c.v.b.devserver.DevServerOutputTracker   :       at TypeScriptParserMixin.parseUpdate (C:\Users\LENOVO I7\Desktop\Proyecto\Proyecto_NvidiaCorp\node_modules\@babel\parser\lib\index.js:10977:21)
2026-01-29T10:49:20.809-05:00  INFO 7564 --- [dev-server-output] c.v.b.devserver.DevServerOutputTracker   : 
2026-01-29T10:49:20.809-05:00  INFO 7564 --- [dev-server-output] c.v.b.devserver.DevServerOutputTracker   :  ERROR(TypeScript)  Declaration or statement expected.
2026-01-29T10:49:20.810-05:00  INFO 7564 --- [dev-server-output] c.v.b.devserver.DevServerOutputTracker   :  FILE  C:/Users/LENOVO I7/Desktop/Proyecto/Proyecto_NvidiaCorp/src/main/frontend/views/Pago-form.tsx:34:10
2026-01-29T10:49:20.810-05:00  INFO 7564 --- [dev-server-output] c.v.b.devserver.DevServerOutputTracker   : 
2026-01-29T10:49:20.810-05:00  INFO 7564 --- [dev-server-output] c.v.b.devserver.DevServerOutputTracker   :     32 |         // 2?? Calcular totales
2026-01-29T10:49:20.810-05:00  INFO 7564 --- [dev-server-output] c.v.b.devserver.DevServerOutputTracker   :     33 |
2026-01-29T10:49:20.810-05:00  INFO 7564 --- [dev-server-output] c.v.b.devserver.DevServerOutputTracker   :   > 34 |         });
2026-01-29T10:49:20.810-05:00  INFO 7564 --- [dev-server-output] c.v.b.devserver.DevServerOutputTracker   :        |          ^
2026-01-29T10:49:20.810-05:00  INFO 7564 --- [dev-server-output] c.v.b.devserver.DevServerOutputTracker   :     35 |
2026-01-29T10:49:20.811-05:00  INFO 7564 --- [dev-server-output] c.v.b.devserver.DevServerOutputTracker   :     36 |         // 4?? Limpiar carrito
2026-01-29T10:49:20.811-05:00  INFO 7564 --- [dev-server-output] c.v.b.devserver.DevServerOutputTracker   :     37 |         setCarrito([]);
2026-01-29T10:49:20.811-05:00  INFO 7564 --- [dev-server-output] c.v.b.devserver.DevServerOutputTracker   : 
2026-01-29T10:49:20.811-05:00  INFO 7564 --- [dev-server-output] c.v.b.devserver.DevServerOutputTracker   :  ERROR(TypeScript)  ',' expected.
2026-01-29T10:49:20.811-05:00  INFO 7564 --- [dev-server-output] c.v.b.devserver.DevServerOutputTracker   :  FILE  C:/Users/LENOVO I7/Desktop/Proyecto/Proyecto_NvidiaCorp/src/main/frontend/views/Pago-form.tsx:48:9
2026-01-29T10:49:20.811-05:00  INFO 7564 --- [dev-server-output] c.v.b.devserver.DevServerOutputTracker   : 
2026-01-29T10:49:20.811-05:00  INFO 7564 --- [dev-server-output] c.v.b.devserver.DevServerOutputTracker   :     46 |         // 5?? Navegar
2026-01-29T10:49:20.811-05:00  INFO 7564 --- [dev-server-output] c.v.b.devserver.DevServerOutputTracker   :     47 |         navigate('/factura-list');
2026-01-29T10:49:20.811-05:00  INFO 7564 --- [dev-server-output] c.v.b.devserver.DevServerOutputTracker   :   > 48 |       } else {
2026-01-29T10:49:20.811-05:00  INFO 7564 --- [dev-server-output] c.v.b.devserver.DevServerOutputTracker   :        |         ^^^^
2026-01-29T10:49:20.811-05:00  INFO 7564 --- [dev-server-output] c.v.b.devserver.DevServerOutputTracker   :     49 |         Notification.show('Pago rechazado', {
2026-01-29T10:49:20.811-05:00  INFO 7564 --- [dev-server-output] c.v.b.devserver.DevServerOutputTracker   :     50 |           duration: 2000,
2026-01-29T10:49:20.811-05:00  INFO 7564 --- [dev-server-output] c.v.b.devserver.DevServerOutputTracker   :     51 |           position: 'top-center',
2026-01-29T10:49:20.811-05:00  INFO 7564 --- [dev-server-output] c.v.b.devserver.DevServerOutputTracker   : 
2026-01-29T10:49:20.811-05:00  INFO 7564 --- [dev-server-output] c.v.b.devserver.DevServerOutputTracker   :  ERROR(TypeScript)  ',' expected.
2026-01-29T10:49:20.812-05:00  INFO 7564 --- [dev-server-output] c.v.b.devserver.DevServerOutputTracker   :  FILE  C:/Users/LENOVO I7/Desktop/Proyecto/Proyecto_NvidiaCorp/src/main/frontend/views/Pago-form.tsx:49:21
2026-01-29T10:49:20.812-05:00  INFO 7564 --- [dev-server-output] c.v.b.devserver.DevServerOutputTracker   : 
2026-01-29T10:49:20.812-05:00  INFO 7564 --- [dev-server-output] c.v.b.devserver.DevServerOutputTracker   :     47 |         navigate('/factura-list');
2026-01-29T10:49:20.812-05:00  INFO 7564 --- [dev-server-output] c.v.b.devserver.DevServerOutputTracker   :     48 |       } else {
2026-01-29T10:49:20.812-05:00  INFO 7564 --- [dev-server-output] c.v.b.devserver.DevServerOutputTracker   :   > 49 |         Notification.show('Pago rechazado', {
2026-01-29T10:49:20.812-05:00  INFO 7564 --- [dev-server-output] c.v.b.devserver.DevServerOutputTracker   :        |                     ^
2026-01-29T10:49:20.812-05:00  INFO 7564 --- [dev-server-output] c.v.b.devserver.DevServerOutputTracker   :     50 |           duration: 2000,
2026-01-29T10:49:20.812-05:00  INFO 7564 --- [dev-server-output] c.v.b.devserver.DevServerOutputTracker   :     51 |           position: 'top-center',
2026-01-29T10:49:20.812-05:00  INFO 7564 --- [dev-server-output] c.v.b.devserver.DevServerOutputTracker   :     52 |           theme: 'error'
2026-01-29T10:49:20.812-05:00  INFO 7564 --- [dev-server-output] c.v.b.devserver.DevServerOutputTracker   : 
2026-01-29T10:49:20.812-05:00  INFO 7564 --- [dev-server-output] c.v.b.devserver.DevServerOutputTracker   :  ERROR(TypeScript)  ',' expected.
2026-01-29T10:49:20.812-05:00  INFO 7564 --- [dev-server-output] c.v.b.devserver.DevServerOutputTracker   :  FILE  C:/Users/LENOVO I7/Desktop/Proyecto/Proyecto_NvidiaCorp/src/main/frontend/views/Pago-form.tsx:53:11
2026-01-29T10:49:20.812-05:00  INFO 7564 --- [dev-server-output] c.v.b.devserver.DevServerOutputTracker   : 
2026-01-29T10:49:20.812-05:00  INFO 7564 --- [dev-server-output] c.v.b.devserver.DevServerOutputTracker   :     51 |           position: 'top-center',
2026-01-29T10:49:20.812-05:00  INFO 7564 --- [dev-server-output] c.v.b.devserver.DevServerOutputTracker   :     52 |           theme: 'error'
2026-01-29T10:49:20.812-05:00  INFO 7564 --- [dev-server-output] c.v.b.devserver.DevServerOutputTracker   :   > 53 |         });
2026-01-29T10:49:20.812-05:00  INFO 7564 --- [dev-server-output] c.v.b.devserver.DevServerOutputTracker   :        |           ^
2026-01-29T10:49:20.812-05:00  INFO 7564 --- [dev-server-output] c.v.b.devserver.DevServerOutputTracker   :     54 |         navigate('/factura-list');
2026-01-29T10:49:20.813-05:00  INFO 7564 --- [dev-server-output] c.v.b.devserver.DevServerOutputTracker   :     55 |       }
2026-01-29T10:49:20.813-05:00  INFO 7564 --- [dev-server-output] c.v.b.devserver.DevServerOutputTracker   :     56 |
2026-01-29T10:49:20.813-05:00  INFO 7564 --- [dev-server-output] c.v.b.devserver.DevServerOutputTracker   : 
2026-01-29T10:49:20.813-05:00  INFO 7564 --- [dev-server-output] c.v.b.devserver.DevServerOutputTracker   :  ERROR(TypeScript)  Identifier expected.
2026-01-29T10:49:20.813-05:00  INFO 7564 --- [dev-server-output] c.v.b.devserver.DevServerOutputTracker   :  FILE  C:/Users/LENOVO I7/Desktop/Proyecto/Proyecto_NvidiaCorp/src/main/frontend/views/Pago-form.tsx:54:18
2026-01-29T10:49:20.813-05:00  INFO 7564 --- [dev-server-output] c.v.b.devserver.DevServerOutputTracker   : 
2026-01-29T10:49:20.813-05:00  INFO 7564 --- [dev-server-output] c.v.b.devserver.DevServerOutputTracker   :     52 |           theme: 'error'
2026-01-29T10:49:20.813-05:00  INFO 7564 --- [dev-server-output] c.v.b.devserver.DevServerOutputTracker   :     53 |         });
2026-01-29T10:49:20.813-05:00  INFO 7564 --- [dev-server-output] c.v.b.devserver.DevServerOutputTracker   :   > 54 |         navigate('/factura-list');
2026-01-29T10:49:20.813-05:00  INFO 7564 --- [dev-server-output] c.v.b.devserver.DevServerOutputTracker   :        |                  ^^^^^^^^^^^^^^^
2026-01-29T10:49:20.813-05:00  INFO 7564 --- [dev-server-output] c.v.b.devserver.DevServerOutputTracker   :     55 |       }
2026-01-29T10:49:20.813-05:00  INFO 7564 --- [dev-server-output] c.v.b.devserver.DevServerOutputTracker   :     56 |
2026-01-29T10:49:20.813-05:00  INFO 7564 --- [dev-server-output] c.v.b.devserver.DevServerOutputTracker   :     57 |       window.history.replaceState({}, '', window.location.pathname);
2026-01-29T10:49:20.813-05:00  INFO 7564 --- [dev-server-output] c.v.b.devserver.DevServerOutputTracker   : 
2026-01-29T10:49:20.813-05:00  INFO 7564 --- [dev-server-output] c.v.b.devserver.DevServerOutputTracker   :  ERROR(TypeScript)  ',' expected.
2026-01-29T10:49:20.813-05:00  INFO 7564 --- [dev-server-output] c.v.b.devserver.DevServerOutputTracker   :  FILE  C:/Users/LENOVO I7/Desktop/Proyecto/Proyecto_NvidiaCorp/src/main/frontend/views/Pago-form.tsx:57:7
2026-01-29T10:49:20.813-05:00  INFO 7564 --- [dev-server-output] c.v.b.devserver.DevServerOutputTracker   : 
2026-01-29T10:49:20.813-05:00  INFO 7564 --- [dev-server-output] c.v.b.devserver.DevServerOutputTracker   :     55 |       }
2026-01-29T10:49:20.813-05:00  INFO 7564 --- [dev-server-output] c.v.b.devserver.DevServerOutputTracker   :     56 |
2026-01-29T10:49:20.813-05:00  INFO 7564 --- [dev-server-output] c.v.b.devserver.DevServerOutputTracker   :   > 57 |       window.history.replaceState({}, '', window.location.pathname);
2026-01-29T10:49:20.813-05:00  INFO 7564 --- [dev-server-output] c.v.b.devserver.DevServerOutputTracker   :        |       ^^^^^^
2026-01-29T10:49:20.814-05:00  INFO 7564 --- [dev-server-output] c.v.b.devserver.DevServerOutputTracker   :     58 |     });
2026-01-29T10:49:20.814-05:00  INFO 7564 --- [dev-server-output] c.v.b.devserver.DevServerOutputTracker   :     59 |   }, [id, carrito, navigate, setCarrito]);
2026-01-29T10:49:20.814-05:00  INFO 7564 --- [dev-server-output] c.v.b.devserver.DevServerOutputTracker   :     60 |
2026-01-29T10:49:20.814-05:00  INFO 7564 --- [dev-server-output] c.v.b.devserver.DevServerOutputTracker   : 
2026-01-29T10:49:20.814-05:00  INFO 7564 --- [dev-server-output] c.v.b.devserver.DevServerOutputTracker   :  ERROR(TypeScript)  ')' expected.
2026-01-29T10:49:20.814-05:00  INFO 7564 --- [dev-server-output] c.v.b.devserver.DevServerOutputTracker   :  FILE  C:/Users/LENOVO I7/Desktop/Proyecto/Proyecto_NvidiaCorp/src/main/frontend/views/Pago-form.tsx:57:68
2026-01-29T10:49:20.814-05:00  INFO 7564 --- [dev-server-output] c.v.b.devserver.DevServerOutputTracker   : 
2026-01-29T10:49:20.814-05:00  INFO 7564 --- [dev-server-output] c.v.b.devserver.DevServerOutputTracker   :     55 |       }
2026-01-29T10:49:20.814-05:00  INFO 7564 --- [dev-server-output] c.v.b.devserver.DevServerOutputTracker   :     56 |
2026-01-29T10:49:20.814-05:00  INFO 7564 --- [dev-server-output] c.v.b.devserver.DevServerOutputTracker   :   > 57 |       window.history.replaceState({}, '', window.location.pathname);
2026-01-29T10:49:20.814-05:00  INFO 7564 --- [dev-server-output] c.v.b.devserver.DevServerOutputTracker   :        |                                                                    ^
2026-01-29T10:49:20.814-05:00  INFO 7564 --- [dev-server-output] c.v.b.devserver.DevServerOutputTracker   :     58 |     });
2026-01-29T10:49:20.814-05:00  INFO 7564 --- [dev-server-output] c.v.b.devserver.DevServerOutputTracker   :     59 |   }, [id, carrito, navigate, setCarrito]);
2026-01-29T10:49:20.814-05:00  INFO 7564 --- [dev-server-output] c.v.b.devserver.DevServerOutputTracker   :     60 |
2026-01-29T10:49:20.814-05:00  INFO 7564 --- [dev-server-output] c.v.b.devserver.DevServerOutputTracker   : 
2026-01-29T10:49:20.814-05:00  INFO 7564 --- [dev-server-output] c.v.b.devserver.DevServerOutputTracker   :  ERROR(TypeScript)  Declaration or statement expected.
2026-01-29T10:49:20.814-05:00  INFO 7564 --- [dev-server-output] c.v.b.devserver.DevServerOutputTracker   :  FILE  C:/Users/LENOVO I7/Desktop/Proyecto/Proyecto_NvidiaCorp/src/main/frontend/views/Pago-form.tsx:58:6
2026-01-29T10:49:20.815-05:00  INFO 7564 --- [dev-server-output] c.v.b.devserver.DevServerOutputTracker   : 
2026-01-29T10:49:20.815-05:00  INFO 7564 --- [dev-server-output] c.v.b.devserver.DevServerOutputTracker   :     56 |
2026-01-29T10:49:20.815-05:00  INFO 7564 --- [dev-server-output] c.v.b.devserver.DevServerOutputTracker   :     57 |       window.history.replaceState({}, '', window.location.pathname);
2026-01-29T10:49:20.815-05:00  INFO 7564 --- [dev-server-output] c.v.b.devserver.DevServerOutputTracker   :   > 58 |     });
2026-01-29T10:49:20.815-05:00  INFO 7564 --- [dev-server-output] c.v.b.devserver.DevServerOutputTracker   :        |      ^
2026-01-29T10:49:20.815-05:00  INFO 7564 --- [dev-server-output] c.v.b.devserver.DevServerOutputTracker   :     59 |   }, [id, carrito, navigate, setCarrito]);
2026-01-29T10:49:20.815-05:00  INFO 7564 --- [dev-server-output] c.v.b.devserver.DevServerOutputTracker   :     60 |
2026-01-29T10:49:20.816-05:00  INFO 7564 --- [dev-server-output] c.v.b.devserver.DevServerOutputTracker   :     61 |   useEffect(() => {
2026-01-29T10:49:20.816-05:00  INFO 7564 --- [dev-server-output] c.v.b.devserver.DevServerOutputTracker   : 
2026-01-29T10:49:20.816-05:00  INFO 7564 --- [dev-server-output] c.v.b.devserver.DevServerOutputTracker   :  ERROR(TypeScript)  Declaration or statement expected.
2026-01-29T10:49:20.816-05:00  INFO 7564 --- [dev-server-output] c.v.b.devserver.DevServerOutputTracker   :  FILE  C:/Users/LENOVO I7/Desktop/Proyecto/Proyecto_NvidiaCorp/src/main/frontend/views/Pago-form.tsx:59:3
2026-01-29T10:49:20.817-05:00  INFO 7564 --- [dev-server-output] c.v.b.devserver.DevServerOutputTracker   : 
2026-01-29T10:49:20.817-05:00  INFO 7564 --- [dev-server-output] c.v.b.devserver.DevServerOutputTracker   :     57 |       window.history.replaceState({}, '', window.location.pathname);
2026-01-29T10:49:20.817-05:00  INFO 7564 --- [dev-server-output] c.v.b.devserver.DevServerOutputTracker   :     58 |     });
2026-01-29T10:49:20.817-05:00  INFO 7564 --- [dev-server-output] c.v.b.devserver.DevServerOutputTracker   :   > 59 |   }, [id, carrito, navigate, setCarrito]);
2026-01-29T10:49:20.817-05:00  INFO 7564 --- [dev-server-output] c.v.b.devserver.DevServerOutputTracker   :        |   ^
2026-01-29T10:49:20.818-05:00  INFO 7564 --- [dev-server-output] c.v.b.devserver.DevServerOutputTracker   :     60 |
2026-01-29T10:49:20.818-05:00  INFO 7564 --- [dev-server-output] c.v.b.devserver.DevServerOutputTracker   :     61 |   useEffect(() => {
2026-01-29T10:49:20.818-05:00  INFO 7564 --- [dev-server-output] c.v.b.devserver.DevServerOutputTracker   :     62 |     if (!checkoutId) return;
2026-01-29T10:49:20.818-05:00  INFO 7564 --- [dev-server-output] c.v.b.devserver.DevServerOutputTracker   : 
2026-01-29T10:49:20.818-05:00  INFO 7564 --- [dev-server-output] c.v.b.devserver.DevServerOutputTracker   :  ERROR(TypeScript)  Declaration or statement expected.
2026-01-29T10:49:20.819-05:00  INFO 7564 --- [dev-server-output] c.v.b.devserver.DevServerOutputTracker   :  FILE  C:/Users/LENOVO I7/Desktop/Proyecto/Proyecto_NvidiaCorp/src/main/frontend/views/Pago-form.tsx:59:4
2026-01-29T10:49:20.819-05:00  INFO 7564 --- [dev-server-output] c.v.b.devserver.DevServerOutputTracker   : 
2026-01-29T10:49:20.819-05:00  INFO 7564 --- [dev-server-output] c.v.b.devserver.DevServerOutputTracker   :     57 |       window.history.replaceState({}, '', window.location.pathname);
2026-01-29T10:49:20.819-05:00  INFO 7564 --- [dev-server-output] c.v.b.devserver.DevServerOutputTracker   :     58 |     });
2026-01-29T10:49:20.819-05:00  INFO 7564 --- [dev-server-output] c.v.b.devserver.DevServerOutputTracker   :   > 59 |   }, [id, carrito, navigate, setCarrito]);
2026-01-29T10:49:20.819-05:00  INFO 7564 --- [dev-server-output] c.v.b.devserver.DevServerOutputTracker   :        |    ^
2026-01-29T10:49:20.820-05:00  INFO 7564 --- [dev-server-output] c.v.b.devserver.DevServerOutputTracker   :     60 |
2026-01-29T10:49:20.820-05:00  INFO 7564 --- [dev-server-output] c.v.b.devserver.DevServerOutputTracker   :     61 |   useEffect(() => {
2026-01-29T10:49:20.820-05:00  INFO 7564 --- [dev-server-output] c.v.b.devserver.DevServerOutputTracker   :     62 |     if (!checkoutId) return;
2026-01-29T10:49:20.820-05:00  INFO 7564 --- [dev-server-output] c.v.b.devserver.DevServerOutputTracker   : 
2026-01-29T10:49:20.820-05:00  INFO 7564 --- [dev-server-output] c.v.b.devserver.DevServerOutputTracker   :  ERROR(TypeScript)  ';' expected.
2026-01-29T10:49:20.820-05:00  INFO 7564 --- [dev-server-output] c.v.b.devserver.DevServerOutputTracker   :  FILE  C:/Users/LENOVO I7/Desktop/Proyecto/Proyecto_NvidiaCorp/src/main/frontend/views/Pago-form.tsx:59:41
2026-01-29T10:49:20.820-05:00  INFO 7564 --- [dev-server-output] c.v.b.devserver.DevServerOutputTracker   : 
2026-01-29T10:49:20.820-05:00  INFO 7564 --- [dev-server-output] c.v.b.devserver.DevServerOutputTracker   :     57 |       window.history.replaceState({}, '', window.location.pathname);
2026-01-29T10:49:20.820-05:00  INFO 7564 --- [dev-server-output] c.v.b.devserver.DevServerOutputTracker   :     58 |     });
2026-01-29T10:49:20.820-05:00  INFO 7564 --- [dev-server-output] c.v.b.devserver.DevServerOutputTracker   :   > 59 |   }, [id, carrito, navigate, setCarrito]);
2026-01-29T10:49:20.820-05:00  INFO 7564 --- [dev-server-output] c.v.b.devserver.DevServerOutputTracker   :        |                                         ^
2026-01-29T10:49:20.821-05:00  INFO 7564 --- [dev-server-output] c.v.b.devserver.DevServerOutputTracker   :     60 |
2026-01-29T10:49:20.821-05:00  INFO 7564 --- [dev-server-output] c.v.b.devserver.DevServerOutputTracker   :     61 |   useEffect(() => {
2026-01-29T10:49:20.821-05:00  INFO 7564 --- [dev-server-output] c.v.b.devserver.DevServerOutputTracker   :     62 |     if (!checkoutId) return;
2026-01-29T10:49:20.821-05:00  INFO 7564 --- [dev-server-output] c.v.b.devserver.DevServerOutputTracker   : 
2026-01-29T10:49:20.821-05:00  INFO 7564 --- [dev-server-output] c.v.b.devserver.DevServerOutputTracker   :  ERROR(TypeScript)  Declaration or statement expected.
2026-01-29T10:49:20.822-05:00  INFO 7564 --- [dev-server-output] c.v.b.devserver.DevServerOutputTracker   :  FILE  C:/Users/LENOVO I7/Desktop/Proyecto/Proyecto_NvidiaCorp/src/main/frontend/views/Pago-form.tsx:109:1
2026-01-29T10:49:20.822-05:00  INFO 7564 --- [dev-server-output] c.v.b.devserver.DevServerOutputTracker   : 
2026-01-29T10:49:20.822-05:00  INFO 7564 --- [dev-server-output] c.v.b.devserver.DevServerOutputTracker   :     107 |     </main>
2026-01-29T10:49:20.822-05:00  INFO 7564 --- [dev-server-output] c.v.b.devserver.DevServerOutputTracker   :     108 |   );
2026-01-29T10:49:20.822-05:00  INFO 7564 --- [dev-server-output] c.v.b.devserver.DevServerOutputTracker   :   > 109 | }
2026-01-29T10:49:20.822-05:00  INFO 7564 --- [dev-server-output] c.v.b.devserver.DevServerOutputTracker   :         | ^
2026-01-29T10:49:20.823-05:00  INFO 7564 --- [dev-server-output] c.v.b.devserver.DevServerOutputTracker   :     110 |
2026-01-29T10:49:20.823-05:00  INFO 7564 --- [dev-server-output] c.v.b.devserver.DevServerOutputTracker   : 
2026-01-29T10:49:20.823-05:00  INFO 7564 --- [dev-server-output] c.v.b.devserver.DevServerOutputTracker   : [TypeScript] Found 12 errors. Watching for file changes.
2026-01-29T10:49:25.855-05:00  INFO 7564 --- [dev-server-output] c.v.b.devserver.DevServerOutputTracker   : 10:49:25 a. m. [vite] (client) hmr update /views/Pago-form.tsx
2026-01-29T10:49:26.316-05:00  INFO 7564 --- [dev-server-output] c.v.b.devserver.DevServerOutputTracker   : 
2026-01-29T10:49:26.316-05:00  INFO 7564 --- [dev-server-output] c.v.b.devserver.DevServerOutputTracker   :  ERROR(TypeScript)  Property 'user' does not exist on type 'AuthContextType'.
2026-01-29T10:49:26.316-05:00  INFO 7564 --- [dev-server-output] c.v.b.devserver.DevServerOutputTracker   :  FILE  C:/Users/LENOVO I7/Desktop/Proyecto/Proyecto_NvidiaCorp/src/main/frontend/components/Navbar.tsx:12:11
2026-01-29T10:49:26.316-05:00  INFO 7564 --- [dev-server-output] c.v.b.devserver.DevServerOutputTracker   : 
2026-01-29T10:49:26.316-05:00  INFO 7564 --- [dev-server-output] c.v.b.devserver.DevServerOutputTracker   :     10 |   const navigate = useNavigate();
2026-01-29T10:49:26.316-05:00  INFO 7564 --- [dev-server-output] c.v.b.devserver.DevServerOutputTracker   :     11 |   const location = useLocation(); // <-- Obtiene el objeto location
2026-01-29T10:49:26.316-05:00  INFO 7564 --- [dev-server-output] c.v.b.devserver.DevServerOutputTracker   :   > 12 |   const { user } = useAuth();
2026-01-29T10:49:26.316-05:00  INFO 7564 --- [dev-server-output] c.v.b.devserver.DevServerOutputTracker   :        |           ^^^^
2026-01-29T10:49:26.316-05:00  INFO 7564 --- [dev-server-output] c.v.b.devserver.DevServerOutputTracker   :     13 |
2026-01-29T10:49:26.316-05:00  INFO 7564 --- [dev-server-output] c.v.b.devserver.DevServerOutputTracker   :     14 |   console.log("Usuario autenticado:", user); // <-- Agrega esto
2026-01-29T10:49:26.324-05:00  INFO 7564 --- [dev-server-output] c.v.b.devserver.DevServerOutputTracker   :     15 |
2026-01-29T10:49:26.324-05:00  INFO 7564 --- [dev-server-output] c.v.b.devserver.DevServerOutputTracker   : 
2026-01-29T10:49:26.324-05:00  INFO 7564 --- [dev-server-output] c.v.b.devserver.DevServerOutputTracker   :  ERROR(TypeScript)  Type 'Marca | undefined' is not assignable to type 'Marca'.
2026-01-29T10:49:26.324-05:00  INFO 7564 --- [dev-server-output] c.v.b.devserver.DevServerOutputTracker   :   Type 'undefined' is not assignable to type 'Marca'.
2026-01-29T10:49:26.324-05:00  INFO 7564 --- [dev-server-output] c.v.b.devserver.DevServerOutputTracker   :  FILE  C:/Users/LENOVO I7/Desktop/Proyecto/Proyecto_NvidiaCorp/src/main/frontend/views/_producto-admin.tsx:47:68
2026-01-29T10:49:26.324-05:00  INFO 7564 --- [dev-server-output] c.v.b.devserver.DevServerOutputTracker   : 
2026-01-29T10:49:26.324-05:00  INFO 7564 --- [dev-server-output] c.v.b.devserver.DevServerOutputTracker   :     45 |         // Carga de marcas
2026-01-29T10:49:26.324-05:00  INFO 7564 --- [dev-server-output] c.v.b.devserver.DevServerOutputTracker   :     46 |         MarcaService.listAllMarcas().then(result => {
2026-01-29T10:49:26.324-05:00  INFO 7564 --- [dev-server-output] c.v.b.devserver.DevServerOutputTracker   :   > 47 |              setMarcas([{ id: 0, nombre: 'Seleccione una marca' }, ...(result || [])]);
2026-01-29T10:49:26.324-05:00  INFO 7564 --- [dev-server-output] c.v.b.devserver.DevServerOutputTracker   :        |                                                                    ^^^^^^^^^^^^^^^^^
2026-01-29T10:49:26.324-05:00  INFO 7564 --- [dev-server-output] c.v.b.devserver.DevServerOutputTracker   :     48 |         }).catch(console.error);
2026-01-29T10:49:26.324-05:00  INFO 7564 --- [dev-server-output] c.v.b.devserver.DevServerOutputTracker   :     49 |     }, []);
2026-01-29T10:49:26.325-05:00  INFO 7564 --- [dev-server-output] c.v.b.devserver.DevServerOutputTracker   :     50 |
2026-01-29T10:49:26.325-05:00  INFO 7564 --- [dev-server-output] c.v.b.devserver.DevServerOutputTracker   : 
2026-01-29T10:49:26.325-05:00  INFO 7564 --- [dev-server-output] c.v.b.devserver.DevServerOutputTracker   :  ERROR(TypeScript)  Type 'number' is not assignable to type 'string'.
2026-01-29T10:49:26.325-05:00  INFO 7564 --- [dev-server-output] c.v.b.devserver.DevServerOutputTracker   :  FILE  C:/Users/LENOVO I7/Desktop/Proyecto/Proyecto_NvidiaCorp/src/main/frontend/views/_producto-admin.tsx:98:25
2026-01-29T10:49:26.325-05:00  INFO 7564 --- [dev-server-output] c.v.b.devserver.DevServerOutputTracker   : 
2026-01-29T10:49:26.325-05:00  INFO 7564 --- [dev-server-output] c.v.b.devserver.DevServerOutputTracker   :      96 |                         itemLabelPath="nombre"
2026-01-29T10:49:26.325-05:00  INFO 7564 --- [dev-server-output] c.v.b.devserver.DevServerOutputTracker   :      97 |                         itemValuePath="id"
2026-01-29T10:49:26.325-05:00  INFO 7564 --- [dev-server-output] c.v.b.devserver.DevServerOutputTracker   :   >  98 |                         value={marca.value}
2026-01-29T10:49:26.325-05:00  INFO 7564 --- [dev-server-output] c.v.b.devserver.DevServerOutputTracker   :         |                         ^^^^^
2026-01-29T10:49:26.325-05:00  INFO 7564 --- [dev-server-output] c.v.b.devserver.DevServerOutputTracker   :      99 |                         onValueChanged={e => marca.value = e.detail.value}
2026-01-29T10:49:26.325-05:00  INFO 7564 --- [dev-server-output] c.v.b.devserver.DevServerOutputTracker   :     100 |                     />
2026-01-29T10:49:26.326-05:00  INFO 7564 --- [dev-server-output] c.v.b.devserver.DevServerOutputTracker   :     101 |                     
2026-01-29T10:49:26.326-05:00  INFO 7564 --- [dev-server-output] c.v.b.devserver.DevServerOutputTracker   : 
2026-01-29T10:49:26.326-05:00  INFO 7564 --- [dev-server-output] c.v.b.devserver.DevServerOutputTracker   :  ERROR(TypeScript)  Type 'string' is not assignable to type 'number'.
2026-01-29T10:49:26.326-05:00  INFO 7564 --- [dev-server-output] c.v.b.devserver.DevServerOutputTracker   :  FILE  C:/Users/LENOVO I7/Desktop/Proyecto/Proyecto_NvidiaCorp/src/main/frontend/views/_producto-admin.tsx:99:46
2026-01-29T10:49:26.326-05:00  INFO 7564 --- [dev-server-output] c.v.b.devserver.DevServerOutputTracker   : 
2026-01-29T10:49:26.326-05:00  INFO 7564 --- [dev-server-output] c.v.b.devserver.DevServerOutputTracker   :      97 |                         itemValuePath="id"
2026-01-29T10:49:26.326-05:00  INFO 7564 --- [dev-server-output] c.v.b.devserver.DevServerOutputTracker   :      98 |                         value={marca.value}
2026-01-29T10:49:26.326-05:00  INFO 7564 --- [dev-server-output] c.v.b.devserver.DevServerOutputTracker   :   >  99 |                         onValueChanged={e => marca.value = e.detail.value}
2026-01-29T10:49:26.326-05:00  INFO 7564 --- [dev-server-output] c.v.b.devserver.DevServerOutputTracker   :         |                                              ^^^^^^^^^^^
2026-01-29T10:49:26.326-05:00  INFO 7564 --- [dev-server-output] c.v.b.devserver.DevServerOutputTracker   :     100 |                     />
2026-01-29T10:49:26.327-05:00  INFO 7564 --- [dev-server-output] c.v.b.devserver.DevServerOutputTracker   :     101 |                     
2026-01-29T10:49:26.327-05:00  INFO 7564 --- [dev-server-output] c.v.b.devserver.DevServerOutputTracker   :     102 |                     <TextField label="Precio" value={precio.value.toString()} onValueChanged={e => precio.value = parseFloat(e.detail.value) || 0} />
2026-01-29T10:49:26.327-05:00  INFO 7564 --- [dev-server-output] c.v.b.devserver.DevServerOutputTracker   : 
2026-01-29T10:49:26.327-05:00  INFO 7564 --- [dev-server-output] c.v.b.devserver.DevServerOutputTracker   :  ERROR(TypeScript)  Type 'Marca | undefined' is not assignable to type 'Marca'.
2026-01-29T10:49:26.327-05:00  INFO 7564 --- [dev-server-output] c.v.b.devserver.DevServerOutputTracker   :   Type 'undefined' is not assignable to type 'Marca'.
2026-01-29T10:49:26.328-05:00  INFO 7564 --- [dev-server-output] c.v.b.devserver.DevServerOutputTracker   :  FILE  C:/Users/LENOVO I7/Desktop/Proyecto/Proyecto_NvidiaCorp/src/main/frontend/views/_producto-admin.tsx:152:58
2026-01-29T10:49:26.328-05:00  INFO 7564 --- [dev-server-output] c.v.b.devserver.DevServerOutputTracker   : 
2026-01-29T10:49:26.328-05:00  INFO 7564 --- [dev-server-output] c.v.b.devserver.DevServerOutputTracker   :     150 |     useEffect(() => {
2026-01-29T10:49:26.328-05:00  INFO 7564 --- [dev-server-output] c.v.b.devserver.DevServerOutputTracker   :     151 |         MarcaService.listAllMarcas().then(result => {
2026-01-29T10:49:26.328-05:00  INFO 7564 --- [dev-server-output] c.v.b.devserver.DevServerOutputTracker   :   > 152 |              setMarcas([{ id: 0, nombre: 'Seleccione' }, ...(result || [])]);
2026-01-29T10:49:26.328-05:00  INFO 7564 --- [dev-server-output] c.v.b.devserver.DevServerOutputTracker   :         |                                                          ^^^^^^^^^^^^^^^^^
2026-01-29T10:49:26.328-05:00  INFO 7564 --- [dev-server-output] c.v.b.devserver.DevServerOutputTracker   :     153 |         });
2026-01-29T10:49:26.328-05:00  INFO 7564 --- [dev-server-output] c.v.b.devserver.DevServerOutputTracker   :     154 |     }, []);
2026-01-29T10:49:26.328-05:00  INFO 7564 --- [dev-server-output] c.v.b.devserver.DevServerOutputTracker   :     155 |
2026-01-29T10:49:26.328-05:00  INFO 7564 --- [dev-server-output] c.v.b.devserver.DevServerOutputTracker   : 
2026-01-29T10:49:26.328-05:00  INFO 7564 --- [dev-server-output] c.v.b.devserver.DevServerOutputTracker   :  ERROR(TypeScript)  Parameter 'total' implicitly has an 'any' type.
2026-01-29T10:49:26.328-05:00  INFO 7564 --- [dev-server-output] c.v.b.devserver.DevServerOutputTracker   :  FILE  C:/Users/LENOVO I7/Desktop/Proyecto/Proyecto_NvidiaCorp/src/main/frontend/views/carrito-list.tsx:24:28
2026-01-29T10:49:26.328-05:00  INFO 7564 --- [dev-server-output] c.v.b.devserver.DevServerOutputTracker   : 
2026-01-29T10:49:26.328-05:00  INFO 7564 --- [dev-server-output] c.v.b.devserver.DevServerOutputTracker   :     22 |   // Cálculos del carrito
2026-01-29T10:49:26.328-05:00  INFO 7564 --- [dev-server-output] c.v.b.devserver.DevServerOutputTracker   :     23 |   const calcularSubtotal = () => {
2026-01-29T10:49:26.328-05:00  INFO 7564 --- [dev-server-output] c.v.b.devserver.DevServerOutputTracker   :   > 24 |     return carrito.reduce((total, item) => {
2026-01-29T10:49:26.328-05:00  INFO 7564 --- [dev-server-output] c.v.b.devserver.DevServerOutputTracker   :        |                            ^^^^^
2026-01-29T10:49:26.328-05:00  INFO 7564 --- [dev-server-output] c.v.b.devserver.DevServerOutputTracker   :     25 |       const cantidad = cantidades[item.id] || 1;
2026-01-29T10:49:26.328-05:00  INFO 7564 --- [dev-server-output] c.v.b.devserver.DevServerOutputTracker   :     26 |       return total + (item.precio * cantidad);
2026-01-29T10:49:26.329-05:00  INFO 7564 --- [dev-server-output] c.v.b.devserver.DevServerOutputTracker   :     27 |     }, 0);
2026-01-29T10:49:26.329-05:00  INFO 7564 --- [dev-server-output] c.v.b.devserver.DevServerOutputTracker   : 
2026-01-29T10:49:26.329-05:00  INFO 7564 --- [dev-server-output] c.v.b.devserver.DevServerOutputTracker   :  ERROR(TypeScript)  Parameter 'item' implicitly has an 'any' type.
2026-01-29T10:49:26.329-05:00  INFO 7564 --- [dev-server-output] c.v.b.devserver.DevServerOutputTracker   :  FILE  C:/Users/LENOVO I7/Desktop/Proyecto/Proyecto_NvidiaCorp/src/main/frontend/views/carrito-list.tsx:24:35
2026-01-29T10:49:26.329-05:00  INFO 7564 --- [dev-server-output] c.v.b.devserver.DevServerOutputTracker   : 
2026-01-29T10:49:26.329-05:00  INFO 7564 --- [dev-server-output] c.v.b.devserver.DevServerOutputTracker   :     22 |   // Cálculos del carrito
2026-01-29T10:49:26.329-05:00  INFO 7564 --- [dev-server-output] c.v.b.devserver.DevServerOutputTracker   :     23 |   const calcularSubtotal = () => {
2026-01-29T10:49:26.329-05:00  INFO 7564 --- [dev-server-output] c.v.b.devserver.DevServerOutputTracker   :   > 24 |     return carrito.reduce((total, item) => {
2026-01-29T10:49:26.329-05:00  INFO 7564 --- [dev-server-output] c.v.b.devserver.DevServerOutputTracker   :        |                                   ^^^^
2026-01-29T10:49:26.329-05:00  INFO 7564 --- [dev-server-output] c.v.b.devserver.DevServerOutputTracker   :     25 |       const cantidad = cantidades[item.id] || 1;
2026-01-29T10:49:26.329-05:00  INFO 7564 --- [dev-server-output] c.v.b.devserver.DevServerOutputTracker   :     26 |       return total + (item.precio * cantidad);
2026-01-29T10:49:26.329-05:00  INFO 7564 --- [dev-server-output] c.v.b.devserver.DevServerOutputTracker   :     27 |     }, 0);
2026-01-29T10:49:26.330-05:00  INFO 7564 --- [dev-server-output] c.v.b.devserver.DevServerOutputTracker   : 
2026-01-29T10:49:26.330-05:00  INFO 7564 --- [dev-server-output] c.v.b.devserver.DevServerOutputTracker   :  ERROR(TypeScript)  Parameter 'p' implicitly has an 'any' type.
2026-01-29T10:49:26.330-05:00  INFO 7564 --- [dev-server-output] c.v.b.devserver.DevServerOutputTracker   :  FILE  C:/Users/LENOVO I7/Desktop/Proyecto/Proyecto_NvidiaCorp/src/main/frontend/views/carrito-list.tsx:40:33
2026-01-29T10:49:26.330-05:00  INFO 7564 --- [dev-server-output] c.v.b.devserver.DevServerOutputTracker   : 
2026-01-29T10:49:26.330-05:00  INFO 7564 --- [dev-server-output] c.v.b.devserver.DevServerOutputTracker   :     38 |   const handleCantidad = (id: number, valor: number) => {
2026-01-29T10:49:26.330-05:00  INFO 7564 --- [dev-server-output] c.v.b.devserver.DevServerOutputTracker   :     39 |     setCantidades((prev) => {
2026-01-29T10:49:26.330-05:00  INFO 7564 --- [dev-server-output] c.v.b.devserver.DevServerOutputTracker   :   > 40 |       const item = carrito.find(p => p.id === id);
2026-01-29T10:49:26.331-05:00  INFO 7564 --- [dev-server-output] c.v.b.devserver.DevServerOutputTracker   :        |                                 ^
2026-01-29T10:49:26.331-05:00  INFO 7564 --- [dev-server-output] c.v.b.devserver.DevServerOutputTracker   :     41 |       const stock = item?.stock ?? 1;
2026-01-29T10:49:26.331-05:00  INFO 7564 --- [dev-server-output] c.v.b.devserver.DevServerOutputTracker   :     42 |       let nuevaCantidad = Math.max(1, (prev[id] || 1) + valor);
2026-01-29T10:49:26.331-05:00  INFO 7564 --- [dev-server-output] c.v.b.devserver.DevServerOutputTracker   :     43 |       console.log("Stock:", stock, "Cantidad actual:", prev[id], "Nueva cantidad:", nuevaCantidad);
2026-01-29T10:49:26.331-05:00  INFO 7564 --- [dev-server-output] c.v.b.devserver.DevServerOutputTracker   : 
2026-01-29T10:49:26.331-05:00  INFO 7564 --- [dev-server-output] c.v.b.devserver.DevServerOutputTracker   :  ERROR(TypeScript)  Parameter 'carritoActual' implicitly has an 'any' type.
2026-01-29T10:49:26.332-05:00  INFO 7564 --- [dev-server-output] c.v.b.devserver.DevServerOutputTracker   :  FILE  C:/Users/LENOVO I7/Desktop/Proyecto/Proyecto_NvidiaCorp/src/main/frontend/views/carrito-list.tsx:52:19
2026-01-29T10:49:26.332-05:00  INFO 7564 --- [dev-server-output] c.v.b.devserver.DevServerOutputTracker   : 
2026-01-29T10:49:26.332-05:00  INFO 7564 --- [dev-server-output] c.v.b.devserver.DevServerOutputTracker   :     50 |         nuevaCantidad = stock;
2026-01-29T10:49:26.332-05:00  INFO 7564 --- [dev-server-output] c.v.b.devserver.DevServerOutputTracker   :     51 |       }
2026-01-29T10:49:26.332-05:00  INFO 7564 --- [dev-server-output] c.v.b.devserver.DevServerOutputTracker   :   > 52 |       setCarrito((carritoActual) =>
2026-01-29T10:49:26.332-05:00  INFO 7564 --- [dev-server-output] c.v.b.devserver.DevServerOutputTracker   :        |                   ^^^^^^^^^^^^^
2026-01-29T10:49:26.332-05:00  INFO 7564 --- [dev-server-output] c.v.b.devserver.DevServerOutputTracker   :     53 |         carritoActual.map((item) =>
2026-01-29T10:49:26.332-05:00  INFO 7564 --- [dev-server-output] c.v.b.devserver.DevServerOutputTracker   :     54 |           item.id === id ? { ...item, cantidad: nuevaCantidad } : item
2026-01-29T10:49:26.332-05:00  INFO 7564 --- [dev-server-output] c.v.b.devserver.DevServerOutputTracker   :     55 |         )
2026-01-29T10:49:26.332-05:00  INFO 7564 --- [dev-server-output] c.v.b.devserver.DevServerOutputTracker   : 
2026-01-29T10:49:26.332-05:00  INFO 7564 --- [dev-server-output] c.v.b.devserver.DevServerOutputTracker   :  ERROR(TypeScript)  Parameter 'item' implicitly has an 'any' type.
2026-01-29T10:49:26.332-05:00  INFO 7564 --- [dev-server-output] c.v.b.devserver.DevServerOutputTracker   :  FILE  C:/Users/LENOVO I7/Desktop/Proyecto/Proyecto_NvidiaCorp/src/main/frontend/views/carrito-list.tsx:53:28
2026-01-29T10:49:26.334-05:00  INFO 7564 --- [dev-server-output] c.v.b.devserver.DevServerOutputTracker   : 
2026-01-29T10:49:26.334-05:00  INFO 7564 --- [dev-server-output] c.v.b.devserver.DevServerOutputTracker   :     51 |       }
2026-01-29T10:49:26.334-05:00  INFO 7564 --- [dev-server-output] c.v.b.devserver.DevServerOutputTracker   :     52 |       setCarrito((carritoActual) =>
2026-01-29T10:49:26.334-05:00  INFO 7564 --- [dev-server-output] c.v.b.devserver.DevServerOutputTracker   :   > 53 |         carritoActual.map((item) =>
2026-01-29T10:49:26.334-05:00  INFO 7564 --- [dev-server-output] c.v.b.devserver.DevServerOutputTracker   :        |                            ^^^^
2026-01-29T10:49:26.334-05:00  INFO 7564 --- [dev-server-output] c.v.b.devserver.DevServerOutputTracker   :     54 |           item.id === id ? { ...item, cantidad: nuevaCantidad } : item
2026-01-29T10:49:26.334-05:00  INFO 7564 --- [dev-server-output] c.v.b.devserver.DevServerOutputTracker   :     55 |         )
2026-01-29T10:49:26.334-05:00  INFO 7564 --- [dev-server-output] c.v.b.devserver.DevServerOutputTracker   :     56 |       );
2026-01-29T10:49:26.334-05:00  INFO 7564 --- [dev-server-output] c.v.b.devserver.DevServerOutputTracker   : 
2026-01-29T10:49:26.335-05:00  INFO 7564 --- [dev-server-output] c.v.b.devserver.DevServerOutputTracker   :  ERROR(TypeScript)  Not all code paths return a value.
2026-01-29T10:49:26.335-05:00  INFO 7564 --- [dev-server-output] c.v.b.devserver.DevServerOutputTracker   :  FILE  C:/Users/LENOVO I7/Desktop/Proyecto/Proyecto_NvidiaCorp/src/main/frontend/views/carrito-list.tsx:112:13
2026-01-29T10:49:26.335-05:00  INFO 7564 --- [dev-server-output] c.v.b.devserver.DevServerOutputTracker   : 
2026-01-29T10:49:26.335-05:00  INFO 7564 --- [dev-server-output] c.v.b.devserver.DevServerOutputTracker   :     110 |   };
2026-01-29T10:49:26.335-05:00  INFO 7564 --- [dev-server-output] c.v.b.devserver.DevServerOutputTracker   :     111 |
2026-01-29T10:49:26.335-05:00  INFO 7564 --- [dev-server-output] c.v.b.devserver.DevServerOutputTracker   :   > 112 |   useEffect(() => {
2026-01-29T10:49:26.335-05:00  INFO 7564 --- [dev-server-output] c.v.b.devserver.DevServerOutputTracker   :         |             ^^^^^^^
2026-01-29T10:49:26.335-05:00  INFO 7564 --- [dev-server-output] c.v.b.devserver.DevServerOutputTracker   :     113 |     if (checkoutId && showPagoModal) {
2026-01-29T10:49:26.336-05:00  INFO 7564 --- [dev-server-output] c.v.b.devserver.DevServerOutputTracker   :     114 |       const script = document.createElement('script');
2026-01-29T10:49:26.336-05:00  INFO 7564 --- [dev-server-output] c.v.b.devserver.DevServerOutputTracker   :     115 |       script.src = `https://eu-test.oppwa.com/v1/paymentWidgets.js?checkoutId=${checkoutId}`;
2026-01-29T10:49:26.336-05:00  INFO 7564 --- [dev-server-output] c.v.b.devserver.DevServerOutputTracker   : 
2026-01-29T10:49:26.336-05:00  INFO 7564 --- [dev-server-output] c.v.b.devserver.DevServerOutputTracker   :  ERROR(TypeScript)  Parameter 'item' implicitly has an 'any' type.
2026-01-29T10:49:26.336-05:00  INFO 7564 --- [dev-server-output] c.v.b.devserver.DevServerOutputTracker   :  FILE  C:/Users/LENOVO I7/Desktop/Proyecto/Proyecto_NvidiaCorp/src/main/frontend/views/carrito-list.tsx:172:31
2026-01-29T10:49:26.336-05:00  INFO 7564 --- [dev-server-output] c.v.b.devserver.DevServerOutputTracker   : 
2026-01-29T10:49:26.336-05:00  INFO 7564 --- [dev-server-output] c.v.b.devserver.DevServerOutputTracker   :     170 |             <div className="carrito-productos">
2026-01-29T10:49:26.336-05:00  INFO 7564 --- [dev-server-output] c.v.b.devserver.DevServerOutputTracker   :     171 |               <div className="producto-grid">
2026-01-29T10:49:26.336-05:00  INFO 7564 --- [dev-server-output] c.v.b.devserver.DevServerOutputTracker   :   > 172 |                 {carrito.map((item) => (
2026-01-29T10:49:26.336-05:00  INFO 7564 --- [dev-server-output] c.v.b.devserver.DevServerOutputTracker   :         |                               ^^^^
2026-01-29T10:49:26.336-05:00  INFO 7564 --- [dev-server-output] c.v.b.devserver.DevServerOutputTracker   :     173 |                   <div key={item.id} className="producto-card">
2026-01-29T10:49:26.336-05:00  INFO 7564 --- [dev-server-output] c.v.b.devserver.DevServerOutputTracker   :     174 |                     <ProductoCard
2026-01-29T10:49:26.336-05:00  INFO 7564 --- [dev-server-output] c.v.b.devserver.DevServerOutputTracker   :     175 |                       item={item}
2026-01-29T10:49:26.336-05:00  INFO 7564 --- [dev-server-output] c.v.b.devserver.DevServerOutputTracker   : 
2026-01-29T10:49:26.337-05:00  INFO 7564 --- [dev-server-output] c.v.b.devserver.DevServerOutputTracker   :  ERROR(TypeScript)  Parameter 'item' implicitly has an 'any' type.
2026-01-29T10:49:26.337-05:00  INFO 7564 --- [dev-server-output] c.v.b.devserver.DevServerOutputTracker   :  FILE  C:/Users/LENOVO I7/Desktop/Proyecto/Proyecto_NvidiaCorp/src/main/frontend/views/carrito-list.tsx:203:34
2026-01-29T10:49:26.337-05:00  INFO 7564 --- [dev-server-output] c.v.b.devserver.DevServerOutputTracker   : 
2026-01-29T10:49:26.337-05:00  INFO 7564 --- [dev-server-output] c.v.b.devserver.DevServerOutputTracker   :     201 |                   <h3 className="carrito-mini-factura-titulo">Productos</h3>
2026-01-29T10:49:26.337-05:00  INFO 7564 --- [dev-server-output] c.v.b.devserver.DevServerOutputTracker   :     202 |                   <ul className="carrito-mini-factura-lista">
2026-01-29T10:49:26.337-05:00  INFO 7564 --- [dev-server-output] c.v.b.devserver.DevServerOutputTracker   :   > 203 |                     {carrito.map(item => (
2026-01-29T10:49:26.337-05:00  INFO 7564 --- [dev-server-output] c.v.b.devserver.DevServerOutputTracker   :         |                                  ^^^^
2026-01-29T10:49:26.337-05:00  INFO 7564 --- [dev-server-output] c.v.b.devserver.DevServerOutputTracker   :     204 |                       <li key={item.id} className="carrito-mini-factura-item">
2026-01-29T10:49:26.337-05:00  INFO 7564 --- [dev-server-output] c.v.b.devserver.DevServerOutputTracker   :     205 |                         <span className="carrito-mini-factura-nombre">{item.nombre}</span>
2026-01-29T10:49:26.337-05:00  INFO 7564 --- [dev-server-output] c.v.b.devserver.DevServerOutputTracker   :     206 |                         <span className="carrito-mini-factura-cantidad">{cantidades[item.id] || 1}</span>
2026-01-29T10:49:26.337-05:00  INFO 7564 --- [dev-server-output] c.v.b.devserver.DevServerOutputTracker   : 
2026-01-29T10:49:26.338-05:00  INFO 7564 --- [dev-server-output] c.v.b.devserver.DevServerOutputTracker   :  ERROR(TypeScript)  Parameter 'acc' implicitly has an 'any' type.
2026-01-29T10:49:26.338-05:00  INFO 7564 --- [dev-server-output] c.v.b.devserver.DevServerOutputTracker   :  FILE  C:/Users/LENOVO I7/Desktop/Proyecto/Proyecto_NvidiaCorp/src/main/frontend/views/Pago-form.tsx:34:12
2026-01-29T10:49:26.338-05:00  INFO 7564 --- [dev-server-output] c.v.b.devserver.DevServerOutputTracker   : 
2026-01-29T10:49:26.338-05:00  INFO 7564 --- [dev-server-output] c.v.b.devserver.DevServerOutputTracker   :     32 |         // 2?? Calcular totales
2026-01-29T10:49:26.338-05:00  INFO 7564 --- [dev-server-output] c.v.b.devserver.DevServerOutputTracker   :     33 |         const subtotal = carrito.reduce(
2026-01-29T10:49:26.338-05:00  INFO 7564 --- [dev-server-output] c.v.b.devserver.DevServerOutputTracker   :   > 34 |           (acc, item) => acc + (item.precio * (item.cantidad || 1)),
2026-01-29T10:49:26.338-05:00  INFO 7564 --- [dev-server-output] c.v.b.devserver.DevServerOutputTracker   :        |            ^^^
2026-01-29T10:49:26.338-05:00  INFO 7564 --- [dev-server-output] c.v.b.devserver.DevServerOutputTracker   :     35 |           0
2026-01-29T10:49:26.338-05:00  INFO 7564 --- [dev-server-output] c.v.b.devserver.DevServerOutputTracker   :     36 |         );
2026-01-29T10:49:26.338-05:00  INFO 7564 --- [dev-server-output] c.v.b.devserver.DevServerOutputTracker   :     37 |         const iva = subtotal * 0.15;
2026-01-29T10:49:26.338-05:00  INFO 7564 --- [dev-server-output] c.v.b.devserver.DevServerOutputTracker   : 
2026-01-29T10:49:26.339-05:00  INFO 7564 --- [dev-server-output] c.v.b.devserver.DevServerOutputTracker   :  ERROR(TypeScript)  Parameter 'item' implicitly has an 'any' type.
2026-01-29T10:49:26.339-05:00  INFO 7564 --- [dev-server-output] c.v.b.devserver.DevServerOutputTracker   :  FILE  C:/Users/LENOVO I7/Desktop/Proyecto/Proyecto_NvidiaCorp/src/main/frontend/views/Pago-form.tsx:34:17
2026-01-29T10:49:26.339-05:00  INFO 7564 --- [dev-server-output] c.v.b.devserver.DevServerOutputTracker   : 
2026-01-29T10:49:26.339-05:00  INFO 7564 --- [dev-server-output] c.v.b.devserver.DevServerOutputTracker   :     32 |         // 2?? Calcular totales
2026-01-29T10:49:26.339-05:00  INFO 7564 --- [dev-server-output] c.v.b.devserver.DevServerOutputTracker   :     33 |         const subtotal = carrito.reduce(
2026-01-29T10:49:26.339-05:00  INFO 7564 --- [dev-server-output] c.v.b.devserver.DevServerOutputTracker   :   > 34 |           (acc, item) => acc + (item.precio * (item.cantidad || 1)),
2026-01-29T10:49:26.339-05:00  INFO 7564 --- [dev-server-output] c.v.b.devserver.DevServerOutputTracker   :        |                 ^^^^
2026-01-29T10:49:26.339-05:00  INFO 7564 --- [dev-server-output] c.v.b.devserver.DevServerOutputTracker   :     35 |           0
2026-01-29T10:49:26.339-05:00  INFO 7564 --- [dev-server-output] c.v.b.devserver.DevServerOutputTracker   :     36 |         );
2026-01-29T10:49:26.339-05:00  INFO 7564 --- [dev-server-output] c.v.b.devserver.DevServerOutputTracker   :     37 |         const iva = subtotal * 0.15;
2026-01-29T10:49:26.339-05:00  INFO 7564 --- [dev-server-output] c.v.b.devserver.DevServerOutputTracker   : 
2026-01-29T10:49:26.340-05:00  INFO 7564 --- [dev-server-output] c.v.b.devserver.DevServerOutputTracker   :  ERROR(TypeScript)  Expected 7-8 arguments, but got 1.
2026-01-29T10:49:26.340-05:00  INFO 7564 --- [dev-server-output] c.v.b.devserver.DevServerOutputTracker   :  FILE  C:/Users/LENOVO I7/Desktop/Proyecto/Proyecto_NvidiaCorp/src/main/frontend/views/Pago-form.tsx:41:31
2026-01-29T10:49:26.340-05:00  INFO 7564 --- [dev-server-output] c.v.b.devserver.DevServerOutputTracker   : 
2026-01-29T10:49:26.340-05:00  INFO 7564 --- [dev-server-output] c.v.b.devserver.DevServerOutputTracker   :     39 |
2026-01-29T10:49:26.340-05:00  INFO 7564 --- [dev-server-output] c.v.b.devserver.DevServerOutputTracker   :     40 |         // 3?? ? GUARDAR FACTURA EN LA BASE DE DATOS
2026-01-29T10:49:26.341-05:00  INFO 7564 --- [dev-server-output] c.v.b.devserver.DevServerOutputTracker   :   > 41 |         await FacturaServices.createFactura({
2026-01-29T10:49:26.341-05:00  INFO 7564 --- [dev-server-output] c.v.b.devserver.DevServerOutputTracker   :        |                               ^^^^^^^^^^^^^
2026-01-29T10:49:26.341-05:00  INFO 7564 --- [dev-server-output] c.v.b.devserver.DevServerOutputTracker   :     42 |           subtotal,
2026-01-29T10:49:26.341-05:00  INFO 7564 --- [dev-server-output] c.v.b.devserver.DevServerOutputTracker   :     43 |           iva,
2026-01-29T10:49:26.341-05:00  INFO 7564 --- [dev-server-output] c.v.b.devserver.DevServerOutputTracker   :     44 |           total,
2026-01-29T10:49:26.341-05:00  INFO 7564 --- [dev-server-output] c.v.b.devserver.DevServerOutputTracker   : 
2026-01-29T10:49:26.341-05:00  INFO 7564 --- [dev-server-output] c.v.b.devserver.DevServerOutputTracker   :  ERROR(TypeScript)  Parameter 'item' implicitly has an 'any' type.
2026-01-29T10:49:26.341-05:00  INFO 7564 --- [dev-server-output] c.v.b.devserver.DevServerOutputTracker   :  FILE  C:/Users/LENOVO I7/Desktop/Proyecto/Proyecto_NvidiaCorp/src/main/frontend/views/Pago-form.tsx:46:33
2026-01-29T10:49:26.341-05:00  INFO 7564 --- [dev-server-output] c.v.b.devserver.DevServerOutputTracker   : 
2026-01-29T10:49:26.341-05:00  INFO 7564 --- [dev-server-output] c.v.b.devserver.DevServerOutputTracker   :     44 |           total,
2026-01-29T10:49:26.341-05:00  INFO 7564 --- [dev-server-output] c.v.b.devserver.DevServerOutputTracker   :     45 |           metodoPago: "TARJETA",
2026-01-29T10:49:26.341-05:00  INFO 7564 --- [dev-server-output] c.v.b.devserver.DevServerOutputTracker   :   > 46 |           detalles: carrito.map(item => ({
2026-01-29T10:49:26.341-05:00  INFO 7564 --- [dev-server-output] c.v.b.devserver.DevServerOutputTracker   :        |                                 ^^^^
2026-01-29T10:49:26.341-05:00  INFO 7564 --- [dev-server-output] c.v.b.devserver.DevServerOutputTracker   :     47 |             productoId: item.id,
2026-01-29T10:49:26.341-05:00  INFO 7564 --- [dev-server-output] c.v.b.devserver.DevServerOutputTracker   :     48 |             cantidad: item.cantidad || 1,
2026-01-29T10:49:26.341-05:00  INFO 7564 --- [dev-server-output] c.v.b.devserver.DevServerOutputTracker   :     49 |             precioUnitario: item.precio
2026-01-29T10:49:26.341-05:00  INFO 7564 --- [dev-server-output] c.v.b.devserver.DevServerOutputTracker   : 
2026-01-29T10:49:26.341-05:00  INFO 7564 --- [dev-server-output] c.v.b.devserver.DevServerOutputTracker   :  ERROR(TypeScript)  Type 'Element' is not assignable to type 'string'.
2026-01-29T10:49:26.341-05:00  INFO 7564 --- [dev-server-output] c.v.b.devserver.DevServerOutputTracker   :  FILE  C:/Users/LENOVO I7/Desktop/Proyecto/Proyecto_NvidiaCorp/src/main/frontend/views/Pago_list.tsx:86:20
2026-01-29T10:49:26.342-05:00  INFO 7564 --- [dev-server-output] c.v.b.devserver.DevServerOutputTracker   : 
2026-01-29T10:49:26.342-05:00  INFO 7564 --- [dev-server-output] c.v.b.devserver.DevServerOutputTracker   :     84 |   return (
2026-01-29T10:49:26.342-05:00  INFO 7564 --- [dev-server-output] c.v.b.devserver.DevServerOutputTracker   :     85 |     <main className="pago-main">
2026-01-29T10:49:26.342-05:00  INFO 7564 --- [dev-server-output] c.v.b.devserver.DevServerOutputTracker   :   > 86 |       <ViewToolbar title={<span className="pago-title">Lista de Pagos</span>}>
2026-01-29T10:49:26.342-05:00  INFO 7564 --- [dev-server-output] c.v.b.devserver.DevServerOutputTracker   :        |                    ^^^^^
2026-01-29T10:49:26.342-05:00  INFO 7564 --- [dev-server-output] c.v.b.devserver.DevServerOutputTracker   :     87 |         <Group>
2026-01-29T10:49:26.342-05:00  INFO 7564 --- [dev-server-output] c.v.b.devserver.DevServerOutputTracker   :     88 |           {/* Aquí puedes agregar filtros o botones si lo necesitas */}
2026-01-29T10:49:26.343-05:00  INFO 7564 --- [dev-server-output] c.v.b.devserver.DevServerOutputTracker   :     89 |         </Group>
2026-01-29T10:49:26.343-05:00  INFO 7564 --- [dev-server-output] c.v.b.devserver.DevServerOutputTracker   : 
2026-01-29T10:49:26.343-05:00  INFO 7564 --- [dev-server-output] c.v.b.devserver.DevServerOutputTracker   :  ERROR(TypeScript)  Type 'Promise<(Persona | undefined)[] | undefined>' is not assignable to type 'Promise<Persona[]>'.
2026-01-29T10:49:26.343-05:00  INFO 7564 --- [dev-server-output] c.v.b.devserver.DevServerOutputTracker   :   Type '(Persona | undefined)[] | undefined' is not assignable to type 'Persona[]'.
2026-01-29T10:49:26.343-05:00  INFO 7564 --- [dev-server-output] c.v.b.devserver.DevServerOutputTracker   :     Type 'undefined' is not assignable to type 'Persona[]'.
2026-01-29T10:49:26.343-05:00  INFO 7564 --- [dev-server-output] c.v.b.devserver.DevServerOutputTracker   :  FILE  C:/Users/LENOVO I7/Desktop/Proyecto/Proyecto_NvidiaCorp/src/main/frontend/views/persona-list.tsx:172:27
2026-01-29T10:49:26.343-05:00  INFO 7564 --- [dev-server-output] c.v.b.devserver.DevServerOutputTracker   : 
2026-01-29T10:49:26.343-05:00  INFO 7564 --- [dev-server-output] c.v.b.devserver.DevServerOutputTracker   :     170 | export default function PersonaListView() {
2026-01-29T10:49:26.343-05:00  INFO 7564 --- [dev-server-output] c.v.b.devserver.DevServerOutputTracker   :     171 |     const dataProvider = useDataProvider<Persona>({
2026-01-29T10:49:26.343-05:00  INFO 7564 --- [dev-server-output] c.v.b.devserver.DevServerOutputTracker   :   > 172 |         list: (params) => PersonaServices.listAllPersona(),
2026-01-29T10:49:26.343-05:00  INFO 7564 --- [dev-server-output] c.v.b.devserver.DevServerOutputTracker   :         |                           ^^^^^^^^^^^^^^^^^^^^^^^^^^^^^^^^
2026-01-29T10:49:26.343-05:00  INFO 7564 --- [dev-server-output] c.v.b.devserver.DevServerOutputTracker   :     173 |     });
2026-01-29T10:49:26.343-05:00  INFO 7564 --- [dev-server-output] c.v.b.devserver.DevServerOutputTracker   :     174 |
2026-01-29T10:49:26.343-05:00  INFO 7564 --- [dev-server-output] c.v.b.devserver.DevServerOutputTracker   :     175 |     return (
2026-01-29T10:49:26.343-05:00  INFO 7564 --- [dev-server-output] c.v.b.devserver.DevServerOutputTracker   : 
2026-01-29T10:49:26.343-05:00  INFO 7564 --- [dev-server-output] c.v.b.devserver.DevServerOutputTracker   :  ERROR(TypeScript)  Not all code paths return a value.
2026-01-29T10:49:26.343-05:00  INFO 7564 --- [dev-server-output] c.v.b.devserver.DevServerOutputTracker   :  FILE  C:/Users/LENOVO I7/Desktop/Proyecto/Proyecto_NvidiaCorp/src/main/frontend/views/producto-list.tsx:28:15
2026-01-29T10:49:26.343-05:00  INFO 7564 --- [dev-server-output] c.v.b.devserver.DevServerOutputTracker   : 
2026-01-29T10:49:26.343-05:00  INFO 7564 --- [dev-server-output] c.v.b.devserver.DevServerOutputTracker   :     26 |     const navigate = useNavigate();
2026-01-29T10:49:26.343-05:00  INFO 7564 --- [dev-server-output] c.v.b.devserver.DevServerOutputTracker   :     27 |
2026-01-29T10:49:26.343-05:00  INFO 7564 --- [dev-server-output] c.v.b.devserver.DevServerOutputTracker   :   > 28 |     useEffect(() => {
2026-01-29T10:49:26.343-05:00  INFO 7564 --- [dev-server-output] c.v.b.devserver.DevServerOutputTracker   :        |               ^^^^^^^
2026-01-29T10:49:26.343-05:00  INFO 7564 --- [dev-server-output] c.v.b.devserver.DevServerOutputTracker   :     29 |         if (isVisible && producto) {
2026-01-29T10:49:26.343-05:00  INFO 7564 --- [dev-server-output] c.v.b.devserver.DevServerOutputTracker   :     30 |             const timer = setTimeout(() => {
2026-01-29T10:49:26.343-05:00  INFO 7564 --- [dev-server-output] c.v.b.devserver.DevServerOutputTracker   :     31 |                 onClose();
2026-01-29T10:49:26.343-05:00  INFO 7564 --- [dev-server-output] c.v.b.devserver.DevServerOutputTracker   : 
2026-01-29T10:49:26.343-05:00  INFO 7564 --- [dev-server-output] c.v.b.devserver.DevServerOutputTracker   :  ERROR(TypeScript)  'respuesta' is possibly 'undefined'.
2026-01-29T10:49:26.343-05:00  INFO 7564 --- [dev-server-output] c.v.b.devserver.DevServerOutputTracker   :  FILE  C:/Users/LENOVO I7/Desktop/Proyecto/Proyecto_NvidiaCorp/src/main/frontend/views/producto-list.tsx:218:17
2026-01-29T10:49:26.343-05:00  INFO 7564 --- [dev-server-output] c.v.b.devserver.DevServerOutputTracker   : 
2026-01-29T10:49:26.345-05:00  INFO 7564 --- [dev-server-output] c.v.b.devserver.DevServerOutputTracker   :     216 |
2026-01-29T10:49:26.345-05:00  INFO 7564 --- [dev-server-output] c.v.b.devserver.DevServerOutputTracker   :     217 |             // --- Lógica de Añadir al Carrito ---
2026-01-29T10:49:26.345-05:00  INFO 7564 --- [dev-server-output] c.v.b.devserver.DevServerOutputTracker   :   > 218 |             if (respuesta.includes("[ADD_TO_CART:")) {
2026-01-29T10:49:26.345-05:00  INFO 7564 --- [dev-server-output] c.v.b.devserver.DevServerOutputTracker   :         |                 ^^^^^^^^^
2026-01-29T10:49:26.345-05:00  INFO 7564 --- [dev-server-output] c.v.b.devserver.DevServerOutputTracker   :     219 |                 const match = respuesta.match(/\[ADD_TO_CART:(\d+)\]/);
2026-01-29T10:49:26.345-05:00  INFO 7564 --- [dev-server-output] c.v.b.devserver.DevServerOutputTracker   :     220 |                 if (match) {
2026-01-29T10:49:26.345-05:00  INFO 7564 --- [dev-server-output] c.v.b.devserver.DevServerOutputTracker   :     221 |                     const id = parseInt(match[1]);
2026-01-29T10:49:26.345-05:00  INFO 7564 --- [dev-server-output] c.v.b.devserver.DevServerOutputTracker   : 
2026-01-29T10:49:26.345-05:00  INFO 7564 --- [dev-server-output] c.v.b.devserver.DevServerOutputTracker   :  ERROR(TypeScript)  'respuesta' is possibly 'undefined'.
2026-01-29T10:49:26.346-05:00  INFO 7564 --- [dev-server-output] c.v.b.devserver.DevServerOutputTracker   :  FILE  C:/Users/LENOVO I7/Desktop/Proyecto/Proyecto_NvidiaCorp/src/main/frontend/views/producto-list.tsx:219:31
2026-01-29T10:49:26.346-05:00  INFO 7564 --- [dev-server-output] c.v.b.devserver.DevServerOutputTracker   : 
2026-01-29T10:49:26.346-05:00  INFO 7564 --- [dev-server-output] c.v.b.devserver.DevServerOutputTracker   :     217 |             // --- Lógica de Añadir al Carrito ---
2026-01-29T10:49:26.346-05:00  INFO 7564 --- [dev-server-output] c.v.b.devserver.DevServerOutputTracker   :     218 |             if (respuesta.includes("[ADD_TO_CART:")) {
2026-01-29T10:49:26.346-05:00  INFO 7564 --- [dev-server-output] c.v.b.devserver.DevServerOutputTracker   :   > 219 |                 const match = respuesta.match(/\[ADD_TO_CART:(\d+)\]/);
2026-01-29T10:49:26.347-05:00  INFO 7564 --- [dev-server-output] c.v.b.devserver.DevServerOutputTracker   :         |                               ^^^^^^^^^
2026-01-29T10:49:26.347-05:00  INFO 7564 --- [dev-server-output] c.v.b.devserver.DevServerOutputTracker   :     220 |                 if (match) {
2026-01-29T10:49:26.347-05:00  INFO 7564 --- [dev-server-output] c.v.b.devserver.DevServerOutputTracker   :     221 |                     const id = parseInt(match[1]);
2026-01-29T10:49:26.347-05:00  INFO 7564 --- [dev-server-output] c.v.b.devserver.DevServerOutputTracker   :     222 |                     const prod = productos.find(p => p.id === id);
2026-01-29T10:49:26.347-05:00  INFO 7564 --- [dev-server-output] c.v.b.devserver.DevServerOutputTracker   : 
2026-01-29T10:49:26.348-05:00  INFO 7564 --- [dev-server-output] c.v.b.devserver.DevServerOutputTracker   :  ERROR(TypeScript)  'respuesta' is possibly 'undefined'.
2026-01-29T10:49:26.348-05:00  INFO 7564 --- [dev-server-output] c.v.b.devserver.DevServerOutputTracker   :  FILE  C:/Users/LENOVO I7/Desktop/Proyecto/Proyecto_NvidiaCorp/src/main/frontend/views/producto-list.tsx:231:33
2026-01-29T10:49:26.348-05:00  INFO 7564 --- [dev-server-output] c.v.b.devserver.DevServerOutputTracker   : 
2026-01-29T10:49:26.349-05:00  INFO 7564 --- [dev-server-output] c.v.b.devserver.DevServerOutputTracker   :     229 |
2026-01-29T10:49:26.349-05:00  INFO 7564 --- [dev-server-output] c.v.b.devserver.DevServerOutputTracker   :     230 |             // Limpiamos el código del texto antes de mostrarlo
2026-01-29T10:49:26.349-05:00  INFO 7564 --- [dev-server-output] c.v.b.devserver.DevServerOutputTracker   :   > 231 |             const textoLimpio = respuesta.replace(/\[ADD_TO_CART:.*?\]/g, "").trim();
2026-01-29T10:49:26.349-05:00  INFO 7564 --- [dev-server-output] c.v.b.devserver.DevServerOutputTracker   :         |                                 ^^^^^^^^^
2026-01-29T10:49:26.349-05:00  INFO 7564 --- [dev-server-output] c.v.b.devserver.DevServerOutputTracker   :     232 |             setHistorial(prev => [...prev, { rol: 'ia', texto: textoLimpio }]);
2026-01-29T10:49:26.349-05:00  INFO 7564 --- [dev-server-output] c.v.b.devserver.DevServerOutputTracker   :     233 |         } catch (error) {
2026-01-29T10:49:26.349-05:00  INFO 7564 --- [dev-server-output] c.v.b.devserver.DevServerOutputTracker   :     234 |             console.error(error);
2026-01-29T10:49:26.349-05:00  INFO 7564 --- [dev-server-output] c.v.b.devserver.DevServerOutputTracker   : 
2026-01-29T10:49:26.349-05:00  INFO 7564 --- [dev-server-output] c.v.b.devserver.DevServerOutputTracker   :  ERROR(TypeScript)  Argument of type '(ProductoDTO | undefined)[] | undefined' is not assignable to parameter of type 'SetStateAction<Producto[]>'.
2026-01-29T10:49:26.350-05:00  INFO 7564 --- [dev-server-output] c.v.b.devserver.DevServerOutputTracker   :   Type 'undefined' is not assignable to type 'SetStateAction<Producto[]>'.
2026-01-29T10:49:26.350-05:00  INFO 7564 --- [dev-server-output] c.v.b.devserver.DevServerOutputTracker   :  FILE  C:/Users/LENOVO I7/Desktop/Proyecto/Proyecto_NvidiaCorp/src/main/frontend/views/producto-list.tsx:250:22
2026-01-29T10:49:26.350-05:00  INFO 7564 --- [dev-server-output] c.v.b.devserver.DevServerOutputTracker   : 
2026-01-29T10:49:26.350-05:00  INFO 7564 --- [dev-server-output] c.v.b.devserver.DevServerOutputTracker   :     248 |     const cargarProductos = async () => {
2026-01-29T10:49:26.350-05:00  INFO 7564 --- [dev-server-output] c.v.b.devserver.DevServerOutputTracker   :     249 |         const data = await ProductoService.listAllProductos();
2026-01-29T10:49:26.350-05:00  INFO 7564 --- [dev-server-output] c.v.b.devserver.DevServerOutputTracker   :   > 250 |         setProductos(data);
2026-01-29T10:49:26.350-05:00  INFO 7564 --- [dev-server-output] c.v.b.devserver.DevServerOutputTracker   :         |                      ^^^^
2026-01-29T10:49:26.350-05:00  INFO 7564 --- [dev-server-output] c.v.b.devserver.DevServerOutputTracker   :     251 |         setProductosFiltrados(data);
2026-01-29T10:49:26.350-05:00  INFO 7564 --- [dev-server-output] c.v.b.devserver.DevServerOutputTracker   :     252 |         console.log("Productos recibidos:", data);
2026-01-29T10:49:26.350-05:00  INFO 7564 --- [dev-server-output] c.v.b.devserver.DevServerOutputTracker   :     253 |     };
2026-01-29T10:49:26.350-05:00  INFO 7564 --- [dev-server-output] c.v.b.devserver.DevServerOutputTracker   : 
2026-01-29T10:49:26.350-05:00  INFO 7564 --- [dev-server-output] c.v.b.devserver.DevServerOutputTracker   :  ERROR(TypeScript)  Argument of type '(ProductoDTO | undefined)[] | undefined' is not assignable to parameter of type 'SetStateAction<Producto[]>'.
2026-01-29T10:49:26.350-05:00  INFO 7564 --- [dev-server-output] c.v.b.devserver.DevServerOutputTracker   :   Type 'undefined' is not assignable to type 'SetStateAction<Producto[]>'.
2026-01-29T10:49:26.350-05:00  INFO 7564 --- [dev-server-output] c.v.b.devserver.DevServerOutputTracker   :  FILE  C:/Users/LENOVO I7/Desktop/Proyecto/Proyecto_NvidiaCorp/src/main/frontend/views/producto-list.tsx:251:31
2026-01-29T10:49:26.350-05:00  INFO 7564 --- [dev-server-output] c.v.b.devserver.DevServerOutputTracker   : 
2026-01-29T10:49:26.350-05:00  INFO 7564 --- [dev-server-output] c.v.b.devserver.DevServerOutputTracker   :     249 |         const data = await ProductoService.listAllProductos();
2026-01-29T10:49:26.350-05:00  INFO 7564 --- [dev-server-output] c.v.b.devserver.DevServerOutputTracker   :     250 |         setProductos(data);
2026-01-29T10:49:26.350-05:00  INFO 7564 --- [dev-server-output] c.v.b.devserver.DevServerOutputTracker   :   > 251 |         setProductosFiltrados(data);
2026-01-29T10:49:26.350-05:00  INFO 7564 --- [dev-server-output] c.v.b.devserver.DevServerOutputTracker   :         |                               ^^^^
2026-01-29T10:49:26.350-05:00  INFO 7564 --- [dev-server-output] c.v.b.devserver.DevServerOutputTracker   :     252 |         console.log("Productos recibidos:", data);
2026-01-29T10:49:26.350-05:00  INFO 7564 --- [dev-server-output] c.v.b.devserver.DevServerOutputTracker   :     253 |     };
2026-01-29T10:49:26.350-05:00  INFO 7564 --- [dev-server-output] c.v.b.devserver.DevServerOutputTracker   :     254 |
2026-01-29T10:49:26.350-05:00  INFO 7564 --- [dev-server-output] c.v.b.devserver.DevServerOutputTracker   : 
2026-01-29T10:49:26.353-05:00  INFO 7564 --- [dev-server-output] c.v.b.devserver.DevServerOutputTracker   :  ERROR(TypeScript)  Property 'busqueda' does not exist on type 'typeof import("C:/Users/LENOVO I7/Desktop/Proyecto/Proyecto_NvidiaCorp/src/main/frontend/generated/ProductoService")'.
2026-01-29T10:49:26.353-05:00  INFO 7564 --- [dev-server-output] c.v.b.devserver.DevServerOutputTracker   :  FILE  C:/Users/LENOVO I7/Desktop/Proyecto/Proyecto_NvidiaCorp/src/main/frontend/views/producto-list.tsx:350:29
2026-01-29T10:49:26.353-05:00  INFO 7564 --- [dev-server-output] c.v.b.devserver.DevServerOutputTracker   : 
2026-01-29T10:49:26.353-05:00  INFO 7564 --- [dev-server-output] c.v.b.devserver.DevServerOutputTracker   :     348 |                 return;
2026-01-29T10:49:26.353-05:00  INFO 7564 --- [dev-server-output] c.v.b.devserver.DevServerOutputTracker   :     349 |             }
2026-01-29T10:49:26.353-05:00  INFO 7564 --- [dev-server-output] c.v.b.devserver.DevServerOutputTracker   :   > 350 |             ProductoService.busqueda(criterio.value, text.value).then(function (data) {
2026-01-29T10:49:26.353-05:00  INFO 7564 --- [dev-server-output] c.v.b.devserver.DevServerOutputTracker   :         |                             ^^^^^^^^
2026-01-29T10:49:26.353-05:00  INFO 7564 --- [dev-server-output] c.v.b.devserver.DevServerOutputTracker   :     351 |                 setProductos(data);
2026-01-29T10:49:26.353-05:00  INFO 7564 --- [dev-server-output] c.v.b.devserver.DevServerOutputTracker   :     352 |                 console.log("Resultados de busqueda:", data);
2026-01-29T10:49:26.353-05:00  INFO 7564 --- [dev-server-output] c.v.b.devserver.DevServerOutputTracker   :     353 |                 Notification.show(`Se encontraron ${data.length} resultado(s)`, {
2026-01-29T10:49:26.353-05:00  INFO 7564 --- [dev-server-output] c.v.b.devserver.DevServerOutputTracker   : 
2026-01-29T10:49:26.353-05:00  INFO 7564 --- [dev-server-output] c.v.b.devserver.DevServerOutputTracker   :  ERROR(TypeScript)  Parameter 'data' implicitly has an 'any' type.
2026-01-29T10:49:26.353-05:00  INFO 7564 --- [dev-server-output] c.v.b.devserver.DevServerOutputTracker   :  FILE  C:/Users/LENOVO I7/Desktop/Proyecto/Proyecto_NvidiaCorp/src/main/frontend/views/producto-list.tsx:350:81
2026-01-29T10:49:26.353-05:00  INFO 7564 --- [dev-server-output] c.v.b.devserver.DevServerOutputTracker   : 
2026-01-29T10:49:26.355-05:00  INFO 7564 --- [dev-server-output] c.v.b.devserver.DevServerOutputTracker   :     348 |                 return;
2026-01-29T10:49:26.355-05:00  INFO 7564 --- [dev-server-output] c.v.b.devserver.DevServerOutputTracker   :     349 |             }
2026-01-29T10:49:26.355-05:00  INFO 7564 --- [dev-server-output] c.v.b.devserver.DevServerOutputTracker   :   > 350 |             ProductoService.busqueda(criterio.value, text.value).then(function (data) {
2026-01-29T10:49:26.355-05:00  INFO 7564 --- [dev-server-output] c.v.b.devserver.DevServerOutputTracker   :         |                                                                                 ^^^^
2026-01-29T10:49:26.355-05:00  INFO 7564 --- [dev-server-output] c.v.b.devserver.DevServerOutputTracker   :     351 |                 setProductos(data);
2026-01-29T10:49:26.355-05:00  INFO 7564 --- [dev-server-output] c.v.b.devserver.DevServerOutputTracker   :     352 |                 console.log("Resultados de busqueda:", data);
2026-01-29T10:49:26.355-05:00  INFO 7564 --- [dev-server-output] c.v.b.devserver.DevServerOutputTracker   :     353 |                 Notification.show(`Se encontraron ${data.length} resultado(s)`, {
2026-01-29T10:49:26.355-05:00  INFO 7564 --- [dev-server-output] c.v.b.devserver.DevServerOutputTracker   : 
2026-01-29T10:49:26.355-05:00  INFO 7564 --- [dev-server-output] c.v.b.devserver.DevServerOutputTracker   :  ERROR(TypeScript)  Type 'Element' is not assignable to type 'string'.
2026-01-29T10:49:26.355-05:00  INFO 7564 --- [dev-server-output] c.v.b.devserver.DevServerOutputTracker   :  FILE  C:/Users/LENOVO I7/Desktop/Proyecto/Proyecto_NvidiaCorp/src/main/frontend/views/producto-list.tsx:599:21
2026-01-29T10:49:26.355-05:00  INFO 7564 --- [dev-server-output] c.v.b.devserver.DevServerOutputTracker   : 
2026-01-29T10:49:26.355-05:00  INFO 7564 --- [dev-server-output] c.v.b.devserver.DevServerOutputTracker   :     597 |             <div className="contenido-principal">
2026-01-29T10:49:26.355-05:00  INFO 7564 --- [dev-server-output] c.v.b.devserver.DevServerOutputTracker   :     598 |                 <ViewToolbar
2026-01-29T10:49:26.355-05:00  INFO 7564 --- [dev-server-output] c.v.b.devserver.DevServerOutputTracker   :   > 599 |                     title={
2026-01-29T10:49:26.355-05:00  INFO 7564 --- [dev-server-output] c.v.b.devserver.DevServerOutputTracker   :         |                     ^^^^^
2026-01-29T10:49:26.355-05:00  INFO 7564 --- [dev-server-output] c.v.b.devserver.DevServerOutputTracker   :     600 |                         <span className="producto-toolbar-titulo">
2026-01-29T10:49:26.356-05:00  INFO 7564 --- [dev-server-output] c.v.b.devserver.DevServerOutputTracker   :     601 |                             Productos ({productosFiltrados.length})
2026-01-29T10:49:26.356-05:00  INFO 7564 --- [dev-server-output] c.v.b.devserver.DevServerOutputTracker   :     602 |                         </span>
2026-01-29T10:49:26.356-05:00  INFO 7564 --- [dev-server-output] c.v.b.devserver.DevServerOutputTracker   : 
2026-01-29T10:49:26.356-05:00  INFO 7564 --- [dev-server-output] c.v.b.devserver.DevServerOutputTracker   :  ERROR(TypeScript)  Type '(event: KeyboardEvent) => void' is not assignable to type 'KeyboardEventHandler<TextField>'.
2026-01-29T10:49:26.356-05:00  INFO 7564 --- [dev-server-output] c.v.b.devserver.DevServerOutputTracker   :   Types of parameters 'event' and 'event' are incompatible.
2026-01-29T10:49:26.356-05:00  INFO 7564 --- [dev-server-output] c.v.b.devserver.DevServerOutputTracker   :     Type 'KeyboardEvent<TextField>' is missing the following properties from type 'KeyboardEvent': isComposing, initKeyboardEvent, DOM_KEY_LOCATION_STANDARD, DOM_KEY_LOCATION_LEFT, and 14 more.
2026-01-29T10:49:26.356-05:00  INFO 7564 --- [dev-server-output] c.v.b.devserver.DevServerOutputTracker   :  FILE  C:/Users/LENOVO I7/Desktop/Proyecto/Proyecto_NvidiaCorp/src/main/frontend/views/producto-list.tsx:629:25
2026-01-29T10:49:26.356-05:00  INFO 7564 --- [dev-server-output] c.v.b.devserver.DevServerOutputTracker   : 
2026-01-29T10:49:26.356-05:00  INFO 7564 --- [dev-server-output] c.v.b.devserver.DevServerOutputTracker   :     627 |                         value={text.value}
2026-01-29T10:49:26.356-05:00  INFO 7564 --- [dev-server-output] c.v.b.devserver.DevServerOutputTracker   :     628 |                         onValueChanged={(evt) => (text.value = evt.detail.value)}
2026-01-29T10:49:26.356-05:00  INFO 7564 --- [dev-server-output] c.v.b.devserver.DevServerOutputTracker   :   > 629 |                         onKeyDown={handleKeyPress}
2026-01-29T10:49:26.356-05:00  INFO 7564 --- [dev-server-output] c.v.b.devserver.DevServerOutputTracker   :         |                         ^^^^^^^^^
2026-01-29T10:49:26.356-05:00  INFO 7564 --- [dev-server-output] c.v.b.devserver.DevServerOutputTracker   :     630 |                         clearButtonVisible
2026-01-29T10:49:26.356-05:00  INFO 7564 --- [dev-server-output] c.v.b.devserver.DevServerOutputTracker   :     631 |                     >
2026-01-29T10:49:26.357-05:00  INFO 7564 --- [dev-server-output] c.v.b.devserver.DevServerOutputTracker   :     632 |                         <Icon slot="prefix" icon="vaadin:search" style={{ color: '#76b900', fontSize: '1.2rem' }} />
2026-01-29T10:49:26.357-05:00  INFO 7564 --- [dev-server-output] c.v.b.devserver.DevServerOutputTracker   : 
2026-01-29T10:49:26.357-05:00  INFO 7564 --- [dev-server-output] c.v.b.devserver.DevServerOutputTracker   :  ERROR(TypeScript)  Type '{ onProductoCreated: () => Promise<void>; className: string; }' is not assignable to type 'IntrinsicAttributes & ProductoEntryFormProps'.
2026-01-29T10:49:26.357-05:00  INFO 7564 --- [dev-server-output] c.v.b.devserver.DevServerOutputTracker   :   Property 'className' does not exist on type 'IntrinsicAttributes & ProductoEntryFormProps'.
2026-01-29T10:49:26.357-05:00  INFO 7564 --- [dev-server-output] c.v.b.devserver.DevServerOutputTracker   :  FILE  C:/Users/LENOVO I7/Desktop/Proyecto/Proyecto_NvidiaCorp/src/main/frontend/views/producto-list.tsx:658:25
2026-01-29T10:49:26.357-05:00  INFO 7564 --- [dev-server-output] c.v.b.devserver.DevServerOutputTracker   : 
2026-01-29T10:49:26.357-05:00  INFO 7564 --- [dev-server-output] c.v.b.devserver.DevServerOutputTracker   :     656 |                     <ProductoEntryForm
2026-01-29T10:49:26.357-05:00  INFO 7564 --- [dev-server-output] c.v.b.devserver.DevServerOutputTracker   :     657 |                         onProductoCreated={cargarProductos}
2026-01-29T10:49:26.357-05:00  INFO 7564 --- [dev-server-output] c.v.b.devserver.DevServerOutputTracker   :   > 658 |                         className="producto-btn-registrar"
2026-01-29T10:49:26.357-05:00  INFO 7564 --- [dev-server-output] c.v.b.devserver.DevServerOutputTracker   :         |                         ^^^^^^^^^
2026-01-29T10:49:26.357-05:00  INFO 7564 --- [dev-server-output] c.v.b.devserver.DevServerOutputTracker   :     659 |                     />
2026-01-29T10:49:26.358-05:00  INFO 7564 --- [dev-server-output] c.v.b.devserver.DevServerOutputTracker   :     660 |                 </div>
2026-01-29T10:49:26.358-05:00  INFO 7564 --- [dev-server-output] c.v.b.devserver.DevServerOutputTracker   :     661 |
2026-01-29T10:49:26.358-05:00  INFO 7564 --- [dev-server-output] c.v.b.devserver.DevServerOutputTracker   : 
2026-01-29T10:49:26.358-05:00  INFO 7564 --- [dev-server-output] c.v.b.devserver.DevServerOutputTracker   : [TypeScript] Found 30 errors. Watching for file changes.
2026-01-29T10:50:24.720-05:00  INFO 7564 --- [dev-server-output] c.v.b.devserver.DevServerOutputTracker   : 10:50:24 a. m. [vite] (client) hmr update /views/Pago-form.tsx
2026-01-29T10:50:25.193-05:00  INFO 7564 --- [dev-server-output] c.v.b.devserver.DevServerOutputTracker   : 
2026-01-29T10:50:25.193-05:00  INFO 7564 --- [dev-server-output] c.v.b.devserver.DevServerOutputTracker   :  ERROR(TypeScript)  Property 'user' does not exist on type 'AuthContextType'.
2026-01-29T10:50:25.193-05:00  INFO 7564 --- [dev-server-output] c.v.b.devserver.DevServerOutputTracker   :  FILE  C:/Users/LENOVO I7/Desktop/Proyecto/Proyecto_NvidiaCorp/src/main/frontend/components/Navbar.tsx:12:11
2026-01-29T10:50:25.194-05:00  INFO 7564 --- [dev-server-output] c.v.b.devserver.DevServerOutputTracker   : 
2026-01-29T10:50:25.194-05:00  INFO 7564 --- [dev-server-output] c.v.b.devserver.DevServerOutputTracker   :     10 |   const navigate = useNavigate();
2026-01-29T10:50:25.194-05:00  INFO 7564 --- [dev-server-output] c.v.b.devserver.DevServerOutputTracker   :     11 |   const location = useLocation(); // <-- Obtiene el objeto location
2026-01-29T10:50:25.194-05:00  INFO 7564 --- [dev-server-output] c.v.b.devserver.DevServerOutputTracker   :   > 12 |   const { user } = useAuth();
2026-01-29T10:50:25.194-05:00  INFO 7564 --- [dev-server-output] c.v.b.devserver.DevServerOutputTracker   :        |           ^^^^
2026-01-29T10:50:25.194-05:00  INFO 7564 --- [dev-server-output] c.v.b.devserver.DevServerOutputTracker   :     13 |
2026-01-29T10:50:25.194-05:00  INFO 7564 --- [dev-server-output] c.v.b.devserver.DevServerOutputTracker   :     14 |   console.log("Usuario autenticado:", user); // <-- Agrega esto
2026-01-29T10:50:25.194-05:00  INFO 7564 --- [dev-server-output] c.v.b.devserver.DevServerOutputTracker   :     15 |
2026-01-29T10:50:25.194-05:00  INFO 7564 --- [dev-server-output] c.v.b.devserver.DevServerOutputTracker   : 
2026-01-29T10:50:25.194-05:00  INFO 7564 --- [dev-server-output] c.v.b.devserver.DevServerOutputTracker   :  ERROR(TypeScript)  Type 'Marca | undefined' is not assignable to type 'Marca'.
2026-01-29T10:50:25.194-05:00  INFO 7564 --- [dev-server-output] c.v.b.devserver.DevServerOutputTracker   :   Type 'undefined' is not assignable to type 'Marca'.
2026-01-29T10:50:25.194-05:00  INFO 7564 --- [dev-server-output] c.v.b.devserver.DevServerOutputTracker   :  FILE  C:/Users/LENOVO I7/Desktop/Proyecto/Proyecto_NvidiaCorp/src/main/frontend/views/_producto-admin.tsx:47:68
2026-01-29T10:50:25.194-05:00  INFO 7564 --- [dev-server-output] c.v.b.devserver.DevServerOutputTracker   : 
2026-01-29T10:50:25.194-05:00  INFO 7564 --- [dev-server-output] c.v.b.devserver.DevServerOutputTracker   :     45 |         // Carga de marcas
2026-01-29T10:50:25.194-05:00  INFO 7564 --- [dev-server-output] c.v.b.devserver.DevServerOutputTracker   :     46 |         MarcaService.listAllMarcas().then(result => {
2026-01-29T10:50:25.194-05:00  INFO 7564 --- [dev-server-output] c.v.b.devserver.DevServerOutputTracker   :   > 47 |              setMarcas([{ id: 0, nombre: 'Seleccione una marca' }, ...(result || [])]);
2026-01-29T10:50:25.194-05:00  INFO 7564 --- [dev-server-output] c.v.b.devserver.DevServerOutputTracker   :        |                                                                    ^^^^^^^^^^^^^^^^^
2026-01-29T10:50:25.194-05:00  INFO 7564 --- [dev-server-output] c.v.b.devserver.DevServerOutputTracker   :     48 |         }).catch(console.error);
2026-01-29T10:50:25.194-05:00  INFO 7564 --- [dev-server-output] c.v.b.devserver.DevServerOutputTracker   :     49 |     }, []);
2026-01-29T10:50:25.195-05:00  INFO 7564 --- [dev-server-output] c.v.b.devserver.DevServerOutputTracker   :     50 |
2026-01-29T10:50:25.195-05:00  INFO 7564 --- [dev-server-output] c.v.b.devserver.DevServerOutputTracker   : 
2026-01-29T10:50:25.195-05:00  INFO 7564 --- [dev-server-output] c.v.b.devserver.DevServerOutputTracker   :  ERROR(TypeScript)  Type 'number' is not assignable to type 'string'.
2026-01-29T10:50:25.195-05:00  INFO 7564 --- [dev-server-output] c.v.b.devserver.DevServerOutputTracker   :  FILE  C:/Users/LENOVO I7/Desktop/Proyecto/Proyecto_NvidiaCorp/src/main/frontend/views/_producto-admin.tsx:98:25
2026-01-29T10:50:25.195-05:00  INFO 7564 --- [dev-server-output] c.v.b.devserver.DevServerOutputTracker   : 
2026-01-29T10:50:25.195-05:00  INFO 7564 --- [dev-server-output] c.v.b.devserver.DevServerOutputTracker   :      96 |                         itemLabelPath="nombre"
2026-01-29T10:50:25.195-05:00  INFO 7564 --- [dev-server-output] c.v.b.devserver.DevServerOutputTracker   :      97 |                         itemValuePath="id"
2026-01-29T10:50:25.195-05:00  INFO 7564 --- [dev-server-output] c.v.b.devserver.DevServerOutputTracker   :   >  98 |                         value={marca.value}
2026-01-29T10:50:25.195-05:00  INFO 7564 --- [dev-server-output] c.v.b.devserver.DevServerOutputTracker   :         |                         ^^^^^
2026-01-29T10:50:25.195-05:00  INFO 7564 --- [dev-server-output] c.v.b.devserver.DevServerOutputTracker   :      99 |                         onValueChanged={e => marca.value = e.detail.value}
2026-01-29T10:50:25.195-05:00  INFO 7564 --- [dev-server-output] c.v.b.devserver.DevServerOutputTracker   :     100 |                     />
2026-01-29T10:50:25.195-05:00  INFO 7564 --- [dev-server-output] c.v.b.devserver.DevServerOutputTracker   :     101 |                     
2026-01-29T10:50:25.195-05:00  INFO 7564 --- [dev-server-output] c.v.b.devserver.DevServerOutputTracker   : 
2026-01-29T10:50:25.196-05:00  INFO 7564 --- [dev-server-output] c.v.b.devserver.DevServerOutputTracker   :  ERROR(TypeScript)  Type 'string' is not assignable to type 'number'.
2026-01-29T10:50:25.196-05:00  INFO 7564 --- [dev-server-output] c.v.b.devserver.DevServerOutputTracker   :  FILE  C:/Users/LENOVO I7/Desktop/Proyecto/Proyecto_NvidiaCorp/src/main/frontend/views/_producto-admin.tsx:99:46
2026-01-29T10:50:25.196-05:00  INFO 7564 --- [dev-server-output] c.v.b.devserver.DevServerOutputTracker   : 
2026-01-29T10:50:25.196-05:00  INFO 7564 --- [dev-server-output] c.v.b.devserver.DevServerOutputTracker   :      97 |                         itemValuePath="id"
2026-01-29T10:50:25.196-05:00  INFO 7564 --- [dev-server-output] c.v.b.devserver.DevServerOutputTracker   :      98 |                         value={marca.value}
2026-01-29T10:50:25.196-05:00  INFO 7564 --- [dev-server-output] c.v.b.devserver.DevServerOutputTracker   :   >  99 |                         onValueChanged={e => marca.value = e.detail.value}
2026-01-29T10:50:25.196-05:00  INFO 7564 --- [dev-server-output] c.v.b.devserver.DevServerOutputTracker   :         |                                              ^^^^^^^^^^^
2026-01-29T10:50:25.196-05:00  INFO 7564 --- [dev-server-output] c.v.b.devserver.DevServerOutputTracker   :     100 |                     />
2026-01-29T10:50:25.196-05:00  INFO 7564 --- [dev-server-output] c.v.b.devserver.DevServerOutputTracker   :     101 |                     
2026-01-29T10:50:25.196-05:00  INFO 7564 --- [dev-server-output] c.v.b.devserver.DevServerOutputTracker   :     102 |                     <TextField label="Precio" value={precio.value.toString()} onValueChanged={e => precio.value = parseFloat(e.detail.value) || 0} />
2026-01-29T10:50:25.196-05:00  INFO 7564 --- [dev-server-output] c.v.b.devserver.DevServerOutputTracker   : 
2026-01-29T10:50:25.196-05:00  INFO 7564 --- [dev-server-output] c.v.b.devserver.DevServerOutputTracker   :  ERROR(TypeScript)  Type 'Marca | undefined' is not assignable to type 'Marca'.
2026-01-29T10:50:25.197-05:00  INFO 7564 --- [dev-server-output] c.v.b.devserver.DevServerOutputTracker   :   Type 'undefined' is not assignable to type 'Marca'.
2026-01-29T10:50:25.197-05:00  INFO 7564 --- [dev-server-output] c.v.b.devserver.DevServerOutputTracker   :  FILE  C:/Users/LENOVO I7/Desktop/Proyecto/Proyecto_NvidiaCorp/src/main/frontend/views/_producto-admin.tsx:152:58
2026-01-29T10:50:25.197-05:00  INFO 7564 --- [dev-server-output] c.v.b.devserver.DevServerOutputTracker   : 
2026-01-29T10:50:25.197-05:00  INFO 7564 --- [dev-server-output] c.v.b.devserver.DevServerOutputTracker   :     150 |     useEffect(() => {
2026-01-29T10:50:25.197-05:00  INFO 7564 --- [dev-server-output] c.v.b.devserver.DevServerOutputTracker   :     151 |         MarcaService.listAllMarcas().then(result => {
2026-01-29T10:50:25.197-05:00  INFO 7564 --- [dev-server-output] c.v.b.devserver.DevServerOutputTracker   :   > 152 |              setMarcas([{ id: 0, nombre: 'Seleccione' }, ...(result || [])]);
2026-01-29T10:50:25.197-05:00  INFO 7564 --- [dev-server-output] c.v.b.devserver.DevServerOutputTracker   :         |                                                          ^^^^^^^^^^^^^^^^^
2026-01-29T10:50:25.197-05:00  INFO 7564 --- [dev-server-output] c.v.b.devserver.DevServerOutputTracker   :     153 |         });
2026-01-29T10:50:25.197-05:00  INFO 7564 --- [dev-server-output] c.v.b.devserver.DevServerOutputTracker   :     154 |     }, []);
2026-01-29T10:50:25.197-05:00  INFO 7564 --- [dev-server-output] c.v.b.devserver.DevServerOutputTracker   :     155 |
2026-01-29T10:50:25.197-05:00  INFO 7564 --- [dev-server-output] c.v.b.devserver.DevServerOutputTracker   : 
2026-01-29T10:50:25.198-05:00  INFO 7564 --- [dev-server-output] c.v.b.devserver.DevServerOutputTracker   :  ERROR(TypeScript)  Parameter 'total' implicitly has an 'any' type.
2026-01-29T10:50:25.198-05:00  INFO 7564 --- [dev-server-output] c.v.b.devserver.DevServerOutputTracker   :  FILE  C:/Users/LENOVO I7/Desktop/Proyecto/Proyecto_NvidiaCorp/src/main/frontend/views/carrito-list.tsx:24:28
2026-01-29T10:50:25.198-05:00  INFO 7564 --- [dev-server-output] c.v.b.devserver.DevServerOutputTracker   : 
2026-01-29T10:50:25.198-05:00  INFO 7564 --- [dev-server-output] c.v.b.devserver.DevServerOutputTracker   :     22 |   // Cálculos del carrito
2026-01-29T10:50:25.198-05:00  INFO 7564 --- [dev-server-output] c.v.b.devserver.DevServerOutputTracker   :     23 |   const calcularSubtotal = () => {
2026-01-29T10:50:25.198-05:00  INFO 7564 --- [dev-server-output] c.v.b.devserver.DevServerOutputTracker   :   > 24 |     return carrito.reduce((total, item) => {
2026-01-29T10:50:25.198-05:00  INFO 7564 --- [dev-server-output] c.v.b.devserver.DevServerOutputTracker   :        |                            ^^^^^
2026-01-29T10:50:25.198-05:00  INFO 7564 --- [dev-server-output] c.v.b.devserver.DevServerOutputTracker   :     25 |       const cantidad = cantidades[item.id] || 1;
2026-01-29T10:50:25.198-05:00  INFO 7564 --- [dev-server-output] c.v.b.devserver.DevServerOutputTracker   :     26 |       return total + (item.precio * cantidad);
2026-01-29T10:50:25.198-05:00  INFO 7564 --- [dev-server-output] c.v.b.devserver.DevServerOutputTracker   :     27 |     }, 0);
2026-01-29T10:50:25.198-05:00  INFO 7564 --- [dev-server-output] c.v.b.devserver.DevServerOutputTracker   : 
2026-01-29T10:50:25.198-05:00  INFO 7564 --- [dev-server-output] c.v.b.devserver.DevServerOutputTracker   :  ERROR(TypeScript)  Parameter 'item' implicitly has an 'any' type.
2026-01-29T10:50:25.198-05:00  INFO 7564 --- [dev-server-output] c.v.b.devserver.DevServerOutputTracker   :  FILE  C:/Users/LENOVO I7/Desktop/Proyecto/Proyecto_NvidiaCorp/src/main/frontend/views/carrito-list.tsx:24:35
2026-01-29T10:50:25.198-05:00  INFO 7564 --- [dev-server-output] c.v.b.devserver.DevServerOutputTracker   : 
2026-01-29T10:50:25.198-05:00  INFO 7564 --- [dev-server-output] c.v.b.devserver.DevServerOutputTracker   :     22 |   // Cálculos del carrito
2026-01-29T10:50:25.198-05:00  INFO 7564 --- [dev-server-output] c.v.b.devserver.DevServerOutputTracker   :     23 |   const calcularSubtotal = () => {
2026-01-29T10:50:25.199-05:00  INFO 7564 --- [dev-server-output] c.v.b.devserver.DevServerOutputTracker   :   > 24 |     return carrito.reduce((total, item) => {
2026-01-29T10:50:25.199-05:00  INFO 7564 --- [dev-server-output] c.v.b.devserver.DevServerOutputTracker   :        |                                   ^^^^
2026-01-29T10:50:25.199-05:00  INFO 7564 --- [dev-server-output] c.v.b.devserver.DevServerOutputTracker   :     25 |       const cantidad = cantidades[item.id] || 1;
2026-01-29T10:50:25.199-05:00  INFO 7564 --- [dev-server-output] c.v.b.devserver.DevServerOutputTracker   :     26 |       return total + (item.precio * cantidad);
2026-01-29T10:50:25.199-05:00  INFO 7564 --- [dev-server-output] c.v.b.devserver.DevServerOutputTracker   :     27 |     }, 0);
2026-01-29T10:50:25.199-05:00  INFO 7564 --- [dev-server-output] c.v.b.devserver.DevServerOutputTracker   : 
2026-01-29T10:50:25.199-05:00  INFO 7564 --- [dev-server-output] c.v.b.devserver.DevServerOutputTracker   :  ERROR(TypeScript)  Parameter 'p' implicitly has an 'any' type.
2026-01-29T10:50:25.199-05:00  INFO 7564 --- [dev-server-output] c.v.b.devserver.DevServerOutputTracker   :  FILE  C:/Users/LENOVO I7/Desktop/Proyecto/Proyecto_NvidiaCorp/src/main/frontend/views/carrito-list.tsx:40:33
2026-01-29T10:50:25.199-05:00  INFO 7564 --- [dev-server-output] c.v.b.devserver.DevServerOutputTracker   : 
2026-01-29T10:50:25.199-05:00  INFO 7564 --- [dev-server-output] c.v.b.devserver.DevServerOutputTracker   :     38 |   const handleCantidad = (id: number, valor: number) => {
2026-01-29T10:50:25.199-05:00  INFO 7564 --- [dev-server-output] c.v.b.devserver.DevServerOutputTracker   :     39 |     setCantidades((prev) => {
2026-01-29T10:50:25.199-05:00  INFO 7564 --- [dev-server-output] c.v.b.devserver.DevServerOutputTracker   :   > 40 |       const item = carrito.find(p => p.id === id);
2026-01-29T10:50:25.199-05:00  INFO 7564 --- [dev-server-output] c.v.b.devserver.DevServerOutputTracker   :        |                                 ^
2026-01-29T10:50:25.199-05:00  INFO 7564 --- [dev-server-output] c.v.b.devserver.DevServerOutputTracker   :     41 |       const stock = item?.stock ?? 1;
2026-01-29T10:50:25.200-05:00  INFO 7564 --- [dev-server-output] c.v.b.devserver.DevServerOutputTracker   :     42 |       let nuevaCantidad = Math.max(1, (prev[id] || 1) + valor);
2026-01-29T10:50:25.200-05:00  INFO 7564 --- [dev-server-output] c.v.b.devserver.DevServerOutputTracker   :     43 |       console.log("Stock:", stock, "Cantidad actual:", prev[id], "Nueva cantidad:", nuevaCantidad);
2026-01-29T10:50:25.200-05:00  INFO 7564 --- [dev-server-output] c.v.b.devserver.DevServerOutputTracker   : 
2026-01-29T10:50:25.200-05:00  INFO 7564 --- [dev-server-output] c.v.b.devserver.DevServerOutputTracker   :  ERROR(TypeScript)  Parameter 'carritoActual' implicitly has an 'any' type.
2026-01-29T10:50:25.200-05:00  INFO 7564 --- [dev-server-output] c.v.b.devserver.DevServerOutputTracker   :  FILE  C:/Users/LENOVO I7/Desktop/Proyecto/Proyecto_NvidiaCorp/src/main/frontend/views/carrito-list.tsx:52:19
2026-01-29T10:50:25.200-05:00  INFO 7564 --- [dev-server-output] c.v.b.devserver.DevServerOutputTracker   : 
2026-01-29T10:50:25.200-05:00  INFO 7564 --- [dev-server-output] c.v.b.devserver.DevServerOutputTracker   :     50 |         nuevaCantidad = stock;
2026-01-29T10:50:25.200-05:00  INFO 7564 --- [dev-server-output] c.v.b.devserver.DevServerOutputTracker   :     51 |       }
2026-01-29T10:50:25.200-05:00  INFO 7564 --- [dev-server-output] c.v.b.devserver.DevServerOutputTracker   :   > 52 |       setCarrito((carritoActual) =>
2026-01-29T10:50:25.200-05:00  INFO 7564 --- [dev-server-output] c.v.b.devserver.DevServerOutputTracker   :        |                   ^^^^^^^^^^^^^
2026-01-29T10:50:25.200-05:00  INFO 7564 --- [dev-server-output] c.v.b.devserver.DevServerOutputTracker   :     53 |         carritoActual.map((item) =>
2026-01-29T10:50:25.200-05:00  INFO 7564 --- [dev-server-output] c.v.b.devserver.DevServerOutputTracker   :     54 |           item.id === id ? { ...item, cantidad: nuevaCantidad } : item
2026-01-29T10:50:25.200-05:00  INFO 7564 --- [dev-server-output] c.v.b.devserver.DevServerOutputTracker   :     55 |         )
2026-01-29T10:50:25.200-05:00  INFO 7564 --- [dev-server-output] c.v.b.devserver.DevServerOutputTracker   : 
2026-01-29T10:50:25.200-05:00  INFO 7564 --- [dev-server-output] c.v.b.devserver.DevServerOutputTracker   :  ERROR(TypeScript)  Parameter 'item' implicitly has an 'any' type.
2026-01-29T10:50:25.200-05:00  INFO 7564 --- [dev-server-output] c.v.b.devserver.DevServerOutputTracker   :  FILE  C:/Users/LENOVO I7/Desktop/Proyecto/Proyecto_NvidiaCorp/src/main/frontend/views/carrito-list.tsx:53:28
2026-01-29T10:50:25.201-05:00  INFO 7564 --- [dev-server-output] c.v.b.devserver.DevServerOutputTracker   : 
2026-01-29T10:50:25.201-05:00  INFO 7564 --- [dev-server-output] c.v.b.devserver.DevServerOutputTracker   :     51 |       }
2026-01-29T10:50:25.201-05:00  INFO 7564 --- [dev-server-output] c.v.b.devserver.DevServerOutputTracker   :     52 |       setCarrito((carritoActual) =>
2026-01-29T10:50:25.201-05:00  INFO 7564 --- [dev-server-output] c.v.b.devserver.DevServerOutputTracker   :   > 53 |         carritoActual.map((item) =>
2026-01-29T10:50:25.201-05:00  INFO 7564 --- [dev-server-output] c.v.b.devserver.DevServerOutputTracker   :        |                            ^^^^
2026-01-29T10:50:25.201-05:00  INFO 7564 --- [dev-server-output] c.v.b.devserver.DevServerOutputTracker   :     54 |           item.id === id ? { ...item, cantidad: nuevaCantidad } : item
2026-01-29T10:50:25.201-05:00  INFO 7564 --- [dev-server-output] c.v.b.devserver.DevServerOutputTracker   :     55 |         )
2026-01-29T10:50:25.201-05:00  INFO 7564 --- [dev-server-output] c.v.b.devserver.DevServerOutputTracker   :     56 |       );
2026-01-29T10:50:25.201-05:00  INFO 7564 --- [dev-server-output] c.v.b.devserver.DevServerOutputTracker   : 
2026-01-29T10:50:25.201-05:00  INFO 7564 --- [dev-server-output] c.v.b.devserver.DevServerOutputTracker   :  ERROR(TypeScript)  Not all code paths return a value.
2026-01-29T10:50:25.201-05:00  INFO 7564 --- [dev-server-output] c.v.b.devserver.DevServerOutputTracker   :  FILE  C:/Users/LENOVO I7/Desktop/Proyecto/Proyecto_NvidiaCorp/src/main/frontend/views/carrito-list.tsx:112:13
2026-01-29T10:50:25.201-05:00  INFO 7564 --- [dev-server-output] c.v.b.devserver.DevServerOutputTracker   : 
2026-01-29T10:50:25.201-05:00  INFO 7564 --- [dev-server-output] c.v.b.devserver.DevServerOutputTracker   :     110 |   };
2026-01-29T10:50:25.201-05:00  INFO 7564 --- [dev-server-output] c.v.b.devserver.DevServerOutputTracker   :     111 |
2026-01-29T10:50:25.201-05:00  INFO 7564 --- [dev-server-output] c.v.b.devserver.DevServerOutputTracker   :   > 112 |   useEffect(() => {
2026-01-29T10:50:25.201-05:00  INFO 7564 --- [dev-server-output] c.v.b.devserver.DevServerOutputTracker   :         |             ^^^^^^^
2026-01-29T10:50:25.202-05:00  INFO 7564 --- [dev-server-output] c.v.b.devserver.DevServerOutputTracker   :     113 |     if (checkoutId && showPagoModal) {
2026-01-29T10:50:25.202-05:00  INFO 7564 --- [dev-server-output] c.v.b.devserver.DevServerOutputTracker   :     114 |       const script = document.createElement('script');
2026-01-29T10:50:25.202-05:00  INFO 7564 --- [dev-server-output] c.v.b.devserver.DevServerOutputTracker   :     115 |       script.src = `https://eu-test.oppwa.com/v1/paymentWidgets.js?checkoutId=${checkoutId}`;
2026-01-29T10:50:25.202-05:00  INFO 7564 --- [dev-server-output] c.v.b.devserver.DevServerOutputTracker   : 
2026-01-29T10:50:25.202-05:00  INFO 7564 --- [dev-server-output] c.v.b.devserver.DevServerOutputTracker   :  ERROR(TypeScript)  Parameter 'item' implicitly has an 'any' type.
2026-01-29T10:50:25.202-05:00  INFO 7564 --- [dev-server-output] c.v.b.devserver.DevServerOutputTracker   :  FILE  C:/Users/LENOVO I7/Desktop/Proyecto/Proyecto_NvidiaCorp/src/main/frontend/views/carrito-list.tsx:172:31
2026-01-29T10:50:25.202-05:00  INFO 7564 --- [dev-server-output] c.v.b.devserver.DevServerOutputTracker   : 
2026-01-29T10:50:25.202-05:00  INFO 7564 --- [dev-server-output] c.v.b.devserver.DevServerOutputTracker   :     170 |             <div className="carrito-productos">
2026-01-29T10:50:25.202-05:00  INFO 7564 --- [dev-server-output] c.v.b.devserver.DevServerOutputTracker   :     171 |               <div className="producto-grid">
2026-01-29T10:50:25.202-05:00  INFO 7564 --- [dev-server-output] c.v.b.devserver.DevServerOutputTracker   :   > 172 |                 {carrito.map((item) => (
2026-01-29T10:50:25.202-05:00  INFO 7564 --- [dev-server-output] c.v.b.devserver.DevServerOutputTracker   :         |                               ^^^^
2026-01-29T10:50:25.202-05:00  INFO 7564 --- [dev-server-output] c.v.b.devserver.DevServerOutputTracker   :     173 |                   <div key={item.id} className="producto-card">
2026-01-29T10:50:25.202-05:00  INFO 7564 --- [dev-server-output] c.v.b.devserver.DevServerOutputTracker   :     174 |                     <ProductoCard
2026-01-29T10:50:25.202-05:00  INFO 7564 --- [dev-server-output] c.v.b.devserver.DevServerOutputTracker   :     175 |                       item={item}
2026-01-29T10:50:25.202-05:00  INFO 7564 --- [dev-server-output] c.v.b.devserver.DevServerOutputTracker   : 
2026-01-29T10:50:25.202-05:00  INFO 7564 --- [dev-server-output] c.v.b.devserver.DevServerOutputTracker   :  ERROR(TypeScript)  Parameter 'item' implicitly has an 'any' type.
2026-01-29T10:50:25.202-05:00  INFO 7564 --- [dev-server-output] c.v.b.devserver.DevServerOutputTracker   :  FILE  C:/Users/LENOVO I7/Desktop/Proyecto/Proyecto_NvidiaCorp/src/main/frontend/views/carrito-list.tsx:203:34
2026-01-29T10:50:25.202-05:00  INFO 7564 --- [dev-server-output] c.v.b.devserver.DevServerOutputTracker   : 
2026-01-29T10:50:25.203-05:00  INFO 7564 --- [dev-server-output] c.v.b.devserver.DevServerOutputTracker   :     201 |                   <h3 className="carrito-mini-factura-titulo">Productos</h3>
2026-01-29T10:50:25.203-05:00  INFO 7564 --- [dev-server-output] c.v.b.devserver.DevServerOutputTracker   :     202 |                   <ul className="carrito-mini-factura-lista">
2026-01-29T10:50:25.203-05:00  INFO 7564 --- [dev-server-output] c.v.b.devserver.DevServerOutputTracker   :   > 203 |                     {carrito.map(item => (
2026-01-29T10:50:25.203-05:00  INFO 7564 --- [dev-server-output] c.v.b.devserver.DevServerOutputTracker   :         |                                  ^^^^
2026-01-29T10:50:25.203-05:00  INFO 7564 --- [dev-server-output] c.v.b.devserver.DevServerOutputTracker   :     204 |                       <li key={item.id} className="carrito-mini-factura-item">
2026-01-29T10:50:25.203-05:00  INFO 7564 --- [dev-server-output] c.v.b.devserver.DevServerOutputTracker   :     205 |                         <span className="carrito-mini-factura-nombre">{item.nombre}</span>
2026-01-29T10:50:25.203-05:00  INFO 7564 --- [dev-server-output] c.v.b.devserver.DevServerOutputTracker   :     206 |                         <span className="carrito-mini-factura-cantidad">{cantidades[item.id] || 1}</span>
2026-01-29T10:50:25.204-05:00  INFO 7564 --- [dev-server-output] c.v.b.devserver.DevServerOutputTracker   : 
2026-01-29T10:50:25.204-05:00  INFO 7564 --- [dev-server-output] c.v.b.devserver.DevServerOutputTracker   :  ERROR(TypeScript)  Parameter 'acc' implicitly has an 'any' type.
2026-01-29T10:50:25.204-05:00  INFO 7564 --- [dev-server-output] c.v.b.devserver.DevServerOutputTracker   :  FILE  C:/Users/LENOVO I7/Desktop/Proyecto/Proyecto_NvidiaCorp/src/main/frontend/views/Pago-form.tsx:37:12
2026-01-29T10:50:25.204-05:00  INFO 7564 --- [dev-server-output] c.v.b.devserver.DevServerOutputTracker   : 
2026-01-29T10:50:25.204-05:00  INFO 7564 --- [dev-server-output] c.v.b.devserver.DevServerOutputTracker   :     35 |         // 2?? Calcular totales
2026-01-29T10:50:25.204-05:00  INFO 7564 --- [dev-server-output] c.v.b.devserver.DevServerOutputTracker   :     36 |         const subtotal = carrito.reduce(
2026-01-29T10:50:25.204-05:00  INFO 7564 --- [dev-server-output] c.v.b.devserver.DevServerOutputTracker   :   > 37 |           (acc, item) => acc + item.precio * (item.cantidad || 1),
2026-01-29T10:50:25.204-05:00  INFO 7564 --- [dev-server-output] c.v.b.devserver.DevServerOutputTracker   :        |            ^^^
2026-01-29T10:50:25.204-05:00  INFO 7564 --- [dev-server-output] c.v.b.devserver.DevServerOutputTracker   :     38 |           0
2026-01-29T10:50:25.204-05:00  INFO 7564 --- [dev-server-output] c.v.b.devserver.DevServerOutputTracker   :     39 |         );
2026-01-29T10:50:25.204-05:00  INFO 7564 --- [dev-server-output] c.v.b.devserver.DevServerOutputTracker   :     40 |         const iva = subtotal * 0.15;
2026-01-29T10:50:25.204-05:00  INFO 7564 --- [dev-server-output] c.v.b.devserver.DevServerOutputTracker   : 
2026-01-29T10:50:25.204-05:00  INFO 7564 --- [dev-server-output] c.v.b.devserver.DevServerOutputTracker   :  ERROR(TypeScript)  Parameter 'item' implicitly has an 'any' type.
2026-01-29T10:50:25.205-05:00  INFO 7564 --- [dev-server-output] c.v.b.devserver.DevServerOutputTracker   :  FILE  C:/Users/LENOVO I7/Desktop/Proyecto/Proyecto_NvidiaCorp/src/main/frontend/views/Pago-form.tsx:37:17
2026-01-29T10:50:25.205-05:00  INFO 7564 --- [dev-server-output] c.v.b.devserver.DevServerOutputTracker   : 
2026-01-29T10:50:25.205-05:00  INFO 7564 --- [dev-server-output] c.v.b.devserver.DevServerOutputTracker   :     35 |         // 2?? Calcular totales
2026-01-29T10:50:25.205-05:00  INFO 7564 --- [dev-server-output] c.v.b.devserver.DevServerOutputTracker   :     36 |         const subtotal = carrito.reduce(
2026-01-29T10:50:25.205-05:00  INFO 7564 --- [dev-server-output] c.v.b.devserver.DevServerOutputTracker   :   > 37 |           (acc, item) => acc + item.precio * (item.cantidad || 1),
2026-01-29T10:50:25.205-05:00  INFO 7564 --- [dev-server-output] c.v.b.devserver.DevServerOutputTracker   :        |                 ^^^^
2026-01-29T10:50:25.205-05:00  INFO 7564 --- [dev-server-output] c.v.b.devserver.DevServerOutputTracker   :     38 |           0
2026-01-29T10:50:25.205-05:00  INFO 7564 --- [dev-server-output] c.v.b.devserver.DevServerOutputTracker   :     39 |         );
2026-01-29T10:50:25.205-05:00  INFO 7564 --- [dev-server-output] c.v.b.devserver.DevServerOutputTracker   :     40 |         const iva = subtotal * 0.15;
2026-01-29T10:50:25.205-05:00  INFO 7564 --- [dev-server-output] c.v.b.devserver.DevServerOutputTracker   : 
2026-01-29T10:50:25.205-05:00  INFO 7564 --- [dev-server-output] c.v.b.devserver.DevServerOutputTracker   :  ERROR(TypeScript)  Argument of type 'Date' is not assignable to parameter of type 'string'.
2026-01-29T10:50:25.206-05:00  INFO 7564 --- [dev-server-output] c.v.b.devserver.DevServerOutputTracker   :  FILE  C:/Users/LENOVO I7/Desktop/Proyecto/Proyecto_NvidiaCorp/src/main/frontend/views/Pago-form.tsx:45:11
2026-01-29T10:50:25.206-05:00  INFO 7564 --- [dev-server-output] c.v.b.devserver.DevServerOutputTracker   : 
2026-01-29T10:50:25.206-05:00  INFO 7564 --- [dev-server-output] c.v.b.devserver.DevServerOutputTracker   :     43 |         // 3?? ? GUARDAR FACTURA (FORMA CORRECTA)
2026-01-29T10:50:25.206-05:00  INFO 7564 --- [dev-server-output] c.v.b.devserver.DevServerOutputTracker   :     44 |         await FacturaServices.createFactura(
2026-01-29T10:50:25.206-05:00  INFO 7564 --- [dev-server-output] c.v.b.devserver.DevServerOutputTracker   :   > 45 |           new Date(),     // fecha
2026-01-29T10:50:25.206-05:00  INFO 7564 --- [dev-server-output] c.v.b.devserver.DevServerOutputTracker   :        |           ^^^^^^^^^^
2026-01-29T10:50:25.206-05:00  INFO 7564 --- [dev-server-output] c.v.b.devserver.DevServerOutputTracker   :     46 |           subtotal,       // subTotal
2026-01-29T10:50:25.206-05:00  INFO 7564 --- [dev-server-output] c.v.b.devserver.DevServerOutputTracker   :     47 |           total,          // total
2026-01-29T10:50:25.206-05:00  INFO 7564 --- [dev-server-output] c.v.b.devserver.DevServerOutputTracker   :     48 |           false,          // entregado
2026-01-29T10:50:25.207-05:00  INFO 7564 --- [dev-server-output] c.v.b.devserver.DevServerOutputTracker   : 
2026-01-29T10:50:25.207-05:00  INFO 7564 --- [dev-server-output] c.v.b.devserver.DevServerOutputTracker   :  ERROR(TypeScript)  Type 'Element' is not assignable to type 'string'.
2026-01-29T10:50:25.207-05:00  INFO 7564 --- [dev-server-output] c.v.b.devserver.DevServerOutputTracker   :  FILE  C:/Users/LENOVO I7/Desktop/Proyecto/Proyecto_NvidiaCorp/src/main/frontend/views/Pago_list.tsx:86:20
2026-01-29T10:50:25.207-05:00  INFO 7564 --- [dev-server-output] c.v.b.devserver.DevServerOutputTracker   : 
2026-01-29T10:50:25.207-05:00  INFO 7564 --- [dev-server-output] c.v.b.devserver.DevServerOutputTracker   :     84 |   return (
2026-01-29T10:50:25.207-05:00  INFO 7564 --- [dev-server-output] c.v.b.devserver.DevServerOutputTracker   :     85 |     <main className="pago-main">
2026-01-29T10:50:25.207-05:00  INFO 7564 --- [dev-server-output] c.v.b.devserver.DevServerOutputTracker   :   > 86 |       <ViewToolbar title={<span className="pago-title">Lista de Pagos</span>}>
2026-01-29T10:50:25.207-05:00  INFO 7564 --- [dev-server-output] c.v.b.devserver.DevServerOutputTracker   :        |                    ^^^^^
2026-01-29T10:50:25.207-05:00  INFO 7564 --- [dev-server-output] c.v.b.devserver.DevServerOutputTracker   :     87 |         <Group>
2026-01-29T10:50:25.207-05:00  INFO 7564 --- [dev-server-output] c.v.b.devserver.DevServerOutputTracker   :     88 |           {/* Aquí puedes agregar filtros o botones si lo necesitas */}
2026-01-29T10:50:25.207-05:00  INFO 7564 --- [dev-server-output] c.v.b.devserver.DevServerOutputTracker   :     89 |         </Group>
2026-01-29T10:50:25.207-05:00  INFO 7564 --- [dev-server-output] c.v.b.devserver.DevServerOutputTracker   : 
2026-01-29T10:50:25.207-05:00  INFO 7564 --- [dev-server-output] c.v.b.devserver.DevServerOutputTracker   :  ERROR(TypeScript)  Type 'Promise<(Persona | undefined)[] | undefined>' is not assignable to type 'Promise<Persona[]>'.
2026-01-29T10:50:25.207-05:00  INFO 7564 --- [dev-server-output] c.v.b.devserver.DevServerOutputTracker   :   Type '(Persona | undefined)[] | undefined' is not assignable to type 'Persona[]'.
2026-01-29T10:50:25.207-05:00  INFO 7564 --- [dev-server-output] c.v.b.devserver.DevServerOutputTracker   :     Type 'undefined' is not assignable to type 'Persona[]'.
2026-01-29T10:50:25.207-05:00  INFO 7564 --- [dev-server-output] c.v.b.devserver.DevServerOutputTracker   :  FILE  C:/Users/LENOVO I7/Desktop/Proyecto/Proyecto_NvidiaCorp/src/main/frontend/views/persona-list.tsx:172:27
2026-01-29T10:50:25.208-05:00  INFO 7564 --- [dev-server-output] c.v.b.devserver.DevServerOutputTracker   : 
2026-01-29T10:50:25.208-05:00  INFO 7564 --- [dev-server-output] c.v.b.devserver.DevServerOutputTracker   :     170 | export default function PersonaListView() {
2026-01-29T10:50:25.208-05:00  INFO 7564 --- [dev-server-output] c.v.b.devserver.DevServerOutputTracker   :     171 |     const dataProvider = useDataProvider<Persona>({
2026-01-29T10:50:25.208-05:00  INFO 7564 --- [dev-server-output] c.v.b.devserver.DevServerOutputTracker   :   > 172 |         list: (params) => PersonaServices.listAllPersona(),
2026-01-29T10:50:25.208-05:00  INFO 7564 --- [dev-server-output] c.v.b.devserver.DevServerOutputTracker   :         |                           ^^^^^^^^^^^^^^^^^^^^^^^^^^^^^^^^
2026-01-29T10:50:25.208-05:00  INFO 7564 --- [dev-server-output] c.v.b.devserver.DevServerOutputTracker   :     173 |     });
2026-01-29T10:50:25.208-05:00  INFO 7564 --- [dev-server-output] c.v.b.devserver.DevServerOutputTracker   :     174 |
2026-01-29T10:50:25.208-05:00  INFO 7564 --- [dev-server-output] c.v.b.devserver.DevServerOutputTracker   :     175 |     return (
2026-01-29T10:50:25.209-05:00  INFO 7564 --- [dev-server-output] c.v.b.devserver.DevServerOutputTracker   : 
2026-01-29T10:50:25.209-05:00  INFO 7564 --- [dev-server-output] c.v.b.devserver.DevServerOutputTracker   :  ERROR(TypeScript)  Not all code paths return a value.
2026-01-29T10:50:25.209-05:00  INFO 7564 --- [dev-server-output] c.v.b.devserver.DevServerOutputTracker   :  FILE  C:/Users/LENOVO I7/Desktop/Proyecto/Proyecto_NvidiaCorp/src/main/frontend/views/producto-list.tsx:28:15
2026-01-29T10:50:25.209-05:00  INFO 7564 --- [dev-server-output] c.v.b.devserver.DevServerOutputTracker   : 
2026-01-29T10:50:25.209-05:00  INFO 7564 --- [dev-server-output] c.v.b.devserver.DevServerOutputTracker   :     26 |     const navigate = useNavigate();
2026-01-29T10:50:25.209-05:00  INFO 7564 --- [dev-server-output] c.v.b.devserver.DevServerOutputTracker   :     27 |
2026-01-29T10:50:25.209-05:00  INFO 7564 --- [dev-server-output] c.v.b.devserver.DevServerOutputTracker   :   > 28 |     useEffect(() => {
2026-01-29T10:50:25.209-05:00  INFO 7564 --- [dev-server-output] c.v.b.devserver.DevServerOutputTracker   :        |               ^^^^^^^
2026-01-29T10:50:25.209-05:00  INFO 7564 --- [dev-server-output] c.v.b.devserver.DevServerOutputTracker   :     29 |         if (isVisible && producto) {
2026-01-29T10:50:25.209-05:00  INFO 7564 --- [dev-server-output] c.v.b.devserver.DevServerOutputTracker   :     30 |             const timer = setTimeout(() => {
2026-01-29T10:50:25.209-05:00  INFO 7564 --- [dev-server-output] c.v.b.devserver.DevServerOutputTracker   :     31 |                 onClose();
2026-01-29T10:50:25.209-05:00  INFO 7564 --- [dev-server-output] c.v.b.devserver.DevServerOutputTracker   : 
2026-01-29T10:50:25.209-05:00  INFO 7564 --- [dev-server-output] c.v.b.devserver.DevServerOutputTracker   :  ERROR(TypeScript)  'respuesta' is possibly 'undefined'.
2026-01-29T10:50:25.209-05:00  INFO 7564 --- [dev-server-output] c.v.b.devserver.DevServerOutputTracker   :  FILE  C:/Users/LENOVO I7/Desktop/Proyecto/Proyecto_NvidiaCorp/src/main/frontend/views/producto-list.tsx:218:17
2026-01-29T10:50:25.209-05:00  INFO 7564 --- [dev-server-output] c.v.b.devserver.DevServerOutputTracker   : 
2026-01-29T10:50:25.210-05:00  INFO 7564 --- [dev-server-output] c.v.b.devserver.DevServerOutputTracker   :     216 |
2026-01-29T10:50:25.210-05:00  INFO 7564 --- [dev-server-output] c.v.b.devserver.DevServerOutputTracker   :     217 |             // --- Lógica de Añadir al Carrito ---
2026-01-29T10:50:25.210-05:00  INFO 7564 --- [dev-server-output] c.v.b.devserver.DevServerOutputTracker   :   > 218 |             if (respuesta.includes("[ADD_TO_CART:")) {
2026-01-29T10:50:25.210-05:00  INFO 7564 --- [dev-server-output] c.v.b.devserver.DevServerOutputTracker   :         |                 ^^^^^^^^^
2026-01-29T10:50:25.210-05:00  INFO 7564 --- [dev-server-output] c.v.b.devserver.DevServerOutputTracker   :     219 |                 const match = respuesta.match(/\[ADD_TO_CART:(\d+)\]/);
2026-01-29T10:50:25.210-05:00  INFO 7564 --- [dev-server-output] c.v.b.devserver.DevServerOutputTracker   :     220 |                 if (match) {
2026-01-29T10:50:25.210-05:00  INFO 7564 --- [dev-server-output] c.v.b.devserver.DevServerOutputTracker   :     221 |                     const id = parseInt(match[1]);
2026-01-29T10:50:25.210-05:00  INFO 7564 --- [dev-server-output] c.v.b.devserver.DevServerOutputTracker   : 
2026-01-29T10:50:25.210-05:00  INFO 7564 --- [dev-server-output] c.v.b.devserver.DevServerOutputTracker   :  ERROR(TypeScript)  'respuesta' is possibly 'undefined'.
2026-01-29T10:50:25.210-05:00  INFO 7564 --- [dev-server-output] c.v.b.devserver.DevServerOutputTracker   :  FILE  C:/Users/LENOVO I7/Desktop/Proyecto/Proyecto_NvidiaCorp/src/main/frontend/views/producto-list.tsx:219:31
2026-01-29T10:50:25.211-05:00  INFO 7564 --- [dev-server-output] c.v.b.devserver.DevServerOutputTracker   : 
2026-01-29T10:50:25.211-05:00  INFO 7564 --- [dev-server-output] c.v.b.devserver.DevServerOutputTracker   :     217 |             // --- Lógica de Añadir al Carrito ---
2026-01-29T10:50:25.211-05:00  INFO 7564 --- [dev-server-output] c.v.b.devserver.DevServerOutputTracker   :     218 |             if (respuesta.includes("[ADD_TO_CART:")) {
2026-01-29T10:50:25.211-05:00  INFO 7564 --- [dev-server-output] c.v.b.devserver.DevServerOutputTracker   :   > 219 |                 const match = respuesta.match(/\[ADD_TO_CART:(\d+)\]/);
2026-01-29T10:50:25.212-05:00  INFO 7564 --- [dev-server-output] c.v.b.devserver.DevServerOutputTracker   :         |                               ^^^^^^^^^
2026-01-29T10:50:25.212-05:00  INFO 7564 --- [dev-server-output] c.v.b.devserver.DevServerOutputTracker   :     220 |                 if (match) {
2026-01-29T10:50:25.212-05:00  INFO 7564 --- [dev-server-output] c.v.b.devserver.DevServerOutputTracker   :     221 |                     const id = parseInt(match[1]);
2026-01-29T10:50:25.212-05:00  INFO 7564 --- [dev-server-output] c.v.b.devserver.DevServerOutputTracker   :     222 |                     const prod = productos.find(p => p.id === id);
2026-01-29T10:50:25.212-05:00  INFO 7564 --- [dev-server-output] c.v.b.devserver.DevServerOutputTracker   : 
2026-01-29T10:50:25.212-05:00  INFO 7564 --- [dev-server-output] c.v.b.devserver.DevServerOutputTracker   :  ERROR(TypeScript)  'respuesta' is possibly 'undefined'.
2026-01-29T10:50:25.212-05:00  INFO 7564 --- [dev-server-output] c.v.b.devserver.DevServerOutputTracker   :  FILE  C:/Users/LENOVO I7/Desktop/Proyecto/Proyecto_NvidiaCorp/src/main/frontend/views/producto-list.tsx:231:33
2026-01-29T10:50:25.212-05:00  INFO 7564 --- [dev-server-output] c.v.b.devserver.DevServerOutputTracker   : 
2026-01-29T10:50:25.212-05:00  INFO 7564 --- [dev-server-output] c.v.b.devserver.DevServerOutputTracker   :     229 |
2026-01-29T10:50:25.212-05:00  INFO 7564 --- [dev-server-output] c.v.b.devserver.DevServerOutputTracker   :     230 |             // Limpiamos el código del texto antes de mostrarlo
2026-01-29T10:50:25.212-05:00  INFO 7564 --- [dev-server-output] c.v.b.devserver.DevServerOutputTracker   :   > 231 |             const textoLimpio = respuesta.replace(/\[ADD_TO_CART:.*?\]/g, "").trim();
2026-01-29T10:50:25.212-05:00  INFO 7564 --- [dev-server-output] c.v.b.devserver.DevServerOutputTracker   :         |                                 ^^^^^^^^^
2026-01-29T10:50:25.212-05:00  INFO 7564 --- [dev-server-output] c.v.b.devserver.DevServerOutputTracker   :     232 |             setHistorial(prev => [...prev, { rol: 'ia', texto: textoLimpio }]);
2026-01-29T10:50:25.212-05:00  INFO 7564 --- [dev-server-output] c.v.b.devserver.DevServerOutputTracker   :     233 |         } catch (error) {
2026-01-29T10:50:25.212-05:00  INFO 7564 --- [dev-server-output] c.v.b.devserver.DevServerOutputTracker   :     234 |             console.error(error);
2026-01-29T10:50:25.212-05:00  INFO 7564 --- [dev-server-output] c.v.b.devserver.DevServerOutputTracker   : 
2026-01-29T10:50:25.213-05:00  INFO 7564 --- [dev-server-output] c.v.b.devserver.DevServerOutputTracker   :  ERROR(TypeScript)  Argument of type '(ProductoDTO | undefined)[] | undefined' is not assignable to parameter of type 'SetStateAction<Producto[]>'.
2026-01-29T10:50:25.213-05:00  INFO 7564 --- [dev-server-output] c.v.b.devserver.DevServerOutputTracker   :   Type 'undefined' is not assignable to type 'SetStateAction<Producto[]>'.
2026-01-29T10:50:25.213-05:00  INFO 7564 --- [dev-server-output] c.v.b.devserver.DevServerOutputTracker   :  FILE  C:/Users/LENOVO I7/Desktop/Proyecto/Proyecto_NvidiaCorp/src/main/frontend/views/producto-list.tsx:250:22
2026-01-29T10:50:25.213-05:00  INFO 7564 --- [dev-server-output] c.v.b.devserver.DevServerOutputTracker   : 
2026-01-29T10:50:25.213-05:00  INFO 7564 --- [dev-server-output] c.v.b.devserver.DevServerOutputTracker   :     248 |     const cargarProductos = async () => {
2026-01-29T10:50:25.213-05:00  INFO 7564 --- [dev-server-output] c.v.b.devserver.DevServerOutputTracker   :     249 |         const data = await ProductoService.listAllProductos();
2026-01-29T10:50:25.213-05:00  INFO 7564 --- [dev-server-output] c.v.b.devserver.DevServerOutputTracker   :   > 250 |         setProductos(data);
2026-01-29T10:50:25.213-05:00  INFO 7564 --- [dev-server-output] c.v.b.devserver.DevServerOutputTracker   :         |                      ^^^^
2026-01-29T10:50:25.213-05:00  INFO 7564 --- [dev-server-output] c.v.b.devserver.DevServerOutputTracker   :     251 |         setProductosFiltrados(data);
2026-01-29T10:50:25.213-05:00  INFO 7564 --- [dev-server-output] c.v.b.devserver.DevServerOutputTracker   :     252 |         console.log("Productos recibidos:", data);
2026-01-29T10:50:25.213-05:00  INFO 7564 --- [dev-server-output] c.v.b.devserver.DevServerOutputTracker   :     253 |     };
2026-01-29T10:50:25.213-05:00  INFO 7564 --- [dev-server-output] c.v.b.devserver.DevServerOutputTracker   : 
2026-01-29T10:50:25.213-05:00  INFO 7564 --- [dev-server-output] c.v.b.devserver.DevServerOutputTracker   :  ERROR(TypeScript)  Argument of type '(ProductoDTO | undefined)[] | undefined' is not assignable to parameter of type 'SetStateAction<Producto[]>'.
2026-01-29T10:50:25.213-05:00  INFO 7564 --- [dev-server-output] c.v.b.devserver.DevServerOutputTracker   :   Type 'undefined' is not assignable to type 'SetStateAction<Producto[]>'.
2026-01-29T10:50:25.213-05:00  INFO 7564 --- [dev-server-output] c.v.b.devserver.DevServerOutputTracker   :  FILE  C:/Users/LENOVO I7/Desktop/Proyecto/Proyecto_NvidiaCorp/src/main/frontend/views/producto-list.tsx:251:31
2026-01-29T10:50:25.213-05:00  INFO 7564 --- [dev-server-output] c.v.b.devserver.DevServerOutputTracker   : 
2026-01-29T10:50:25.213-05:00  INFO 7564 --- [dev-server-output] c.v.b.devserver.DevServerOutputTracker   :     249 |         const data = await ProductoService.listAllProductos();
2026-01-29T10:50:25.213-05:00  INFO 7564 --- [dev-server-output] c.v.b.devserver.DevServerOutputTracker   :     250 |         setProductos(data);
2026-01-29T10:50:25.213-05:00  INFO 7564 --- [dev-server-output] c.v.b.devserver.DevServerOutputTracker   :   > 251 |         setProductosFiltrados(data);
2026-01-29T10:50:25.213-05:00  INFO 7564 --- [dev-server-output] c.v.b.devserver.DevServerOutputTracker   :         |                               ^^^^
2026-01-29T10:50:25.213-05:00  INFO 7564 --- [dev-server-output] c.v.b.devserver.DevServerOutputTracker   :     252 |         console.log("Productos recibidos:", data);
2026-01-29T10:50:25.213-05:00  INFO 7564 --- [dev-server-output] c.v.b.devserver.DevServerOutputTracker   :     253 |     };
2026-01-29T10:50:25.213-05:00  INFO 7564 --- [dev-server-output] c.v.b.devserver.DevServerOutputTracker   :     254 |
2026-01-29T10:50:25.213-05:00  INFO 7564 --- [dev-server-output] c.v.b.devserver.DevServerOutputTracker   : 
2026-01-29T10:50:25.213-05:00  INFO 7564 --- [dev-server-output] c.v.b.devserver.DevServerOutputTracker   :  ERROR(TypeScript)  Property 'busqueda' does not exist on type 'typeof import("C:/Users/LENOVO I7/Desktop/Proyecto/Proyecto_NvidiaCorp/src/main/frontend/generated/ProductoService")'.
2026-01-29T10:50:25.213-05:00  INFO 7564 --- [dev-server-output] c.v.b.devserver.DevServerOutputTracker   :  FILE  C:/Users/LENOVO I7/Desktop/Proyecto/Proyecto_NvidiaCorp/src/main/frontend/views/producto-list.tsx:350:29
2026-01-29T10:50:25.213-05:00  INFO 7564 --- [dev-server-output] c.v.b.devserver.DevServerOutputTracker   : 
2026-01-29T10:50:25.213-05:00  INFO 7564 --- [dev-server-output] c.v.b.devserver.DevServerOutputTracker   :     348 |                 return;
2026-01-29T10:50:25.213-05:00  INFO 7564 --- [dev-server-output] c.v.b.devserver.DevServerOutputTracker   :     349 |             }
2026-01-29T10:50:25.213-05:00  INFO 7564 --- [dev-server-output] c.v.b.devserver.DevServerOutputTracker   :   > 350 |             ProductoService.busqueda(criterio.value, text.value).then(function (data) {
2026-01-29T10:50:25.213-05:00  INFO 7564 --- [dev-server-output] c.v.b.devserver.DevServerOutputTracker   :         |                             ^^^^^^^^
2026-01-29T10:50:25.213-05:00  INFO 7564 --- [dev-server-output] c.v.b.devserver.DevServerOutputTracker   :     351 |                 setProductos(data);
2026-01-29T10:50:25.213-05:00  INFO 7564 --- [dev-server-output] c.v.b.devserver.DevServerOutputTracker   :     352 |                 console.log("Resultados de busqueda:", data);
2026-01-29T10:50:25.213-05:00  INFO 7564 --- [dev-server-output] c.v.b.devserver.DevServerOutputTracker   :     353 |                 Notification.show(`Se encontraron ${data.length} resultado(s)`, {
2026-01-29T10:50:25.213-05:00  INFO 7564 --- [dev-server-output] c.v.b.devserver.DevServerOutputTracker   : 
2026-01-29T10:50:25.213-05:00  INFO 7564 --- [dev-server-output] c.v.b.devserver.DevServerOutputTracker   :  ERROR(TypeScript)  Parameter 'data' implicitly has an 'any' type.
2026-01-29T10:50:25.213-05:00  INFO 7564 --- [dev-server-output] c.v.b.devserver.DevServerOutputTracker   :  FILE  C:/Users/LENOVO I7/Desktop/Proyecto/Proyecto_NvidiaCorp/src/main/frontend/views/producto-list.tsx:350:81
2026-01-29T10:50:25.213-05:00  INFO 7564 --- [dev-server-output] c.v.b.devserver.DevServerOutputTracker   : 
2026-01-29T10:50:25.213-05:00  INFO 7564 --- [dev-server-output] c.v.b.devserver.DevServerOutputTracker   :     348 |                 return;
2026-01-29T10:50:25.213-05:00  INFO 7564 --- [dev-server-output] c.v.b.devserver.DevServerOutputTracker   :     349 |             }
2026-01-29T10:50:25.213-05:00  INFO 7564 --- [dev-server-output] c.v.b.devserver.DevServerOutputTracker   :   > 350 |             ProductoService.busqueda(criterio.value, text.value).then(function (data) {
2026-01-29T10:50:25.213-05:00  INFO 7564 --- [dev-server-output] c.v.b.devserver.DevServerOutputTracker   :         |                                                                                 ^^^^
2026-01-29T10:50:25.213-05:00  INFO 7564 --- [dev-server-output] c.v.b.devserver.DevServerOutputTracker   :     351 |                 setProductos(data);
2026-01-29T10:50:25.213-05:00  INFO 7564 --- [dev-server-output] c.v.b.devserver.DevServerOutputTracker   :     352 |                 console.log("Resultados de busqueda:", data);
2026-01-29T10:50:25.213-05:00  INFO 7564 --- [dev-server-output] c.v.b.devserver.DevServerOutputTracker   :     353 |                 Notification.show(`Se encontraron ${data.length} resultado(s)`, {
2026-01-29T10:50:25.213-05:00  INFO 7564 --- [dev-server-output] c.v.b.devserver.DevServerOutputTracker   : 
2026-01-29T10:50:25.213-05:00  INFO 7564 --- [dev-server-output] c.v.b.devserver.DevServerOutputTracker   :  ERROR(TypeScript)  Type 'Element' is not assignable to type 'string'.
2026-01-29T10:50:25.213-05:00  INFO 7564 --- [dev-server-output] c.v.b.devserver.DevServerOutputTracker   :  FILE  C:/Users/LENOVO I7/Desktop/Proyecto/Proyecto_NvidiaCorp/src/main/frontend/views/producto-list.tsx:599:21
2026-01-29T10:50:25.213-05:00  INFO 7564 --- [dev-server-output] c.v.b.devserver.DevServerOutputTracker   : 
2026-01-29T10:50:25.213-05:00  INFO 7564 --- [dev-server-output] c.v.b.devserver.DevServerOutputTracker   :     597 |             <div className="contenido-principal">
2026-01-29T10:50:25.213-05:00  INFO 7564 --- [dev-server-output] c.v.b.devserver.DevServerOutputTracker   :     598 |                 <ViewToolbar
2026-01-29T10:50:25.213-05:00  INFO 7564 --- [dev-server-output] c.v.b.devserver.DevServerOutputTracker   :   > 599 |                     title={
2026-01-29T10:50:25.213-05:00  INFO 7564 --- [dev-server-output] c.v.b.devserver.DevServerOutputTracker   :         |                     ^^^^^
2026-01-29T10:50:25.213-05:00  INFO 7564 --- [dev-server-output] c.v.b.devserver.DevServerOutputTracker   :     600 |                         <span className="producto-toolbar-titulo">
2026-01-29T10:50:25.213-05:00  INFO 7564 --- [dev-server-output] c.v.b.devserver.DevServerOutputTracker   :     601 |                             Productos ({productosFiltrados.length})
2026-01-29T10:50:25.213-05:00  INFO 7564 --- [dev-server-output] c.v.b.devserver.DevServerOutputTracker   :     602 |                         </span>
2026-01-29T10:50:25.213-05:00  INFO 7564 --- [dev-server-output] c.v.b.devserver.DevServerOutputTracker   : 
2026-01-29T10:50:25.213-05:00  INFO 7564 --- [dev-server-output] c.v.b.devserver.DevServerOutputTracker   :  ERROR(TypeScript)  Type '(event: KeyboardEvent) => void' is not assignable to type 'KeyboardEventHandler<TextField>'.
2026-01-29T10:50:25.213-05:00  INFO 7564 --- [dev-server-output] c.v.b.devserver.DevServerOutputTracker   :   Types of parameters 'event' and 'event' are incompatible.
2026-01-29T10:50:25.213-05:00  INFO 7564 --- [dev-server-output] c.v.b.devserver.DevServerOutputTracker   :     Type 'KeyboardEvent<TextField>' is missing the following properties from type 'KeyboardEvent': isComposing, initKeyboardEvent, DOM_KEY_LOCATION_STANDARD, DOM_KEY_LOCATION_LEFT, and 14 more.
2026-01-29T10:50:25.213-05:00  INFO 7564 --- [dev-server-output] c.v.b.devserver.DevServerOutputTracker   :  FILE  C:/Users/LENOVO I7/Desktop/Proyecto/Proyecto_NvidiaCorp/src/main/frontend/views/producto-list.tsx:629:25
2026-01-29T10:50:25.213-05:00  INFO 7564 --- [dev-server-output] c.v.b.devserver.DevServerOutputTracker   : 
2026-01-29T10:50:25.213-05:00  INFO 7564 --- [dev-server-output] c.v.b.devserver.DevServerOutputTracker   :     627 |                         value={text.value}
2026-01-29T10:50:25.213-05:00  INFO 7564 --- [dev-server-output] c.v.b.devserver.DevServerOutputTracker   :     628 |                         onValueChanged={(evt) => (text.value = evt.detail.value)}
2026-01-29T10:50:25.213-05:00  INFO 7564 --- [dev-server-output] c.v.b.devserver.DevServerOutputTracker   :   > 629 |                         onKeyDown={handleKeyPress}
2026-01-29T10:50:25.213-05:00  INFO 7564 --- [dev-server-output] c.v.b.devserver.DevServerOutputTracker   :         |                         ^^^^^^^^^
2026-01-29T10:50:25.213-05:00  INFO 7564 --- [dev-server-output] c.v.b.devserver.DevServerOutputTracker   :     630 |                         clearButtonVisible
2026-01-29T10:50:25.213-05:00  INFO 7564 --- [dev-server-output] c.v.b.devserver.DevServerOutputTracker   :     631 |                     >
2026-01-29T10:50:25.213-05:00  INFO 7564 --- [dev-server-output] c.v.b.devserver.DevServerOutputTracker   :     632 |                         <Icon slot="prefix" icon="vaadin:search" style={{ color: '#76b900', fontSize: '1.2rem' }} />
2026-01-29T10:50:25.213-05:00  INFO 7564 --- [dev-server-output] c.v.b.devserver.DevServerOutputTracker   : 
2026-01-29T10:50:25.213-05:00  INFO 7564 --- [dev-server-output] c.v.b.devserver.DevServerOutputTracker   :  ERROR(TypeScript)  Type '{ onProductoCreated: () => Promise<void>; className: string; }' is not assignable to type 'IntrinsicAttributes & ProductoEntryFormProps'.
2026-01-29T10:50:25.213-05:00  INFO 7564 --- [dev-server-output] c.v.b.devserver.DevServerOutputTracker   :   Property 'className' does not exist on type 'IntrinsicAttributes & ProductoEntryFormProps'.
2026-01-29T10:50:25.213-05:00  INFO 7564 --- [dev-server-output] c.v.b.devserver.DevServerOutputTracker   :  FILE  C:/Users/LENOVO I7/Desktop/Proyecto/Proyecto_NvidiaCorp/src/main/frontend/views/producto-list.tsx:658:25
2026-01-29T10:50:25.213-05:00  INFO 7564 --- [dev-server-output] c.v.b.devserver.DevServerOutputTracker   : 
2026-01-29T10:50:25.213-05:00  INFO 7564 --- [dev-server-output] c.v.b.devserver.DevServerOutputTracker   :     656 |                     <ProductoEntryForm
2026-01-29T10:50:25.213-05:00  INFO 7564 --- [dev-server-output] c.v.b.devserver.DevServerOutputTracker   :     657 |                         onProductoCreated={cargarProductos}
2026-01-29T10:50:25.213-05:00  INFO 7564 --- [dev-server-output] c.v.b.devserver.DevServerOutputTracker   :   > 658 |                         className="producto-btn-registrar"
2026-01-29T10:50:25.213-05:00  INFO 7564 --- [dev-server-output] c.v.b.devserver.DevServerOutputTracker   :         |                         ^^^^^^^^^
2026-01-29T10:50:25.213-05:00  INFO 7564 --- [dev-server-output] c.v.b.devserver.DevServerOutputTracker   :     659 |                     />
2026-01-29T10:50:25.213-05:00  INFO 7564 --- [dev-server-output] c.v.b.devserver.DevServerOutputTracker   :     660 |                 </div>
2026-01-29T10:50:25.213-05:00  INFO 7564 --- [dev-server-output] c.v.b.devserver.DevServerOutputTracker   :     661 |
2026-01-29T10:50:25.213-05:00  INFO 7564 --- [dev-server-output] c.v.b.devserver.DevServerOutputTracker   : 
2026-01-29T10:50:25.213-05:00  INFO 7564 --- [dev-server-output] c.v.b.devserver.DevServerOutputTracker   : [TypeScript] Found 29 errors. Watching for file changes.
2026-01-29T11:14:53.209-05:00  WARN 7564 --- [http-nio-8080-exec-1] o.h.engine.jdbc.spi.SqlExceptionHelper   : SQL Error: 0, SQLState: 08000
2026-01-29T11:14:53.209-05:00 ERROR 7564 --- [http-nio-8080-exec-1] o.h.engine.jdbc.spi.SqlExceptionHelper   : HikariPool-1 - Connection is not available, request timed out after 31021ms (total=0, active=0, idle=0, waiting=1)
2026-01-29T11:14:53.209-05:00 ERROR 7564 --- [http-nio-8080-exec-1] o.h.engine.jdbc.spi.SqlExceptionHelper   : Socket fail to connect to address=(host=10.20.141.152)(port=3306)(type=primary). Connection timed out: no further information
2026-01-29T11:14:53.219-05:00 ERROR 7564 --- [http-nio-8080-exec-1] com.vaadin.hilla.EndpointInvoker         : Endpoint 'UsuarioServices' method 'getPersonaLogueada' execution failure

java.lang.reflect.InvocationTargetException: null
	at java.base/jdk.internal.reflect.NativeMethodAccessorImpl.invoke0(Native Method) ~[na:na]
	at java.base/jdk.internal.reflect.NativeMethodAccessorImpl.invoke(NativeMethodAccessorImpl.java:77) ~[na:na]
	at java.base/jdk.internal.reflect.DelegatingMethodAccessorImpl.invoke(DelegatingMethodAccessorImpl.java:43) ~[na:na]
	at java.base/java.lang.reflect.Method.invoke(Method.java:568) ~[na:na]
	at com.vaadin.hilla.EndpointInvoker.invokeVaadinEndpointMethod(EndpointInvoker.java:463) ~[hilla-endpoint-24.7.4.jar:na]
	at com.vaadin.hilla.EndpointInvoker.invoke(EndpointInvoker.java:186) ~[hilla-endpoint-24.7.4.jar:na]
	at com.vaadin.hilla.EndpointController.doServeEndpoint(EndpointController.java:313) ~[hilla-endpoint-24.7.4.jar:na]
	at com.vaadin.hilla.EndpointController.serveEndpoint(EndpointController.java:193) ~[hilla-endpoint-24.7.4.jar:na]
	at jdk.internal.reflect.GeneratedMethodAccessor172.invoke(Unknown Source) ~[na:na]
	at java.base/jdk.internal.reflect.DelegatingMethodAccessorImpl.invoke(DelegatingMethodAccessorImpl.java:43) ~[na:na]
	at java.base/java.lang.reflect.Method.invoke(Method.java:568) ~[na:na]
	at org.springframework.web.method.support.InvocableHandlerMethod.doInvoke(InvocableHandlerMethod.java:258) ~[spring-web-6.2.6.jar:6.2.6]
	at org.springframework.web.method.support.InvocableHandlerMethod.invokeForRequest(InvocableHandlerMethod.java:191) ~[spring-web-6.2.6.jar:6.2.6]
	at org.springframework.web.servlet.mvc.method.annotation.ServletInvocableHandlerMethod.invokeAndHandle(ServletInvocableHandlerMethod.java:118) ~[spring-webmvc-6.2.6.jar:6.2.6]
	at org.springframework.web.servlet.mvc.method.annotation.RequestMappingHandlerAdapter.invokeHandlerMethod(RequestMappingHandlerAdapter.java:986) ~[spring-webmvc-6.2.6.jar:6.2.6]
	at org.springframework.web.servlet.mvc.method.annotation.RequestMappingHandlerAdapter.handleInternal(RequestMappingHandlerAdapter.java:891) ~[spring-webmvc-6.2.6.jar:6.2.6]
	at org.springframework.web.servlet.mvc.method.AbstractHandlerMethodAdapter.handle(AbstractHandlerMethodAdapter.java:87) ~[spring-webmvc-6.2.6.jar:6.2.6]
	at org.springframework.web.servlet.DispatcherServlet.doDispatch(DispatcherServlet.java:1089) ~[spring-webmvc-6.2.6.jar:6.2.6]
	at org.springframework.web.servlet.DispatcherServlet.doService(DispatcherServlet.java:979) ~[spring-webmvc-6.2.6.jar:6.2.6]
	at org.springframework.web.servlet.FrameworkServlet.processRequest(FrameworkServlet.java:1014) ~[spring-webmvc-6.2.6.jar:6.2.6]
	at org.springframework.web.servlet.FrameworkServlet.doPost(FrameworkServlet.java:914) ~[spring-webmvc-6.2.6.jar:6.2.6]
	at jakarta.servlet.http.HttpServlet.service(HttpServlet.java:590) ~[tomcat-embed-core-10.1.40.jar:6.0]
	at org.springframework.web.servlet.FrameworkServlet.service(FrameworkServlet.java:885) ~[spring-webmvc-6.2.6.jar:6.2.6]
	at jakarta.servlet.http.HttpServlet.service(HttpServlet.java:658) ~[tomcat-embed-core-10.1.40.jar:6.0]
	at org.apache.catalina.core.ApplicationFilterChain.internalDoFilter(ApplicationFilterChain.java:195) ~[tomcat-embed-core-10.1.40.jar:10.1.40]
	at org.apache.catalina.core.ApplicationFilterChain.doFilter(ApplicationFilterChain.java:140) ~[tomcat-embed-core-10.1.40.jar:10.1.40]
	at org.apache.tomcat.websocket.server.WsFilter.doFilter(WsFilter.java:51) ~[tomcat-embed-websocket-10.1.40.jar:10.1.40]
	at org.apache.catalina.core.ApplicationFilterChain.internalDoFilter(ApplicationFilterChain.java:164) ~[tomcat-embed-core-10.1.40.jar:10.1.40]
	at org.apache.catalina.core.ApplicationFilterChain.doFilter(ApplicationFilterChain.java:140) ~[tomcat-embed-core-10.1.40.jar:10.1.40]
	at org.springframework.web.filter.CompositeFilter$VirtualFilterChain.doFilter(CompositeFilter.java:108) ~[spring-web-6.2.6.jar:6.2.6]
	at org.springframework.security.web.FilterChainProxy.lambda$doFilterInternal$3(FilterChainProxy.java:231) ~[spring-security-web-6.4.5.jar:6.4.5]
	at org.springframework.security.web.ObservationFilterChainDecorator$FilterObservation$SimpleFilterObservation.lambda$wrap$1(ObservationFilterChainDecorator.java:479) ~[spring-security-web-6.4.5.jar:6.4.5]
	at org.springframework.security.web.ObservationFilterChainDecorator$AroundFilterObservation$SimpleAroundFilterObservation.lambda$wrap$1(ObservationFilterChainDecorator.java:340) ~[spring-security-web-6.4.5.jar:6.4.5]
	at org.springframework.security.web.ObservationFilterChainDecorator.lambda$wrapSecured$0(ObservationFilterChainDecorator.java:82) ~[spring-security-web-6.4.5.jar:6.4.5]
	at org.springframework.security.web.ObservationFilterChainDecorator$VirtualFilterChain.doFilter(ObservationFilterChainDecorator.java:128) ~[spring-security-web-6.4.5.jar:6.4.5]
	at org.springframework.security.web.access.intercept.AuthorizationFilter.doFilter(AuthorizationFilter.java:101) ~[spring-security-web-6.4.5.jar:6.4.5]
	at org.springframework.security.web.ObservationFilterChainDecorator$ObservationFilter.wrapFilter(ObservationFilterChainDecorator.java:240) ~[spring-security-web-6.4.5.jar:6.4.5]
	at org.springframework.security.web.ObservationFilterChainDecorator$ObservationFilter.doFilter(ObservationFilterChainDecorator.java:227) ~[spring-security-web-6.4.5.jar:6.4.5]
	at org.springframework.security.web.ObservationFilterChainDecorator$VirtualFilterChain.doFilter(ObservationFilterChainDecorator.java:137) ~[spring-security-web-6.4.5.jar:6.4.5]
	at org.springframework.security.web.access.ExceptionTranslationFilter.doFilter(ExceptionTranslationFilter.java:126) ~[spring-security-web-6.4.5.jar:6.4.5]
	at org.springframework.security.web.access.ExceptionTranslationFilter.doFilter(ExceptionTranslationFilter.java:120) ~[spring-security-web-6.4.5.jar:6.4.5]
	at org.springframework.security.web.ObservationFilterChainDecorator$ObservationFilter.wrapFilter(ObservationFilterChainDecorator.java:240) ~[spring-security-web-6.4.5.jar:6.4.5]
	at org.springframework.security.web.ObservationFilterChainDecorator$ObservationFilter.doFilter(ObservationFilterChainDecorator.java:227) ~[spring-security-web-6.4.5.jar:6.4.5]
	at org.springframework.security.web.ObservationFilterChainDecorator$VirtualFilterChain.doFilter(ObservationFilterChainDecorator.java:137) ~[spring-security-web-6.4.5.jar:6.4.5]
	at org.springframework.security.web.authentication.AnonymousAuthenticationFilter.doFilter(AnonymousAuthenticationFilter.java:100) ~[spring-security-web-6.4.5.jar:6.4.5]
	at org.springframework.security.web.ObservationFilterChainDecorator$ObservationFilter.wrapFilter(ObservationFilterChainDecorator.java:240) ~[spring-security-web-6.4.5.jar:6.4.5]
	at org.springframework.security.web.ObservationFilterChainDecorator$ObservationFilter.doFilter(ObservationFilterChainDecorator.java:227) ~[spring-security-web-6.4.5.jar:6.4.5]
	at org.springframework.security.web.ObservationFilterChainDecorator$VirtualFilterChain.doFilter(ObservationFilterChainDecorator.java:137) ~[spring-security-web-6.4.5.jar:6.4.5]
	at org.springframework.security.web.servletapi.SecurityContextHolderAwareRequestFilter.doFilter(SecurityContextHolderAwareRequestFilter.java:179) ~[spring-security-web-6.4.5.jar:6.4.5]
	at org.springframework.security.web.ObservationFilterChainDecorator$ObservationFilter.wrapFilter(ObservationFilterChainDecorator.java:240) ~[spring-security-web-6.4.5.jar:6.4.5]
	at org.springframework.security.web.ObservationFilterChainDecorator$ObservationFilter.doFilter(ObservationFilterChainDecorator.java:227) ~[spring-security-web-6.4.5.jar:6.4.5]
	at org.springframework.security.web.ObservationFilterChainDecorator$VirtualFilterChain.doFilter(ObservationFilterChainDecorator.java:137) ~[spring-security-web-6.4.5.jar:6.4.5]
	at org.springframework.security.web.savedrequest.RequestCacheAwareFilter.doFilter(RequestCacheAwareFilter.java:63) ~[spring-security-web-6.4.5.jar:6.4.5]
	at org.springframework.security.web.ObservationFilterChainDecorator$ObservationFilter.wrapFilter(ObservationFilterChainDecorator.java:240) ~[spring-security-web-6.4.5.jar:6.4.5]
	at org.springframework.security.web.ObservationFilterChainDecorator$ObservationFilter.doFilter(ObservationFilterChainDecorator.java:227) ~[spring-security-web-6.4.5.jar:6.4.5]
	at org.springframework.security.web.ObservationFilterChainDecorator$VirtualFilterChain.doFilter(ObservationFilterChainDecorator.java:137) ~[spring-security-web-6.4.5.jar:6.4.5]
	at org.springframework.security.web.authentication.logout.LogoutFilter.doFilter(LogoutFilter.java:107) ~[spring-security-web-6.4.5.jar:6.4.5]
	at org.springframework.security.web.authentication.logout.LogoutFilter.doFilter(LogoutFilter.java:93) ~[spring-security-web-6.4.5.jar:6.4.5]
	at org.springframework.security.web.ObservationFilterChainDecorator$ObservationFilter.wrapFilter(ObservationFilterChainDecorator.java:240) ~[spring-security-web-6.4.5.jar:6.4.5]
	at org.springframework.security.web.ObservationFilterChainDecorator$ObservationFilter.doFilter(ObservationFilterChainDecorator.java:227) ~[spring-security-web-6.4.5.jar:6.4.5]
	at org.springframework.security.web.ObservationFilterChainDecorator$VirtualFilterChain.doFilter(ObservationFilterChainDecorator.java:137) ~[spring-security-web-6.4.5.jar:6.4.5]
	at org.springframework.security.web.header.HeaderWriterFilter.doHeadersAfter(HeaderWriterFilter.java:90) ~[spring-security-web-6.4.5.jar:6.4.5]
	at org.springframework.security.web.header.HeaderWriterFilter.doFilterInternal(HeaderWriterFilter.java:75) ~[spring-security-web-6.4.5.jar:6.4.5]
	at org.springframework.web.filter.OncePerRequestFilter.doFilter(OncePerRequestFilter.java:116) ~[spring-web-6.2.6.jar:6.2.6]
	at org.springframework.security.web.ObservationFilterChainDecorator$ObservationFilter.wrapFilter(ObservationFilterChainDecorator.java:240) ~[spring-security-web-6.4.5.jar:6.4.5]
	at org.springframework.security.web.ObservationFilterChainDecorator$ObservationFilter.doFilter(ObservationFilterChainDecorator.java:227) ~[spring-security-web-6.4.5.jar:6.4.5]
	at org.springframework.security.web.ObservationFilterChainDecorator$VirtualFilterChain.doFilter(ObservationFilterChainDecorator.java:137) ~[spring-security-web-6.4.5.jar:6.4.5]
	at org.springframework.security.web.context.SecurityContextHolderFilter.doFilter(SecurityContextHolderFilter.java:82) ~[spring-security-web-6.4.5.jar:6.4.5]
	at org.springframework.security.web.context.SecurityContextHolderFilter.doFilter(SecurityContextHolderFilter.java:69) ~[spring-security-web-6.4.5.jar:6.4.5]
	at org.springframework.security.web.ObservationFilterChainDecorator$ObservationFilter.wrapFilter(ObservationFilterChainDecorator.java:240) ~[spring-security-web-6.4.5.jar:6.4.5]
	at org.springframework.security.web.ObservationFilterChainDecorator$ObservationFilter.doFilter(ObservationFilterChainDecorator.java:227) ~[spring-security-web-6.4.5.jar:6.4.5]
	at org.springframework.security.web.ObservationFilterChainDecorator$VirtualFilterChain.doFilter(ObservationFilterChainDecorator.java:137) ~[spring-security-web-6.4.5.jar:6.4.5]
	at org.springframework.security.web.context.request.async.WebAsyncManagerIntegrationFilter.doFilterInternal(WebAsyncManagerIntegrationFilter.java:62) ~[spring-security-web-6.4.5.jar:6.4.5]
	at org.springframework.web.filter.OncePerRequestFilter.doFilter(OncePerRequestFilter.java:116) ~[spring-web-6.2.6.jar:6.2.6]
	at org.springframework.security.web.ObservationFilterChainDecorator$ObservationFilter.wrapFilter(ObservationFilterChainDecorator.java:240) ~[spring-security-web-6.4.5.jar:6.4.5]
	at org.springframework.security.web.ObservationFilterChainDecorator$ObservationFilter.doFilter(ObservationFilterChainDecorator.java:227) ~[spring-security-web-6.4.5.jar:6.4.5]
	at org.springframework.security.web.ObservationFilterChainDecorator$VirtualFilterChain.doFilter(ObservationFilterChainDecorator.java:137) ~[spring-security-web-6.4.5.jar:6.4.5]
	at org.springframework.security.web.session.DisableEncodeUrlFilter.doFilterInternal(DisableEncodeUrlFilter.java:42) ~[spring-security-web-6.4.5.jar:6.4.5]
	at org.springframework.web.filter.OncePerRequestFilter.doFilter(OncePerRequestFilter.java:116) ~[spring-web-6.2.6.jar:6.2.6]
	at org.springframework.security.web.ObservationFilterChainDecorator$ObservationFilter.wrapFilter(ObservationFilterChainDecorator.java:240) ~[spring-security-web-6.4.5.jar:6.4.5]
	at org.springframework.security.web.ObservationFilterChainDecorator$AroundFilterObservation$SimpleAroundFilterObservation.lambda$wrap$0(ObservationFilterChainDecorator.java:323) ~[spring-security-web-6.4.5.jar:6.4.5]
	at org.springframework.security.web.ObservationFilterChainDecorator$ObservationFilter.doFilter(ObservationFilterChainDecorator.java:224) ~[spring-security-web-6.4.5.jar:6.4.5]
	at org.springframework.security.web.ObservationFilterChainDecorator$VirtualFilterChain.doFilter(ObservationFilterChainDecorator.java:137) ~[spring-security-web-6.4.5.jar:6.4.5]
	at org.springframework.security.web.FilterChainProxy.doFilterInternal(FilterChainProxy.java:233) ~[spring-security-web-6.4.5.jar:6.4.5]
	at org.springframework.security.web.FilterChainProxy.doFilter(FilterChainProxy.java:191) ~[spring-security-web-6.4.5.jar:6.4.5]
	at org.springframework.web.filter.CompositeFilter$VirtualFilterChain.doFilter(CompositeFilter.java:113) ~[spring-web-6.2.6.jar:6.2.6]
	at org.springframework.web.servlet.handler.HandlerMappingIntrospector.lambda$createCacheFilter$3(HandlerMappingIntrospector.java:243) ~[spring-webmvc-6.2.6.jar:6.2.6]
	at org.springframework.web.filter.CompositeFilter$VirtualFilterChain.doFilter(CompositeFilter.java:113) ~[spring-web-6.2.6.jar:6.2.6]
	at org.springframework.web.filter.CompositeFilter.doFilter(CompositeFilter.java:74) ~[spring-web-6.2.6.jar:6.2.6]
	at org.springframework.security.config.annotation.web.configuration.WebMvcSecurityConfiguration$CompositeFilterChainProxy.doFilter(WebMvcSecurityConfiguration.java:238) ~[spring-security-config-6.4.5.jar:6.4.5]
	at org.springframework.web.filter.DelegatingFilterProxy.invokeDelegate(DelegatingFilterProxy.java:362) ~[spring-web-6.2.6.jar:6.2.6]
	at org.springframework.web.filter.DelegatingFilterProxy.doFilter(DelegatingFilterProxy.java:278) ~[spring-web-6.2.6.jar:6.2.6]
	at org.apache.catalina.core.ApplicationFilterChain.internalDoFilter(ApplicationFilterChain.java:164) ~[tomcat-embed-core-10.1.40.jar:10.1.40]
	at org.apache.catalina.core.ApplicationFilterChain.doFilter(ApplicationFilterChain.java:140) ~[tomcat-embed-core-10.1.40.jar:10.1.40]
	at org.springframework.web.filter.RequestContextFilter.doFilterInternal(RequestContextFilter.java:100) ~[spring-web-6.2.6.jar:6.2.6]
	at org.springframework.web.filter.OncePerRequestFilter.doFilter(OncePerRequestFilter.java:116) ~[spring-web-6.2.6.jar:6.2.6]
	at org.apache.catalina.core.ApplicationFilterChain.internalDoFilter(ApplicationFilterChain.java:164) ~[tomcat-embed-core-10.1.40.jar:10.1.40]
	at org.apache.catalina.core.ApplicationFilterChain.doFilter(ApplicationFilterChain.java:140) ~[tomcat-embed-core-10.1.40.jar:10.1.40]
	at org.springframework.web.filter.FormContentFilter.doFilterInternal(FormContentFilter.java:93) ~[spring-web-6.2.6.jar:6.2.6]
	at org.springframework.web.filter.OncePerRequestFilter.doFilter(OncePerRequestFilter.java:116) ~[spring-web-6.2.6.jar:6.2.6]
	at org.apache.catalina.core.ApplicationFilterChain.internalDoFilter(ApplicationFilterChain.java:164) ~[tomcat-embed-core-10.1.40.jar:10.1.40]
	at org.apache.catalina.core.ApplicationFilterChain.doFilter(ApplicationFilterChain.java:140) ~[tomcat-embed-core-10.1.40.jar:10.1.40]
	at org.springframework.web.filter.ServerHttpObservationFilter.doFilterInternal(ServerHttpObservationFilter.java:114) ~[spring-web-6.2.6.jar:6.2.6]
	at org.springframework.web.filter.OncePerRequestFilter.doFilter(OncePerRequestFilter.java:116) ~[spring-web-6.2.6.jar:6.2.6]
	at org.apache.catalina.core.ApplicationFilterChain.internalDoFilter(ApplicationFilterChain.java:164) ~[tomcat-embed-core-10.1.40.jar:10.1.40]
	at org.apache.catalina.core.ApplicationFilterChain.doFilter(ApplicationFilterChain.java:140) ~[tomcat-embed-core-10.1.40.jar:10.1.40]
	at org.springframework.web.filter.CharacterEncodingFilter.doFilterInternal(CharacterEncodingFilter.java:201) ~[spring-web-6.2.6.jar:6.2.6]
	at org.springframework.web.filter.OncePerRequestFilter.doFilter(OncePerRequestFilter.java:116) ~[spring-web-6.2.6.jar:6.2.6]
	at org.apache.catalina.core.ApplicationFilterChain.internalDoFilter(ApplicationFilterChain.java:164) ~[tomcat-embed-core-10.1.40.jar:10.1.40]
	at org.apache.catalina.core.ApplicationFilterChain.doFilter(ApplicationFilterChain.java:140) ~[tomcat-embed-core-10.1.40.jar:10.1.40]
	at org.apache.catalina.core.StandardWrapperValve.invoke(StandardWrapperValve.java:167) ~[tomcat-embed-core-10.1.40.jar:10.1.40]
	at org.apache.catalina.core.StandardContextValve.invoke(StandardContextValve.java:90) ~[tomcat-embed-core-10.1.40.jar:10.1.40]
	at org.apache.catalina.authenticator.AuthenticatorBase.invoke(AuthenticatorBase.java:483) ~[tomcat-embed-core-10.1.40.jar:10.1.40]
	at org.apache.catalina.core.StandardHostValve.invoke(StandardHostValve.java:116) ~[tomcat-embed-core-10.1.40.jar:10.1.40]
	at org.apache.catalina.valves.ErrorReportValve.invoke(ErrorReportValve.java:93) ~[tomcat-embed-core-10.1.40.jar:10.1.40]
	at org.apache.catalina.core.StandardEngineValve.invoke(StandardEngineValve.java:74) ~[tomcat-embed-core-10.1.40.jar:10.1.40]
	at org.apache.catalina.connector.CoyoteAdapter.service(CoyoteAdapter.java:344) ~[tomcat-embed-core-10.1.40.jar:10.1.40]
	at org.apache.coyote.http11.Http11Processor.service(Http11Processor.java:398) ~[tomcat-embed-core-10.1.40.jar:10.1.40]
	at org.apache.coyote.AbstractProcessorLight.process(AbstractProcessorLight.java:63) ~[tomcat-embed-core-10.1.40.jar:10.1.40]
	at org.apache.coyote.AbstractProtocol$ConnectionHandler.process(AbstractProtocol.java:903) ~[tomcat-embed-core-10.1.40.jar:10.1.40]
	at org.apache.tomcat.util.net.NioEndpoint$SocketProcessor.doRun(NioEndpoint.java:1740) ~[tomcat-embed-core-10.1.40.jar:10.1.40]
	at org.apache.tomcat.util.net.SocketProcessorBase.run(SocketProcessorBase.java:52) ~[tomcat-embed-core-10.1.40.jar:10.1.40]
	at org.apache.tomcat.util.threads.ThreadPoolExecutor.runWorker(ThreadPoolExecutor.java:1189) ~[tomcat-embed-core-10.1.40.jar:10.1.40]
	at org.apache.tomcat.util.threads.ThreadPoolExecutor$Worker.run(ThreadPoolExecutor.java:658) ~[tomcat-embed-core-10.1.40.jar:10.1.40]
	at org.apache.tomcat.util.threads.TaskThread$WrappingRunnable.run(TaskThread.java:63) ~[tomcat-embed-core-10.1.40.jar:10.1.40]
	at java.base/java.lang.Thread.run(Thread.java:842) ~[na:na]
Caused by: org.springframework.dao.DataAccessResourceFailureException: Unable to acquire JDBC Connection [HikariPool-1 - Connection is not available, request timed out after 31021ms (total=0, active=0, idle=0, waiting=1)] [n/a]
	at org.springframework.orm.jpa.vendor.HibernateJpaDialect.convertHibernateAccessException(HibernateJpaDialect.java:278) ~[spring-orm-6.2.6.jar:6.2.6]
	at org.springframework.orm.jpa.vendor.HibernateJpaDialect.convertHibernateAccessException(HibernateJpaDialect.java:256) ~[spring-orm-6.2.6.jar:6.2.6]
	at org.springframework.orm.jpa.vendor.HibernateJpaDialect.translateExceptionIfPossible(HibernateJpaDialect.java:241) ~[spring-orm-6.2.6.jar:6.2.6]
	at org.springframework.orm.jpa.AbstractEntityManagerFactoryBean.translateExceptionIfPossible(AbstractEntityManagerFactoryBean.java:560) ~[spring-orm-6.2.6.jar:6.2.6]
	at org.springframework.dao.support.ChainedPersistenceExceptionTranslator.translateExceptionIfPossible(ChainedPersistenceExceptionTranslator.java:61) ~[spring-tx-6.2.6.jar:6.2.6]
	at org.springframework.dao.support.DataAccessUtils.translateIfNecessary(DataAccessUtils.java:343) ~[spring-tx-6.2.6.jar:6.2.6]
	at org.springframework.dao.support.PersistenceExceptionTranslationInterceptor.invoke(PersistenceExceptionTranslationInterceptor.java:160) ~[spring-tx-6.2.6.jar:6.2.6]
	at org.springframework.aop.framework.ReflectiveMethodInvocation.proceed(ReflectiveMethodInvocation.java:184) ~[spring-aop-6.2.6.jar:6.2.6]
	at org.springframework.data.jpa.repository.support.CrudMethodMetadataPostProcessor$CrudMethodMetadataPopulatingMethodInterceptor.invoke(CrudMethodMetadataPostProcessor.java:136) ~[spring-data-jpa-3.4.5.jar:3.4.5]
	at org.springframework.aop.framework.ReflectiveMethodInvocation.proceed(ReflectiveMethodInvocation.java:184) ~[spring-aop-6.2.6.jar:6.2.6]
	at org.springframework.aop.framework.JdkDynamicAopProxy.invoke(JdkDynamicAopProxy.java:223) ~[spring-aop-6.2.6.jar:6.2.6]
	at jdk.proxy4/jdk.proxy4.$Proxy180.findByCorreo(Unknown Source) ~[na:na]
	at org.proyecto.nvidiacorp.base.controller.services.UsuarioServices.getPersonaLogueada(UsuarioServices.java:214) ~[classes/:na]
	... 126 common frames omitted
Caused by: org.hibernate.exception.JDBCConnectionException: Unable to acquire JDBC Connection [HikariPool-1 - Connection is not available, request timed out after 31021ms (total=0, active=0, idle=0, waiting=1)] [n/a]
	at org.hibernate.exception.internal.SQLExceptionTypeDelegate.convert(SQLExceptionTypeDelegate.java:51) ~[hibernate-core-6.6.13.Final.jar:6.6.13.Final]
	at org.hibernate.exception.internal.StandardSQLExceptionConverter.convert(StandardSQLExceptionConverter.java:58) ~[hibernate-core-6.6.13.Final.jar:6.6.13.Final]
	at org.hibernate.engine.jdbc.spi.SqlExceptionHelper.convert(SqlExceptionHelper.java:108) ~[hibernate-core-6.6.13.Final.jar:6.6.13.Final]
	at org.hibernate.engine.jdbc.spi.SqlExceptionHelper.convert(SqlExceptionHelper.java:94) ~[hibernate-core-6.6.13.Final.jar:6.6.13.Final]
	at org.hibernate.resource.jdbc.internal.LogicalConnectionManagedImpl.acquireConnectionIfNeeded(LogicalConnectionManagedImpl.java:129) ~[hibernate-core-6.6.13.Final.jar:6.6.13.Final]
	at org.hibernate.resource.jdbc.internal.LogicalConnectionManagedImpl.getPhysicalConnection(LogicalConnectionManagedImpl.java:156) ~[hibernate-core-6.6.13.Final.jar:6.6.13.Final]
	at org.hibernate.engine.jdbc.internal.StatementPreparerImpl.connection(StatementPreparerImpl.java:56) ~[hibernate-core-6.6.13.Final.jar:6.6.13.Final]
	at org.hibernate.engine.jdbc.internal.StatementPreparerImpl$4.doPrepare(StatementPreparerImpl.java:151) ~[hibernate-core-6.6.13.Final.jar:6.6.13.Final]
	at org.hibernate.engine.jdbc.internal.StatementPreparerImpl$StatementPreparationTemplate.prepareStatement(StatementPreparerImpl.java:180) ~[hibernate-core-6.6.13.Final.jar:6.6.13.Final]
	at org.hibernate.engine.jdbc.internal.StatementPreparerImpl.prepareQueryStatement(StatementPreparerImpl.java:153) ~[hibernate-core-6.6.13.Final.jar:6.6.13.Final]
	at org.hibernate.sql.exec.internal.StandardStatementCreator.createStatement(StandardStatementCreator.java:49) ~[hibernate-core-6.6.13.Final.jar:6.6.13.Final]
	at org.hibernate.sql.results.jdbc.internal.DeferredResultSetAccess.executeQuery(DeferredResultSetAccess.java:235) ~[hibernate-core-6.6.13.Final.jar:6.6.13.Final]
	at org.hibernate.sql.results.jdbc.internal.DeferredResultSetAccess.getResultSet(DeferredResultSetAccess.java:171) ~[hibernate-core-6.6.13.Final.jar:6.6.13.Final]
	at org.hibernate.sql.results.jdbc.internal.JdbcValuesResultSetImpl.<init>(JdbcValuesResultSetImpl.java:74) ~[hibernate-core-6.6.13.Final.jar:6.6.13.Final]
	at org.hibernate.sql.exec.internal.JdbcSelectExecutorStandardImpl.resolveJdbcValuesSource(JdbcSelectExecutorStandardImpl.java:355) ~[hibernate-core-6.6.13.Final.jar:6.6.13.Final]
	at org.hibernate.sql.exec.internal.JdbcSelectExecutorStandardImpl.doExecuteQuery(JdbcSelectExecutorStandardImpl.java:137) ~[hibernate-core-6.6.13.Final.jar:6.6.13.Final]
	at org.hibernate.sql.exec.internal.JdbcSelectExecutorStandardImpl.executeQuery(JdbcSelectExecutorStandardImpl.java:102) ~[hibernate-core-6.6.13.Final.jar:6.6.13.Final]
	at org.hibernate.sql.exec.spi.JdbcSelectExecutor.executeQuery(JdbcSelectExecutor.java:91) ~[hibernate-core-6.6.13.Final.jar:6.6.13.Final]
	at org.hibernate.sql.exec.spi.JdbcSelectExecutor.list(JdbcSelectExecutor.java:165) ~[hibernate-core-6.6.13.Final.jar:6.6.13.Final]
	at org.hibernate.query.sqm.internal.ConcreteSqmSelectQueryPlan.lambda$new$1(ConcreteSqmSelectQueryPlan.java:152) ~[hibernate-core-6.6.13.Final.jar:6.6.13.Final]
	at org.hibernate.query.sqm.internal.ConcreteSqmSelectQueryPlan.withCacheableSqmInterpretation(ConcreteSqmSelectQueryPlan.java:442) ~[hibernate-core-6.6.13.Final.jar:6.6.13.Final]
	at org.hibernate.query.sqm.internal.ConcreteSqmSelectQueryPlan.performList(ConcreteSqmSelectQueryPlan.java:362) ~[hibernate-core-6.6.13.Final.jar:6.6.13.Final]
	at org.hibernate.query.sqm.internal.QuerySqmImpl.doList(QuerySqmImpl.java:380) ~[hibernate-core-6.6.13.Final.jar:6.6.13.Final]
	at org.hibernate.query.spi.AbstractSelectionQuery.list(AbstractSelectionQuery.java:143) ~[hibernate-core-6.6.13.Final.jar:6.6.13.Final]
	at org.hibernate.query.spi.AbstractSelectionQuery.getSingleResult(AbstractSelectionQuery.java:275) ~[hibernate-core-6.6.13.Final.jar:6.6.13.Final]
	at java.base/jdk.internal.reflect.NativeMethodAccessorImpl.invoke0(Native Method) ~[na:na]
	at java.base/jdk.internal.reflect.NativeMethodAccessorImpl.invoke(NativeMethodAccessorImpl.java:77) ~[na:na]
	at java.base/jdk.internal.reflect.DelegatingMethodAccessorImpl.invoke(DelegatingMethodAccessorImpl.java:43) ~[na:na]
	at java.base/java.lang.reflect.Method.invoke(Method.java:568) ~[na:na]
	at org.springframework.orm.jpa.SharedEntityManagerCreator$DeferredQueryInvocationHandler.invoke(SharedEntityManagerCreator.java:419) ~[spring-orm-6.2.6.jar:6.2.6]
	at jdk.proxy4/jdk.proxy4.$Proxy213.getSingleResult(Unknown Source) ~[na:na]
	at org.springframework.data.jpa.repository.query.JpaQueryExecution$SingleEntityExecution.doExecute(JpaQueryExecution.java:224) ~[spring-data-jpa-3.4.5.jar:3.4.5]
	at org.springframework.data.jpa.repository.query.JpaQueryExecution.execute(JpaQueryExecution.java:93) ~[spring-data-jpa-3.4.5.jar:3.4.5]
	at org.springframework.data.jpa.repository.query.AbstractJpaQuery.doExecute(AbstractJpaQuery.java:152) ~[spring-data-jpa-3.4.5.jar:3.4.5]
	at org.springframework.data.jpa.repository.query.AbstractJpaQuery.execute(AbstractJpaQuery.java:140) ~[spring-data-jpa-3.4.5.jar:3.4.5]
	at org.springframework.data.repository.core.support.RepositoryMethodInvoker.doInvoke(RepositoryMethodInvoker.java:170) ~[spring-data-commons-3.4.5.jar:3.4.5]
	at org.springframework.data.repository.core.support.RepositoryMethodInvoker.invoke(RepositoryMethodInvoker.java:158) ~[spring-data-commons-3.4.5.jar:3.4.5]
	at org.springframework.data.repository.core.support.QueryExecutorMethodInterceptor.doInvoke(QueryExecutorMethodInterceptor.java:170) ~[spring-data-commons-3.4.5.jar:3.4.5]
	at org.springframework.data.repository.core.support.QueryExecutorMethodInterceptor.invoke(QueryExecutorMethodInterceptor.java:149) ~[spring-data-commons-3.4.5.jar:3.4.5]
	at org.springframework.aop.framework.ReflectiveMethodInvocation.proceed(ReflectiveMethodInvocation.java:184) ~[spring-aop-6.2.6.jar:6.2.6]
	at org.springframework.data.projection.DefaultMethodInvokingMethodInterceptor.invoke(DefaultMethodInvokingMethodInterceptor.java:69) ~[spring-data-commons-3.4.5.jar:3.4.5]
	at org.springframework.aop.framework.ReflectiveMethodInvocation.proceed(ReflectiveMethodInvocation.java:184) ~[spring-aop-6.2.6.jar:6.2.6]
	at org.springframework.transaction.interceptor.TransactionAspectSupport.invokeWithinTransaction(TransactionAspectSupport.java:380) ~[spring-tx-6.2.6.jar:6.2.6]
	at org.springframework.transaction.interceptor.TransactionInterceptor.invoke(TransactionInterceptor.java:119) ~[spring-tx-6.2.6.jar:6.2.6]
	at org.springframework.aop.framework.ReflectiveMethodInvocation.proceed(ReflectiveMethodInvocation.java:184) ~[spring-aop-6.2.6.jar:6.2.6]
	at org.springframework.dao.support.PersistenceExceptionTranslationInterceptor.invoke(PersistenceExceptionTranslationInterceptor.java:138) ~[spring-tx-6.2.6.jar:6.2.6]
	... 132 common frames omitted
Caused by: java.sql.SQLTransientConnectionException: HikariPool-1 - Connection is not available, request timed out after 31021ms (total=0, active=0, idle=0, waiting=1)
	at com.zaxxer.hikari.pool.HikariPool.createTimeoutException(HikariPool.java:686) ~[HikariCP-5.1.0.jar:na]
	at com.zaxxer.hikari.pool.HikariPool.getConnection(HikariPool.java:179) ~[HikariCP-5.1.0.jar:na]
	at com.zaxxer.hikari.pool.HikariPool.getConnection(HikariPool.java:144) ~[HikariCP-5.1.0.jar:na]
	at com.zaxxer.hikari.HikariDataSource.getConnection(HikariDataSource.java:127) ~[HikariCP-5.1.0.jar:na]
	at org.hibernate.engine.jdbc.connections.internal.DatasourceConnectionProviderImpl.getConnection(DatasourceConnectionProviderImpl.java:126) ~[hibernate-core-6.6.13.Final.jar:6.6.13.Final]
	at org.hibernate.internal.NonContextualJdbcConnectionAccess.obtainConnection(NonContextualJdbcConnectionAccess.java:46) ~[hibernate-core-6.6.13.Final.jar:6.6.13.Final]
	at org.hibernate.resource.jdbc.internal.LogicalConnectionManagedImpl.acquireConnectionIfNeeded(LogicalConnectionManagedImpl.java:126) ~[hibernate-core-6.6.13.Final.jar:6.6.13.Final]
	... 173 common frames omitted
Caused by: java.sql.SQLNonTransientConnectionException: Socket fail to connect to address=(host=10.20.141.152)(port=3306)(type=primary). Connection timed out: no further information
	at org.mariadb.jdbc.client.impl.ConnectionHelper.connectSocket(ConnectionHelper.java:122) ~[mariadb-java-client-3.4.2.jar:na]
	at org.mariadb.jdbc.client.impl.StandardClient.<init>(StandardClient.java:129) ~[mariadb-java-client-3.4.2.jar:na]
	at org.mariadb.jdbc.Driver.connect(Driver.java:68) ~[mariadb-java-client-3.4.2.jar:na]
	at org.mariadb.jdbc.Driver.connect(Driver.java:92) ~[mariadb-java-client-3.4.2.jar:na]
	at org.mariadb.jdbc.Driver.connect(Driver.java:26) ~[mariadb-java-client-3.4.2.jar:na]
	at com.zaxxer.hikari.util.DriverDataSource.getConnection(DriverDataSource.java:137) ~[HikariCP-5.1.0.jar:na]
	at com.zaxxer.hikari.pool.PoolBase.newConnection(PoolBase.java:360) ~[HikariCP-5.1.0.jar:na]
	at com.zaxxer.hikari.pool.PoolBase.newPoolEntry(PoolBase.java:202) ~[HikariCP-5.1.0.jar:na]
	at com.zaxxer.hikari.pool.HikariPool.createPoolEntry(HikariPool.java:461) ~[HikariCP-5.1.0.jar:na]
	at com.zaxxer.hikari.pool.HikariPool$PoolEntryCreator.call(HikariPool.java:724) ~[HikariCP-5.1.0.jar:na]
	at com.zaxxer.hikari.pool.HikariPool$PoolEntryCreator.call(HikariPool.java:703) ~[HikariCP-5.1.0.jar:na]
	at java.base/java.util.concurrent.FutureTask.run(FutureTask.java:264) ~[na:na]
	at java.base/java.util.concurrent.ThreadPoolExecutor.runWorker(ThreadPoolExecutor.java:1136) ~[na:na]
	at java.base/java.util.concurrent.ThreadPoolExecutor$Worker.run(ThreadPoolExecutor.java:635) ~[na:na]
	... 1 common frames omitted
Caused by: java.net.ConnectException: Connection timed out: no further information
	at java.base/sun.nio.ch.Net.pollConnect(Native Method) ~[na:na]
	at java.base/sun.nio.ch.Net.pollConnectNow(Net.java:672) ~[na:na]
	at java.base/sun.nio.ch.NioSocketImpl.timedFinishConnect(NioSocketImpl.java:554) ~[na:na]
	at java.base/sun.nio.ch.NioSocketImpl.connect(NioSocketImpl.java:602) ~[na:na]
	at java.base/java.net.SocksSocketImpl.connect(SocksSocketImpl.java:327) ~[na:na]
	at java.base/java.net.Socket.connect(Socket.java:633) ~[na:na]
	at org.mariadb.jdbc.client.impl.ConnectionHelper.connectSocket(ConnectionHelper.java:116) ~[mariadb-java-client-3.4.2.jar:na]
	... 14 common frames omitted

2026-01-29T11:14:55.512-05:00  WARN 7564 --- [http-nio-8080-exec-7] o.h.engine.jdbc.spi.SqlExceptionHelper   : SQL Error: 0, SQLState: 08000
2026-01-29T11:14:55.512-05:00 ERROR 7564 --- [http-nio-8080-exec-7] o.h.engine.jdbc.spi.SqlExceptionHelper   : HikariPool-1 - Connection is not available, request timed out after 30016ms (total=0, active=0, idle=0, waiting=0)
2026-01-29T11:14:55.512-05:00 ERROR 7564 --- [http-nio-8080-exec-7] o.h.engine.jdbc.spi.SqlExceptionHelper   : Socket fail to connect to address=(host=10.20.141.152)(port=3306)(type=primary). Connection timed out: no further information
2026-01-29T11:14:55.512-05:00 ERROR 7564 --- [http-nio-8080-exec-7] com.vaadin.hilla.EndpointInvoker         : Endpoint 'UsuarioServices' method 'getPersonaLogueada' execution failure

java.lang.reflect.InvocationTargetException: null
	at java.base/jdk.internal.reflect.NativeMethodAccessorImpl.invoke0(Native Method) ~[na:na]
	at java.base/jdk.internal.reflect.NativeMethodAccessorImpl.invoke(NativeMethodAccessorImpl.java:77) ~[na:na]
	at java.base/jdk.internal.reflect.DelegatingMethodAccessorImpl.invoke(DelegatingMethodAccessorImpl.java:43) ~[na:na]
	at java.base/java.lang.reflect.Method.invoke(Method.java:568) ~[na:na]
	at com.vaadin.hilla.EndpointInvoker.invokeVaadinEndpointMethod(EndpointInvoker.java:463) ~[hilla-endpoint-24.7.4.jar:na]
	at com.vaadin.hilla.EndpointInvoker.invoke(EndpointInvoker.java:186) ~[hilla-endpoint-24.7.4.jar:na]
	at com.vaadin.hilla.EndpointController.doServeEndpoint(EndpointController.java:313) ~[hilla-endpoint-24.7.4.jar:na]
	at com.vaadin.hilla.EndpointController.serveEndpoint(EndpointController.java:193) ~[hilla-endpoint-24.7.4.jar:na]
	at jdk.internal.reflect.GeneratedMethodAccessor172.invoke(Unknown Source) ~[na:na]
	at java.base/jdk.internal.reflect.DelegatingMethodAccessorImpl.invoke(DelegatingMethodAccessorImpl.java:43) ~[na:na]
	at java.base/java.lang.reflect.Method.invoke(Method.java:568) ~[na:na]
	at org.springframework.web.method.support.InvocableHandlerMethod.doInvoke(InvocableHandlerMethod.java:258) ~[spring-web-6.2.6.jar:6.2.6]
	at org.springframework.web.method.support.InvocableHandlerMethod.invokeForRequest(InvocableHandlerMethod.java:191) ~[spring-web-6.2.6.jar:6.2.6]
	at org.springframework.web.servlet.mvc.method.annotation.ServletInvocableHandlerMethod.invokeAndHandle(ServletInvocableHandlerMethod.java:118) ~[spring-webmvc-6.2.6.jar:6.2.6]
	at org.springframework.web.servlet.mvc.method.annotation.RequestMappingHandlerAdapter.invokeHandlerMethod(RequestMappingHandlerAdapter.java:986) ~[spring-webmvc-6.2.6.jar:6.2.6]
	at org.springframework.web.servlet.mvc.method.annotation.RequestMappingHandlerAdapter.handleInternal(RequestMappingHandlerAdapter.java:891) ~[spring-webmvc-6.2.6.jar:6.2.6]
	at org.springframework.web.servlet.mvc.method.AbstractHandlerMethodAdapter.handle(AbstractHandlerMethodAdapter.java:87) ~[spring-webmvc-6.2.6.jar:6.2.6]
	at org.springframework.web.servlet.DispatcherServlet.doDispatch(DispatcherServlet.java:1089) ~[spring-webmvc-6.2.6.jar:6.2.6]
	at org.springframework.web.servlet.DispatcherServlet.doService(DispatcherServlet.java:979) ~[spring-webmvc-6.2.6.jar:6.2.6]
	at org.springframework.web.servlet.FrameworkServlet.processRequest(FrameworkServlet.java:1014) ~[spring-webmvc-6.2.6.jar:6.2.6]
	at org.springframework.web.servlet.FrameworkServlet.doPost(FrameworkServlet.java:914) ~[spring-webmvc-6.2.6.jar:6.2.6]
	at jakarta.servlet.http.HttpServlet.service(HttpServlet.java:590) ~[tomcat-embed-core-10.1.40.jar:6.0]
	at org.springframework.web.servlet.FrameworkServlet.service(FrameworkServlet.java:885) ~[spring-webmvc-6.2.6.jar:6.2.6]
	at jakarta.servlet.http.HttpServlet.service(HttpServlet.java:658) ~[tomcat-embed-core-10.1.40.jar:6.0]
	at org.apache.catalina.core.ApplicationFilterChain.internalDoFilter(ApplicationFilterChain.java:195) ~[tomcat-embed-core-10.1.40.jar:10.1.40]
	at org.apache.catalina.core.ApplicationFilterChain.doFilter(ApplicationFilterChain.java:140) ~[tomcat-embed-core-10.1.40.jar:10.1.40]
	at org.apache.tomcat.websocket.server.WsFilter.doFilter(WsFilter.java:51) ~[tomcat-embed-websocket-10.1.40.jar:10.1.40]
	at org.apache.catalina.core.ApplicationFilterChain.internalDoFilter(ApplicationFilterChain.java:164) ~[tomcat-embed-core-10.1.40.jar:10.1.40]
	at org.apache.catalina.core.ApplicationFilterChain.doFilter(ApplicationFilterChain.java:140) ~[tomcat-embed-core-10.1.40.jar:10.1.40]
	at org.springframework.web.filter.CompositeFilter$VirtualFilterChain.doFilter(CompositeFilter.java:108) ~[spring-web-6.2.6.jar:6.2.6]
	at org.springframework.security.web.FilterChainProxy.lambda$doFilterInternal$3(FilterChainProxy.java:231) ~[spring-security-web-6.4.5.jar:6.4.5]
	at org.springframework.security.web.ObservationFilterChainDecorator$FilterObservation$SimpleFilterObservation.lambda$wrap$1(ObservationFilterChainDecorator.java:479) ~[spring-security-web-6.4.5.jar:6.4.5]
	at org.springframework.security.web.ObservationFilterChainDecorator$AroundFilterObservation$SimpleAroundFilterObservation.lambda$wrap$1(ObservationFilterChainDecorator.java:340) ~[spring-security-web-6.4.5.jar:6.4.5]
	at org.springframework.security.web.ObservationFilterChainDecorator.lambda$wrapSecured$0(ObservationFilterChainDecorator.java:82) ~[spring-security-web-6.4.5.jar:6.4.5]
	at org.springframework.security.web.ObservationFilterChainDecorator$VirtualFilterChain.doFilter(ObservationFilterChainDecorator.java:128) ~[spring-security-web-6.4.5.jar:6.4.5]
	at org.springframework.security.web.access.intercept.AuthorizationFilter.doFilter(AuthorizationFilter.java:101) ~[spring-security-web-6.4.5.jar:6.4.5]
	at org.springframework.security.web.ObservationFilterChainDecorator$ObservationFilter.wrapFilter(ObservationFilterChainDecorator.java:240) ~[spring-security-web-6.4.5.jar:6.4.5]
	at org.springframework.security.web.ObservationFilterChainDecorator$ObservationFilter.doFilter(ObservationFilterChainDecorator.java:227) ~[spring-security-web-6.4.5.jar:6.4.5]
	at org.springframework.security.web.ObservationFilterChainDecorator$VirtualFilterChain.doFilter(ObservationFilterChainDecorator.java:137) ~[spring-security-web-6.4.5.jar:6.4.5]
	at org.springframework.security.web.access.ExceptionTranslationFilter.doFilter(ExceptionTranslationFilter.java:126) ~[spring-security-web-6.4.5.jar:6.4.5]
	at org.springframework.security.web.access.ExceptionTranslationFilter.doFilter(ExceptionTranslationFilter.java:120) ~[spring-security-web-6.4.5.jar:6.4.5]
	at org.springframework.security.web.ObservationFilterChainDecorator$ObservationFilter.wrapFilter(ObservationFilterChainDecorator.java:240) ~[spring-security-web-6.4.5.jar:6.4.5]
	at org.springframework.security.web.ObservationFilterChainDecorator$ObservationFilter.doFilter(ObservationFilterChainDecorator.java:227) ~[spring-security-web-6.4.5.jar:6.4.5]
	at org.springframework.security.web.ObservationFilterChainDecorator$VirtualFilterChain.doFilter(ObservationFilterChainDecorator.java:137) ~[spring-security-web-6.4.5.jar:6.4.5]
	at org.springframework.security.web.authentication.AnonymousAuthenticationFilter.doFilter(AnonymousAuthenticationFilter.java:100) ~[spring-security-web-6.4.5.jar:6.4.5]
	at org.springframework.security.web.ObservationFilterChainDecorator$ObservationFilter.wrapFilter(ObservationFilterChainDecorator.java:240) ~[spring-security-web-6.4.5.jar:6.4.5]
	at org.springframework.security.web.ObservationFilterChainDecorator$ObservationFilter.doFilter(ObservationFilterChainDecorator.java:227) ~[spring-security-web-6.4.5.jar:6.4.5]
	at org.springframework.security.web.ObservationFilterChainDecorator$VirtualFilterChain.doFilter(ObservationFilterChainDecorator.java:137) ~[spring-security-web-6.4.5.jar:6.4.5]
	at org.springframework.security.web.servletapi.SecurityContextHolderAwareRequestFilter.doFilter(SecurityContextHolderAwareRequestFilter.java:179) ~[spring-security-web-6.4.5.jar:6.4.5]
	at org.springframework.security.web.ObservationFilterChainDecorator$ObservationFilter.wrapFilter(ObservationFilterChainDecorator.java:240) ~[spring-security-web-6.4.5.jar:6.4.5]
	at org.springframework.security.web.ObservationFilterChainDecorator$ObservationFilter.doFilter(ObservationFilterChainDecorator.java:227) ~[spring-security-web-6.4.5.jar:6.4.5]
	at org.springframework.security.web.ObservationFilterChainDecorator$VirtualFilterChain.doFilter(ObservationFilterChainDecorator.java:137) ~[spring-security-web-6.4.5.jar:6.4.5]
	at org.springframework.security.web.savedrequest.RequestCacheAwareFilter.doFilter(RequestCacheAwareFilter.java:63) ~[spring-security-web-6.4.5.jar:6.4.5]
	at org.springframework.security.web.ObservationFilterChainDecorator$ObservationFilter.wrapFilter(ObservationFilterChainDecorator.java:240) ~[spring-security-web-6.4.5.jar:6.4.5]
	at org.springframework.security.web.ObservationFilterChainDecorator$ObservationFilter.doFilter(ObservationFilterChainDecorator.java:227) ~[spring-security-web-6.4.5.jar:6.4.5]
	at org.springframework.security.web.ObservationFilterChainDecorator$VirtualFilterChain.doFilter(ObservationFilterChainDecorator.java:137) ~[spring-security-web-6.4.5.jar:6.4.5]
	at org.springframework.security.web.authentication.logout.LogoutFilter.doFilter(LogoutFilter.java:107) ~[spring-security-web-6.4.5.jar:6.4.5]
	at org.springframework.security.web.authentication.logout.LogoutFilter.doFilter(LogoutFilter.java:93) ~[spring-security-web-6.4.5.jar:6.4.5]
	at org.springframework.security.web.ObservationFilterChainDecorator$ObservationFilter.wrapFilter(ObservationFilterChainDecorator.java:240) ~[spring-security-web-6.4.5.jar:6.4.5]
	at org.springframework.security.web.ObservationFilterChainDecorator$ObservationFilter.doFilter(ObservationFilterChainDecorator.java:227) ~[spring-security-web-6.4.5.jar:6.4.5]
	at org.springframework.security.web.ObservationFilterChainDecorator$VirtualFilterChain.doFilter(ObservationFilterChainDecorator.java:137) ~[spring-security-web-6.4.5.jar:6.4.5]
	at org.springframework.security.web.header.HeaderWriterFilter.doHeadersAfter(HeaderWriterFilter.java:90) ~[spring-security-web-6.4.5.jar:6.4.5]
	at org.springframework.security.web.header.HeaderWriterFilter.doFilterInternal(HeaderWriterFilter.java:75) ~[spring-security-web-6.4.5.jar:6.4.5]
	at org.springframework.web.filter.OncePerRequestFilter.doFilter(OncePerRequestFilter.java:116) ~[spring-web-6.2.6.jar:6.2.6]
	at org.springframework.security.web.ObservationFilterChainDecorator$ObservationFilter.wrapFilter(ObservationFilterChainDecorator.java:240) ~[spring-security-web-6.4.5.jar:6.4.5]
	at org.springframework.security.web.ObservationFilterChainDecorator$ObservationFilter.doFilter(ObservationFilterChainDecorator.java:227) ~[spring-security-web-6.4.5.jar:6.4.5]
	at org.springframework.security.web.ObservationFilterChainDecorator$VirtualFilterChain.doFilter(ObservationFilterChainDecorator.java:137) ~[spring-security-web-6.4.5.jar:6.4.5]
	at org.springframework.security.web.context.SecurityContextHolderFilter.doFilter(SecurityContextHolderFilter.java:82) ~[spring-security-web-6.4.5.jar:6.4.5]
	at org.springframework.security.web.context.SecurityContextHolderFilter.doFilter(SecurityContextHolderFilter.java:69) ~[spring-security-web-6.4.5.jar:6.4.5]
	at org.springframework.security.web.ObservationFilterChainDecorator$ObservationFilter.wrapFilter(ObservationFilterChainDecorator.java:240) ~[spring-security-web-6.4.5.jar:6.4.5]
	at org.springframework.security.web.ObservationFilterChainDecorator$ObservationFilter.doFilter(ObservationFilterChainDecorator.java:227) ~[spring-security-web-6.4.5.jar:6.4.5]
	at org.springframework.security.web.ObservationFilterChainDecorator$VirtualFilterChain.doFilter(ObservationFilterChainDecorator.java:137) ~[spring-security-web-6.4.5.jar:6.4.5]
	at org.springframework.security.web.context.request.async.WebAsyncManagerIntegrationFilter.doFilterInternal(WebAsyncManagerIntegrationFilter.java:62) ~[spring-security-web-6.4.5.jar:6.4.5]
	at org.springframework.web.filter.OncePerRequestFilter.doFilter(OncePerRequestFilter.java:116) ~[spring-web-6.2.6.jar:6.2.6]
	at org.springframework.security.web.ObservationFilterChainDecorator$ObservationFilter.wrapFilter(ObservationFilterChainDecorator.java:240) ~[spring-security-web-6.4.5.jar:6.4.5]
	at org.springframework.security.web.ObservationFilterChainDecorator$ObservationFilter.doFilter(ObservationFilterChainDecorator.java:227) ~[spring-security-web-6.4.5.jar:6.4.5]
	at org.springframework.security.web.ObservationFilterChainDecorator$VirtualFilterChain.doFilter(ObservationFilterChainDecorator.java:137) ~[spring-security-web-6.4.5.jar:6.4.5]
	at org.springframework.security.web.session.DisableEncodeUrlFilter.doFilterInternal(DisableEncodeUrlFilter.java:42) ~[spring-security-web-6.4.5.jar:6.4.5]
	at org.springframework.web.filter.OncePerRequestFilter.doFilter(OncePerRequestFilter.java:116) ~[spring-web-6.2.6.jar:6.2.6]
	at org.springframework.security.web.ObservationFilterChainDecorator$ObservationFilter.wrapFilter(ObservationFilterChainDecorator.java:240) ~[spring-security-web-6.4.5.jar:6.4.5]
	at org.springframework.security.web.ObservationFilterChainDecorator$AroundFilterObservation$SimpleAroundFilterObservation.lambda$wrap$0(ObservationFilterChainDecorator.java:323) ~[spring-security-web-6.4.5.jar:6.4.5]
	at org.springframework.security.web.ObservationFilterChainDecorator$ObservationFilter.doFilter(ObservationFilterChainDecorator.java:224) ~[spring-security-web-6.4.5.jar:6.4.5]
	at org.springframework.security.web.ObservationFilterChainDecorator$VirtualFilterChain.doFilter(ObservationFilterChainDecorator.java:137) ~[spring-security-web-6.4.5.jar:6.4.5]
	at org.springframework.security.web.FilterChainProxy.doFilterInternal(FilterChainProxy.java:233) ~[spring-security-web-6.4.5.jar:6.4.5]
	at org.springframework.security.web.FilterChainProxy.doFilter(FilterChainProxy.java:191) ~[spring-security-web-6.4.5.jar:6.4.5]
	at org.springframework.web.filter.CompositeFilter$VirtualFilterChain.doFilter(CompositeFilter.java:113) ~[spring-web-6.2.6.jar:6.2.6]
	at org.springframework.web.servlet.handler.HandlerMappingIntrospector.lambda$createCacheFilter$3(HandlerMappingIntrospector.java:243) ~[spring-webmvc-6.2.6.jar:6.2.6]
	at org.springframework.web.filter.CompositeFilter$VirtualFilterChain.doFilter(CompositeFilter.java:113) ~[spring-web-6.2.6.jar:6.2.6]
	at org.springframework.web.filter.CompositeFilter.doFilter(CompositeFilter.java:74) ~[spring-web-6.2.6.jar:6.2.6]
	at org.springframework.security.config.annotation.web.configuration.WebMvcSecurityConfiguration$CompositeFilterChainProxy.doFilter(WebMvcSecurityConfiguration.java:238) ~[spring-security-config-6.4.5.jar:6.4.5]
	at org.springframework.web.filter.DelegatingFilterProxy.invokeDelegate(DelegatingFilterProxy.java:362) ~[spring-web-6.2.6.jar:6.2.6]
	at org.springframework.web.filter.DelegatingFilterProxy.doFilter(DelegatingFilterProxy.java:278) ~[spring-web-6.2.6.jar:6.2.6]
	at org.apache.catalina.core.ApplicationFilterChain.internalDoFilter(ApplicationFilterChain.java:164) ~[tomcat-embed-core-10.1.40.jar:10.1.40]
	at org.apache.catalina.core.ApplicationFilterChain.doFilter(ApplicationFilterChain.java:140) ~[tomcat-embed-core-10.1.40.jar:10.1.40]
	at org.springframework.web.filter.RequestContextFilter.doFilterInternal(RequestContextFilter.java:100) ~[spring-web-6.2.6.jar:6.2.6]
	at org.springframework.web.filter.OncePerRequestFilter.doFilter(OncePerRequestFilter.java:116) ~[spring-web-6.2.6.jar:6.2.6]
	at org.apache.catalina.core.ApplicationFilterChain.internalDoFilter(ApplicationFilterChain.java:164) ~[tomcat-embed-core-10.1.40.jar:10.1.40]
	at org.apache.catalina.core.ApplicationFilterChain.doFilter(ApplicationFilterChain.java:140) ~[tomcat-embed-core-10.1.40.jar:10.1.40]
	at org.springframework.web.filter.FormContentFilter.doFilterInternal(FormContentFilter.java:93) ~[spring-web-6.2.6.jar:6.2.6]
	at org.springframework.web.filter.OncePerRequestFilter.doFilter(OncePerRequestFilter.java:116) ~[spring-web-6.2.6.jar:6.2.6]
	at org.apache.catalina.core.ApplicationFilterChain.internalDoFilter(ApplicationFilterChain.java:164) ~[tomcat-embed-core-10.1.40.jar:10.1.40]
	at org.apache.catalina.core.ApplicationFilterChain.doFilter(ApplicationFilterChain.java:140) ~[tomcat-embed-core-10.1.40.jar:10.1.40]
	at org.springframework.web.filter.ServerHttpObservationFilter.doFilterInternal(ServerHttpObservationFilter.java:114) ~[spring-web-6.2.6.jar:6.2.6]
	at org.springframework.web.filter.OncePerRequestFilter.doFilter(OncePerRequestFilter.java:116) ~[spring-web-6.2.6.jar:6.2.6]
	at org.apache.catalina.core.ApplicationFilterChain.internalDoFilter(ApplicationFilterChain.java:164) ~[tomcat-embed-core-10.1.40.jar:10.1.40]
	at org.apache.catalina.core.ApplicationFilterChain.doFilter(ApplicationFilterChain.java:140) ~[tomcat-embed-core-10.1.40.jar:10.1.40]
	at org.springframework.web.filter.CharacterEncodingFilter.doFilterInternal(CharacterEncodingFilter.java:201) ~[spring-web-6.2.6.jar:6.2.6]
	at org.springframework.web.filter.OncePerRequestFilter.doFilter(OncePerRequestFilter.java:116) ~[spring-web-6.2.6.jar:6.2.6]
	at org.apache.catalina.core.ApplicationFilterChain.internalDoFilter(ApplicationFilterChain.java:164) ~[tomcat-embed-core-10.1.40.jar:10.1.40]
	at org.apache.catalina.core.ApplicationFilterChain.doFilter(ApplicationFilterChain.java:140) ~[tomcat-embed-core-10.1.40.jar:10.1.40]
	at org.apache.catalina.core.StandardWrapperValve.invoke(StandardWrapperValve.java:167) ~[tomcat-embed-core-10.1.40.jar:10.1.40]
	at org.apache.catalina.core.StandardContextValve.invoke(StandardContextValve.java:90) ~[tomcat-embed-core-10.1.40.jar:10.1.40]
	at org.apache.catalina.authenticator.AuthenticatorBase.invoke(AuthenticatorBase.java:483) ~[tomcat-embed-core-10.1.40.jar:10.1.40]
	at org.apache.catalina.core.StandardHostValve.invoke(StandardHostValve.java:116) ~[tomcat-embed-core-10.1.40.jar:10.1.40]
	at org.apache.catalina.valves.ErrorReportValve.invoke(ErrorReportValve.java:93) ~[tomcat-embed-core-10.1.40.jar:10.1.40]
	at org.apache.catalina.core.StandardEngineValve.invoke(StandardEngineValve.java:74) ~[tomcat-embed-core-10.1.40.jar:10.1.40]
	at org.apache.catalina.connector.CoyoteAdapter.service(CoyoteAdapter.java:344) ~[tomcat-embed-core-10.1.40.jar:10.1.40]
	at org.apache.coyote.http11.Http11Processor.service(Http11Processor.java:398) ~[tomcat-embed-core-10.1.40.jar:10.1.40]
	at org.apache.coyote.AbstractProcessorLight.process(AbstractProcessorLight.java:63) ~[tomcat-embed-core-10.1.40.jar:10.1.40]
	at org.apache.coyote.AbstractProtocol$ConnectionHandler.process(AbstractProtocol.java:903) ~[tomcat-embed-core-10.1.40.jar:10.1.40]
	at org.apache.tomcat.util.net.NioEndpoint$SocketProcessor.doRun(NioEndpoint.java:1740) ~[tomcat-embed-core-10.1.40.jar:10.1.40]
	at org.apache.tomcat.util.net.SocketProcessorBase.run(SocketProcessorBase.java:52) ~[tomcat-embed-core-10.1.40.jar:10.1.40]
	at org.apache.tomcat.util.threads.ThreadPoolExecutor.runWorker(ThreadPoolExecutor.java:1189) ~[tomcat-embed-core-10.1.40.jar:10.1.40]
	at org.apache.tomcat.util.threads.ThreadPoolExecutor$Worker.run(ThreadPoolExecutor.java:658) ~[tomcat-embed-core-10.1.40.jar:10.1.40]
	at org.apache.tomcat.util.threads.TaskThread$WrappingRunnable.run(TaskThread.java:63) ~[tomcat-embed-core-10.1.40.jar:10.1.40]
	at java.base/java.lang.Thread.run(Thread.java:842) ~[na:na]
Caused by: org.springframework.dao.DataAccessResourceFailureException: Unable to acquire JDBC Connection [HikariPool-1 - Connection is not available, request timed out after 30016ms (total=0, active=0, idle=0, waiting=0)] [n/a]
	at org.springframework.orm.jpa.vendor.HibernateJpaDialect.convertHibernateAccessException(HibernateJpaDialect.java:278) ~[spring-orm-6.2.6.jar:6.2.6]
	at org.springframework.orm.jpa.vendor.HibernateJpaDialect.convertHibernateAccessException(HibernateJpaDialect.java:256) ~[spring-orm-6.2.6.jar:6.2.6]
	at org.springframework.orm.jpa.vendor.HibernateJpaDialect.translateExceptionIfPossible(HibernateJpaDialect.java:241) ~[spring-orm-6.2.6.jar:6.2.6]
	at org.springframework.orm.jpa.AbstractEntityManagerFactoryBean.translateExceptionIfPossible(AbstractEntityManagerFactoryBean.java:560) ~[spring-orm-6.2.6.jar:6.2.6]
	at org.springframework.dao.support.ChainedPersistenceExceptionTranslator.translateExceptionIfPossible(ChainedPersistenceExceptionTranslator.java:61) ~[spring-tx-6.2.6.jar:6.2.6]
	at org.springframework.dao.support.DataAccessUtils.translateIfNecessary(DataAccessUtils.java:343) ~[spring-tx-6.2.6.jar:6.2.6]
	at org.springframework.dao.support.PersistenceExceptionTranslationInterceptor.invoke(PersistenceExceptionTranslationInterceptor.java:160) ~[spring-tx-6.2.6.jar:6.2.6]
	at org.springframework.aop.framework.ReflectiveMethodInvocation.proceed(ReflectiveMethodInvocation.java:184) ~[spring-aop-6.2.6.jar:6.2.6]
	at org.springframework.data.jpa.repository.support.CrudMethodMetadataPostProcessor$CrudMethodMetadataPopulatingMethodInterceptor.invoke(CrudMethodMetadataPostProcessor.java:136) ~[spring-data-jpa-3.4.5.jar:3.4.5]
	at org.springframework.aop.framework.ReflectiveMethodInvocation.proceed(ReflectiveMethodInvocation.java:184) ~[spring-aop-6.2.6.jar:6.2.6]
	at org.springframework.aop.framework.JdkDynamicAopProxy.invoke(JdkDynamicAopProxy.java:223) ~[spring-aop-6.2.6.jar:6.2.6]
	at jdk.proxy4/jdk.proxy4.$Proxy180.findByCorreo(Unknown Source) ~[na:na]
	at org.proyecto.nvidiacorp.base.controller.services.UsuarioServices.getPersonaLogueada(UsuarioServices.java:214) ~[classes/:na]
	... 126 common frames omitted
Caused by: org.hibernate.exception.JDBCConnectionException: Unable to acquire JDBC Connection [HikariPool-1 - Connection is not available, request timed out after 30016ms (total=0, active=0, idle=0, waiting=0)] [n/a]
	at org.hibernate.exception.internal.SQLExceptionTypeDelegate.convert(SQLExceptionTypeDelegate.java:51) ~[hibernate-core-6.6.13.Final.jar:6.6.13.Final]
	at org.hibernate.exception.internal.StandardSQLExceptionConverter.convert(StandardSQLExceptionConverter.java:58) ~[hibernate-core-6.6.13.Final.jar:6.6.13.Final]
	at org.hibernate.engine.jdbc.spi.SqlExceptionHelper.convert(SqlExceptionHelper.java:108) ~[hibernate-core-6.6.13.Final.jar:6.6.13.Final]
	at org.hibernate.engine.jdbc.spi.SqlExceptionHelper.convert(SqlExceptionHelper.java:94) ~[hibernate-core-6.6.13.Final.jar:6.6.13.Final]
	at org.hibernate.resource.jdbc.internal.LogicalConnectionManagedImpl.acquireConnectionIfNeeded(LogicalConnectionManagedImpl.java:129) ~[hibernate-core-6.6.13.Final.jar:6.6.13.Final]
	at org.hibernate.resource.jdbc.internal.LogicalConnectionManagedImpl.getPhysicalConnection(LogicalConnectionManagedImpl.java:156) ~[hibernate-core-6.6.13.Final.jar:6.6.13.Final]
	at org.hibernate.engine.jdbc.internal.StatementPreparerImpl.connection(StatementPreparerImpl.java:56) ~[hibernate-core-6.6.13.Final.jar:6.6.13.Final]
	at org.hibernate.engine.jdbc.internal.StatementPreparerImpl$4.doPrepare(StatementPreparerImpl.java:151) ~[hibernate-core-6.6.13.Final.jar:6.6.13.Final]
	at org.hibernate.engine.jdbc.internal.StatementPreparerImpl$StatementPreparationTemplate.prepareStatement(StatementPreparerImpl.java:180) ~[hibernate-core-6.6.13.Final.jar:6.6.13.Final]
	at org.hibernate.engine.jdbc.internal.StatementPreparerImpl.prepareQueryStatement(StatementPreparerImpl.java:153) ~[hibernate-core-6.6.13.Final.jar:6.6.13.Final]
	at org.hibernate.sql.exec.internal.StandardStatementCreator.createStatement(StandardStatementCreator.java:49) ~[hibernate-core-6.6.13.Final.jar:6.6.13.Final]
	at org.hibernate.sql.results.jdbc.internal.DeferredResultSetAccess.executeQuery(DeferredResultSetAccess.java:235) ~[hibernate-core-6.6.13.Final.jar:6.6.13.Final]
	at org.hibernate.sql.results.jdbc.internal.DeferredResultSetAccess.getResultSet(DeferredResultSetAccess.java:171) ~[hibernate-core-6.6.13.Final.jar:6.6.13.Final]
	at org.hibernate.sql.results.jdbc.internal.JdbcValuesResultSetImpl.<init>(JdbcValuesResultSetImpl.java:74) ~[hibernate-core-6.6.13.Final.jar:6.6.13.Final]
	at org.hibernate.sql.exec.internal.JdbcSelectExecutorStandardImpl.resolveJdbcValuesSource(JdbcSelectExecutorStandardImpl.java:355) ~[hibernate-core-6.6.13.Final.jar:6.6.13.Final]
	at org.hibernate.sql.exec.internal.JdbcSelectExecutorStandardImpl.doExecuteQuery(JdbcSelectExecutorStandardImpl.java:137) ~[hibernate-core-6.6.13.Final.jar:6.6.13.Final]
	at org.hibernate.sql.exec.internal.JdbcSelectExecutorStandardImpl.executeQuery(JdbcSelectExecutorStandardImpl.java:102) ~[hibernate-core-6.6.13.Final.jar:6.6.13.Final]
	at org.hibernate.sql.exec.spi.JdbcSelectExecutor.executeQuery(JdbcSelectExecutor.java:91) ~[hibernate-core-6.6.13.Final.jar:6.6.13.Final]
	at org.hibernate.sql.exec.spi.JdbcSelectExecutor.list(JdbcSelectExecutor.java:165) ~[hibernate-core-6.6.13.Final.jar:6.6.13.Final]
	at org.hibernate.query.sqm.internal.ConcreteSqmSelectQueryPlan.lambda$new$1(ConcreteSqmSelectQueryPlan.java:152) ~[hibernate-core-6.6.13.Final.jar:6.6.13.Final]
	at org.hibernate.query.sqm.internal.ConcreteSqmSelectQueryPlan.withCacheableSqmInterpretation(ConcreteSqmSelectQueryPlan.java:442) ~[hibernate-core-6.6.13.Final.jar:6.6.13.Final]
	at org.hibernate.query.sqm.internal.ConcreteSqmSelectQueryPlan.performList(ConcreteSqmSelectQueryPlan.java:362) ~[hibernate-core-6.6.13.Final.jar:6.6.13.Final]
	at org.hibernate.query.sqm.internal.QuerySqmImpl.doList(QuerySqmImpl.java:380) ~[hibernate-core-6.6.13.Final.jar:6.6.13.Final]
	at org.hibernate.query.spi.AbstractSelectionQuery.list(AbstractSelectionQuery.java:143) ~[hibernate-core-6.6.13.Final.jar:6.6.13.Final]
	at org.hibernate.query.spi.AbstractSelectionQuery.getSingleResult(AbstractSelectionQuery.java:275) ~[hibernate-core-6.6.13.Final.jar:6.6.13.Final]
	at java.base/jdk.internal.reflect.NativeMethodAccessorImpl.invoke0(Native Method) ~[na:na]
	at java.base/jdk.internal.reflect.NativeMethodAccessorImpl.invoke(NativeMethodAccessorImpl.java:77) ~[na:na]
	at java.base/jdk.internal.reflect.DelegatingMethodAccessorImpl.invoke(DelegatingMethodAccessorImpl.java:43) ~[na:na]
	at java.base/java.lang.reflect.Method.invoke(Method.java:568) ~[na:na]
	at org.springframework.orm.jpa.SharedEntityManagerCreator$DeferredQueryInvocationHandler.invoke(SharedEntityManagerCreator.java:419) ~[spring-orm-6.2.6.jar:6.2.6]
	at jdk.proxy4/jdk.proxy4.$Proxy213.getSingleResult(Unknown Source) ~[na:na]
	at org.springframework.data.jpa.repository.query.JpaQueryExecution$SingleEntityExecution.doExecute(JpaQueryExecution.java:224) ~[spring-data-jpa-3.4.5.jar:3.4.5]
	at org.springframework.data.jpa.repository.query.JpaQueryExecution.execute(JpaQueryExecution.java:93) ~[spring-data-jpa-3.4.5.jar:3.4.5]
	at org.springframework.data.jpa.repository.query.AbstractJpaQuery.doExecute(AbstractJpaQuery.java:152) ~[spring-data-jpa-3.4.5.jar:3.4.5]
	at org.springframework.data.jpa.repository.query.AbstractJpaQuery.execute(AbstractJpaQuery.java:140) ~[spring-data-jpa-3.4.5.jar:3.4.5]
	at org.springframework.data.repository.core.support.RepositoryMethodInvoker.doInvoke(RepositoryMethodInvoker.java:170) ~[spring-data-commons-3.4.5.jar:3.4.5]
	at org.springframework.data.repository.core.support.RepositoryMethodInvoker.invoke(RepositoryMethodInvoker.java:158) ~[spring-data-commons-3.4.5.jar:3.4.5]
	at org.springframework.data.repository.core.support.QueryExecutorMethodInterceptor.doInvoke(QueryExecutorMethodInterceptor.java:170) ~[spring-data-commons-3.4.5.jar:3.4.5]
	at org.springframework.data.repository.core.support.QueryExecutorMethodInterceptor.invoke(QueryExecutorMethodInterceptor.java:149) ~[spring-data-commons-3.4.5.jar:3.4.5]
	at org.springframework.aop.framework.ReflectiveMethodInvocation.proceed(ReflectiveMethodInvocation.java:184) ~[spring-aop-6.2.6.jar:6.2.6]
	at org.springframework.data.projection.DefaultMethodInvokingMethodInterceptor.invoke(DefaultMethodInvokingMethodInterceptor.java:69) ~[spring-data-commons-3.4.5.jar:3.4.5]
	at org.springframework.aop.framework.ReflectiveMethodInvocation.proceed(ReflectiveMethodInvocation.java:184) ~[spring-aop-6.2.6.jar:6.2.6]
	at org.springframework.transaction.interceptor.TransactionAspectSupport.invokeWithinTransaction(TransactionAspectSupport.java:380) ~[spring-tx-6.2.6.jar:6.2.6]
	at org.springframework.transaction.interceptor.TransactionInterceptor.invoke(TransactionInterceptor.java:119) ~[spring-tx-6.2.6.jar:6.2.6]
	at org.springframework.aop.framework.ReflectiveMethodInvocation.proceed(ReflectiveMethodInvocation.java:184) ~[spring-aop-6.2.6.jar:6.2.6]
	at org.springframework.dao.support.PersistenceExceptionTranslationInterceptor.invoke(PersistenceExceptionTranslationInterceptor.java:138) ~[spring-tx-6.2.6.jar:6.2.6]
	... 132 common frames omitted
Caused by: java.sql.SQLTransientConnectionException: HikariPool-1 - Connection is not available, request timed out after 30016ms (total=0, active=0, idle=0, waiting=0)
	at com.zaxxer.hikari.pool.HikariPool.createTimeoutException(HikariPool.java:686) ~[HikariCP-5.1.0.jar:na]
	at com.zaxxer.hikari.pool.HikariPool.getConnection(HikariPool.java:179) ~[HikariCP-5.1.0.jar:na]
	at com.zaxxer.hikari.pool.HikariPool.getConnection(HikariPool.java:144) ~[HikariCP-5.1.0.jar:na]
	at com.zaxxer.hikari.HikariDataSource.getConnection(HikariDataSource.java:127) ~[HikariCP-5.1.0.jar:na]
	at org.hibernate.engine.jdbc.connections.internal.DatasourceConnectionProviderImpl.getConnection(DatasourceConnectionProviderImpl.java:126) ~[hibernate-core-6.6.13.Final.jar:6.6.13.Final]
	at org.hibernate.internal.NonContextualJdbcConnectionAccess.obtainConnection(NonContextualJdbcConnectionAccess.java:46) ~[hibernate-core-6.6.13.Final.jar:6.6.13.Final]
	at org.hibernate.resource.jdbc.internal.LogicalConnectionManagedImpl.acquireConnectionIfNeeded(LogicalConnectionManagedImpl.java:126) ~[hibernate-core-6.6.13.Final.jar:6.6.13.Final]
	... 173 common frames omitted
Caused by: java.sql.SQLNonTransientConnectionException: Socket fail to connect to address=(host=10.20.141.152)(port=3306)(type=primary). Connection timed out: no further information
	at org.mariadb.jdbc.client.impl.ConnectionHelper.connectSocket(ConnectionHelper.java:122) ~[mariadb-java-client-3.4.2.jar:na]
	at org.mariadb.jdbc.client.impl.StandardClient.<init>(StandardClient.java:129) ~[mariadb-java-client-3.4.2.jar:na]
	at org.mariadb.jdbc.Driver.connect(Driver.java:68) ~[mariadb-java-client-3.4.2.jar:na]
	at org.mariadb.jdbc.Driver.connect(Driver.java:92) ~[mariadb-java-client-3.4.2.jar:na]
	at org.mariadb.jdbc.Driver.connect(Driver.java:26) ~[mariadb-java-client-3.4.2.jar:na]
	at com.zaxxer.hikari.util.DriverDataSource.getConnection(DriverDataSource.java:137) ~[HikariCP-5.1.0.jar:na]
	at com.zaxxer.hikari.pool.PoolBase.newConnection(PoolBase.java:360) ~[HikariCP-5.1.0.jar:na]
	at com.zaxxer.hikari.pool.PoolBase.newPoolEntry(PoolBase.java:202) ~[HikariCP-5.1.0.jar:na]
	at com.zaxxer.hikari.pool.HikariPool.createPoolEntry(HikariPool.java:461) ~[HikariCP-5.1.0.jar:na]
	at com.zaxxer.hikari.pool.HikariPool$PoolEntryCreator.call(HikariPool.java:724) ~[HikariCP-5.1.0.jar:na]
	at com.zaxxer.hikari.pool.HikariPool$PoolEntryCreator.call(HikariPool.java:703) ~[HikariCP-5.1.0.jar:na]
	at java.base/java.util.concurrent.FutureTask.run(FutureTask.java:264) ~[na:na]
	at java.base/java.util.concurrent.ThreadPoolExecutor.runWorker(ThreadPoolExecutor.java:1136) ~[na:na]
	at java.base/java.util.concurrent.ThreadPoolExecutor$Worker.run(ThreadPoolExecutor.java:635) ~[na:na]
	... 1 common frames omitted
Caused by: java.net.ConnectException: Connection timed out: no further information
	at java.base/sun.nio.ch.Net.pollConnect(Native Method) ~[na:na]
	at java.base/sun.nio.ch.Net.pollConnectNow(Net.java:672) ~[na:na]
	at java.base/sun.nio.ch.NioSocketImpl.timedFinishConnect(NioSocketImpl.java:554) ~[na:na]
	at java.base/sun.nio.ch.NioSocketImpl.connect(NioSocketImpl.java:602) ~[na:na]
	at java.base/java.net.SocksSocketImpl.connect(SocksSocketImpl.java:327) ~[na:na]
	at java.base/java.net.Socket.connect(Socket.java:633) ~[na:na]
	at org.mariadb.jdbc.client.impl.ConnectionHelper.connectSocket(ConnectionHelper.java:116) ~[mariadb-java-client-3.4.2.jar:na]
	... 14 common frames omitted

2026-01-29T11:27:26.081-05:00  WARN 7564 --- [HikariPool-1 housekeeper] com.zaxxer.hikari.pool.HikariPool        : HikariPool-1 - Thread starvation or clock leap detected (housekeeper delta=12m1s391ms954µs600ns).
2026-01-29T11:27:33.378-05:00  WARN 7564 --- [http-nio-8080-exec-4] o.h.engine.jdbc.spi.SqlExceptionHelper   : SQL Error: 0, SQLState: 08000
2026-01-29T11:27:33.379-05:00 ERROR 7564 --- [http-nio-8080-exec-4] o.h.engine.jdbc.spi.SqlExceptionHelper   : HikariPool-1 - Connection is not available, request timed out after 30000ms (total=0, active=0, idle=0, waiting=0)
2026-01-29T11:27:33.379-05:00 ERROR 7564 --- [http-nio-8080-exec-4] o.h.engine.jdbc.spi.SqlExceptionHelper   : Socket fail to connect to address=(host=10.20.141.152)(port=3306)(type=primary). Connection timed out: no further information
2026-01-29T11:27:33.379-05:00 ERROR 7564 --- [http-nio-8080-exec-4] com.vaadin.hilla.EndpointInvoker         : Endpoint 'UsuarioServices' method 'getPersonaLogueada' execution failure

java.lang.reflect.InvocationTargetException: null
	at java.base/jdk.internal.reflect.NativeMethodAccessorImpl.invoke0(Native Method) ~[na:na]
	at java.base/jdk.internal.reflect.NativeMethodAccessorImpl.invoke(NativeMethodAccessorImpl.java:77) ~[na:na]
	at java.base/jdk.internal.reflect.DelegatingMethodAccessorImpl.invoke(DelegatingMethodAccessorImpl.java:43) ~[na:na]
	at java.base/java.lang.reflect.Method.invoke(Method.java:568) ~[na:na]
	at com.vaadin.hilla.EndpointInvoker.invokeVaadinEndpointMethod(EndpointInvoker.java:463) ~[hilla-endpoint-24.7.4.jar:na]
	at com.vaadin.hilla.EndpointInvoker.invoke(EndpointInvoker.java:186) ~[hilla-endpoint-24.7.4.jar:na]
	at com.vaadin.hilla.EndpointController.doServeEndpoint(EndpointController.java:313) ~[hilla-endpoint-24.7.4.jar:na]
	at com.vaadin.hilla.EndpointController.serveEndpoint(EndpointController.java:193) ~[hilla-endpoint-24.7.4.jar:na]
	at jdk.internal.reflect.GeneratedMethodAccessor172.invoke(Unknown Source) ~[na:na]
	at java.base/jdk.internal.reflect.DelegatingMethodAccessorImpl.invoke(DelegatingMethodAccessorImpl.java:43) ~[na:na]
	at java.base/java.lang.reflect.Method.invoke(Method.java:568) ~[na:na]
	at org.springframework.web.method.support.InvocableHandlerMethod.doInvoke(InvocableHandlerMethod.java:258) ~[spring-web-6.2.6.jar:6.2.6]
	at org.springframework.web.method.support.InvocableHandlerMethod.invokeForRequest(InvocableHandlerMethod.java:191) ~[spring-web-6.2.6.jar:6.2.6]
	at org.springframework.web.servlet.mvc.method.annotation.ServletInvocableHandlerMethod.invokeAndHandle(ServletInvocableHandlerMethod.java:118) ~[spring-webmvc-6.2.6.jar:6.2.6]
	at org.springframework.web.servlet.mvc.method.annotation.RequestMappingHandlerAdapter.invokeHandlerMethod(RequestMappingHandlerAdapter.java:986) ~[spring-webmvc-6.2.6.jar:6.2.6]
	at org.springframework.web.servlet.mvc.method.annotation.RequestMappingHandlerAdapter.handleInternal(RequestMappingHandlerAdapter.java:891) ~[spring-webmvc-6.2.6.jar:6.2.6]
	at org.springframework.web.servlet.mvc.method.AbstractHandlerMethodAdapter.handle(AbstractHandlerMethodAdapter.java:87) ~[spring-webmvc-6.2.6.jar:6.2.6]
	at org.springframework.web.servlet.DispatcherServlet.doDispatch(DispatcherServlet.java:1089) ~[spring-webmvc-6.2.6.jar:6.2.6]
	at org.springframework.web.servlet.DispatcherServlet.doService(DispatcherServlet.java:979) ~[spring-webmvc-6.2.6.jar:6.2.6]
	at org.springframework.web.servlet.FrameworkServlet.processRequest(FrameworkServlet.java:1014) ~[spring-webmvc-6.2.6.jar:6.2.6]
	at org.springframework.web.servlet.FrameworkServlet.doPost(FrameworkServlet.java:914) ~[spring-webmvc-6.2.6.jar:6.2.6]
	at jakarta.servlet.http.HttpServlet.service(HttpServlet.java:590) ~[tomcat-embed-core-10.1.40.jar:6.0]
	at org.springframework.web.servlet.FrameworkServlet.service(FrameworkServlet.java:885) ~[spring-webmvc-6.2.6.jar:6.2.6]
	at jakarta.servlet.http.HttpServlet.service(HttpServlet.java:658) ~[tomcat-embed-core-10.1.40.jar:6.0]
	at org.apache.catalina.core.ApplicationFilterChain.internalDoFilter(ApplicationFilterChain.java:195) ~[tomcat-embed-core-10.1.40.jar:10.1.40]
	at org.apache.catalina.core.ApplicationFilterChain.doFilter(ApplicationFilterChain.java:140) ~[tomcat-embed-core-10.1.40.jar:10.1.40]
	at org.apache.tomcat.websocket.server.WsFilter.doFilter(WsFilter.java:51) ~[tomcat-embed-websocket-10.1.40.jar:10.1.40]
	at org.apache.catalina.core.ApplicationFilterChain.internalDoFilter(ApplicationFilterChain.java:164) ~[tomcat-embed-core-10.1.40.jar:10.1.40]
	at org.apache.catalina.core.ApplicationFilterChain.doFilter(ApplicationFilterChain.java:140) ~[tomcat-embed-core-10.1.40.jar:10.1.40]
	at org.springframework.web.filter.CompositeFilter$VirtualFilterChain.doFilter(CompositeFilter.java:108) ~[spring-web-6.2.6.jar:6.2.6]
	at org.springframework.security.web.FilterChainProxy.lambda$doFilterInternal$3(FilterChainProxy.java:231) ~[spring-security-web-6.4.5.jar:6.4.5]
	at org.springframework.security.web.ObservationFilterChainDecorator$FilterObservation$SimpleFilterObservation.lambda$wrap$1(ObservationFilterChainDecorator.java:479) ~[spring-security-web-6.4.5.jar:6.4.5]
	at org.springframework.security.web.ObservationFilterChainDecorator$AroundFilterObservation$SimpleAroundFilterObservation.lambda$wrap$1(ObservationFilterChainDecorator.java:340) ~[spring-security-web-6.4.5.jar:6.4.5]
	at org.springframework.security.web.ObservationFilterChainDecorator.lambda$wrapSecured$0(ObservationFilterChainDecorator.java:82) ~[spring-security-web-6.4.5.jar:6.4.5]
	at org.springframework.security.web.ObservationFilterChainDecorator$VirtualFilterChain.doFilter(ObservationFilterChainDecorator.java:128) ~[spring-security-web-6.4.5.jar:6.4.5]
	at org.springframework.security.web.access.intercept.AuthorizationFilter.doFilter(AuthorizationFilter.java:101) ~[spring-security-web-6.4.5.jar:6.4.5]
	at org.springframework.security.web.ObservationFilterChainDecorator$ObservationFilter.wrapFilter(ObservationFilterChainDecorator.java:240) ~[spring-security-web-6.4.5.jar:6.4.5]
	at org.springframework.security.web.ObservationFilterChainDecorator$ObservationFilter.doFilter(ObservationFilterChainDecorator.java:227) ~[spring-security-web-6.4.5.jar:6.4.5]
	at org.springframework.security.web.ObservationFilterChainDecorator$VirtualFilterChain.doFilter(ObservationFilterChainDecorator.java:137) ~[spring-security-web-6.4.5.jar:6.4.5]
	at org.springframework.security.web.access.ExceptionTranslationFilter.doFilter(ExceptionTranslationFilter.java:126) ~[spring-security-web-6.4.5.jar:6.4.5]
	at org.springframework.security.web.access.ExceptionTranslationFilter.doFilter(ExceptionTranslationFilter.java:120) ~[spring-security-web-6.4.5.jar:6.4.5]
	at org.springframework.security.web.ObservationFilterChainDecorator$ObservationFilter.wrapFilter(ObservationFilterChainDecorator.java:240) ~[spring-security-web-6.4.5.jar:6.4.5]
	at org.springframework.security.web.ObservationFilterChainDecorator$ObservationFilter.doFilter(ObservationFilterChainDecorator.java:227) ~[spring-security-web-6.4.5.jar:6.4.5]
	at org.springframework.security.web.ObservationFilterChainDecorator$VirtualFilterChain.doFilter(ObservationFilterChainDecorator.java:137) ~[spring-security-web-6.4.5.jar:6.4.5]
	at org.springframework.security.web.authentication.AnonymousAuthenticationFilter.doFilter(AnonymousAuthenticationFilter.java:100) ~[spring-security-web-6.4.5.jar:6.4.5]
	at org.springframework.security.web.ObservationFilterChainDecorator$ObservationFilter.wrapFilter(ObservationFilterChainDecorator.java:240) ~[spring-security-web-6.4.5.jar:6.4.5]
	at org.springframework.security.web.ObservationFilterChainDecorator$ObservationFilter.doFilter(ObservationFilterChainDecorator.java:227) ~[spring-security-web-6.4.5.jar:6.4.5]
	at org.springframework.security.web.ObservationFilterChainDecorator$VirtualFilterChain.doFilter(ObservationFilterChainDecorator.java:137) ~[spring-security-web-6.4.5.jar:6.4.5]
	at org.springframework.security.web.servletapi.SecurityContextHolderAwareRequestFilter.doFilter(SecurityContextHolderAwareRequestFilter.java:179) ~[spring-security-web-6.4.5.jar:6.4.5]
	at org.springframework.security.web.ObservationFilterChainDecorator$ObservationFilter.wrapFilter(ObservationFilterChainDecorator.java:240) ~[spring-security-web-6.4.5.jar:6.4.5]
	at org.springframework.security.web.ObservationFilterChainDecorator$ObservationFilter.doFilter(ObservationFilterChainDecorator.java:227) ~[spring-security-web-6.4.5.jar:6.4.5]
	at org.springframework.security.web.ObservationFilterChainDecorator$VirtualFilterChain.doFilter(ObservationFilterChainDecorator.java:137) ~[spring-security-web-6.4.5.jar:6.4.5]
	at org.springframework.security.web.savedrequest.RequestCacheAwareFilter.doFilter(RequestCacheAwareFilter.java:63) ~[spring-security-web-6.4.5.jar:6.4.5]
	at org.springframework.security.web.ObservationFilterChainDecorator$ObservationFilter.wrapFilter(ObservationFilterChainDecorator.java:240) ~[spring-security-web-6.4.5.jar:6.4.5]
	at org.springframework.security.web.ObservationFilterChainDecorator$ObservationFilter.doFilter(ObservationFilterChainDecorator.java:227) ~[spring-security-web-6.4.5.jar:6.4.5]
	at org.springframework.security.web.ObservationFilterChainDecorator$VirtualFilterChain.doFilter(ObservationFilterChainDecorator.java:137) ~[spring-security-web-6.4.5.jar:6.4.5]
	at org.springframework.security.web.authentication.logout.LogoutFilter.doFilter(LogoutFilter.java:107) ~[spring-security-web-6.4.5.jar:6.4.5]
	at org.springframework.security.web.authentication.logout.LogoutFilter.doFilter(LogoutFilter.java:93) ~[spring-security-web-6.4.5.jar:6.4.5]
	at org.springframework.security.web.ObservationFilterChainDecorator$ObservationFilter.wrapFilter(ObservationFilterChainDecorator.java:240) ~[spring-security-web-6.4.5.jar:6.4.5]
	at org.springframework.security.web.ObservationFilterChainDecorator$ObservationFilter.doFilter(ObservationFilterChainDecorator.java:227) ~[spring-security-web-6.4.5.jar:6.4.5]
	at org.springframework.security.web.ObservationFilterChainDecorator$VirtualFilterChain.doFilter(ObservationFilterChainDecorator.java:137) ~[spring-security-web-6.4.5.jar:6.4.5]
	at org.springframework.security.web.header.HeaderWriterFilter.doHeadersAfter(HeaderWriterFilter.java:90) ~[spring-security-web-6.4.5.jar:6.4.5]
	at org.springframework.security.web.header.HeaderWriterFilter.doFilterInternal(HeaderWriterFilter.java:75) ~[spring-security-web-6.4.5.jar:6.4.5]
	at org.springframework.web.filter.OncePerRequestFilter.doFilter(OncePerRequestFilter.java:116) ~[spring-web-6.2.6.jar:6.2.6]
	at org.springframework.security.web.ObservationFilterChainDecorator$ObservationFilter.wrapFilter(ObservationFilterChainDecorator.java:240) ~[spring-security-web-6.4.5.jar:6.4.5]
	at org.springframework.security.web.ObservationFilterChainDecorator$ObservationFilter.doFilter(ObservationFilterChainDecorator.java:227) ~[spring-security-web-6.4.5.jar:6.4.5]
	at org.springframework.security.web.ObservationFilterChainDecorator$VirtualFilterChain.doFilter(ObservationFilterChainDecorator.java:137) ~[spring-security-web-6.4.5.jar:6.4.5]
	at org.springframework.security.web.context.SecurityContextHolderFilter.doFilter(SecurityContextHolderFilter.java:82) ~[spring-security-web-6.4.5.jar:6.4.5]
	at org.springframework.security.web.context.SecurityContextHolderFilter.doFilter(SecurityContextHolderFilter.java:69) ~[spring-security-web-6.4.5.jar:6.4.5]
	at org.springframework.security.web.ObservationFilterChainDecorator$ObservationFilter.wrapFilter(ObservationFilterChainDecorator.java:240) ~[spring-security-web-6.4.5.jar:6.4.5]
	at org.springframework.security.web.ObservationFilterChainDecorator$ObservationFilter.doFilter(ObservationFilterChainDecorator.java:227) ~[spring-security-web-6.4.5.jar:6.4.5]
	at org.springframework.security.web.ObservationFilterChainDecorator$VirtualFilterChain.doFilter(ObservationFilterChainDecorator.java:137) ~[spring-security-web-6.4.5.jar:6.4.5]
	at org.springframework.security.web.context.request.async.WebAsyncManagerIntegrationFilter.doFilterInternal(WebAsyncManagerIntegrationFilter.java:62) ~[spring-security-web-6.4.5.jar:6.4.5]
	at org.springframework.web.filter.OncePerRequestFilter.doFilter(OncePerRequestFilter.java:116) ~[spring-web-6.2.6.jar:6.2.6]
	at org.springframework.security.web.ObservationFilterChainDecorator$ObservationFilter.wrapFilter(ObservationFilterChainDecorator.java:240) ~[spring-security-web-6.4.5.jar:6.4.5]
	at org.springframework.security.web.ObservationFilterChainDecorator$ObservationFilter.doFilter(ObservationFilterChainDecorator.java:227) ~[spring-security-web-6.4.5.jar:6.4.5]
	at org.springframework.security.web.ObservationFilterChainDecorator$VirtualFilterChain.doFilter(ObservationFilterChainDecorator.java:137) ~[spring-security-web-6.4.5.jar:6.4.5]
	at org.springframework.security.web.session.DisableEncodeUrlFilter.doFilterInternal(DisableEncodeUrlFilter.java:42) ~[spring-security-web-6.4.5.jar:6.4.5]
	at org.springframework.web.filter.OncePerRequestFilter.doFilter(OncePerRequestFilter.java:116) ~[spring-web-6.2.6.jar:6.2.6]
	at org.springframework.security.web.ObservationFilterChainDecorator$ObservationFilter.wrapFilter(ObservationFilterChainDecorator.java:240) ~[spring-security-web-6.4.5.jar:6.4.5]
	at org.springframework.security.web.ObservationFilterChainDecorator$AroundFilterObservation$SimpleAroundFilterObservation.lambda$wrap$0(ObservationFilterChainDecorator.java:323) ~[spring-security-web-6.4.5.jar:6.4.5]
	at org.springframework.security.web.ObservationFilterChainDecorator$ObservationFilter.doFilter(ObservationFilterChainDecorator.java:224) ~[spring-security-web-6.4.5.jar:6.4.5]
	at org.springframework.security.web.ObservationFilterChainDecorator$VirtualFilterChain.doFilter(ObservationFilterChainDecorator.java:137) ~[spring-security-web-6.4.5.jar:6.4.5]
	at org.springframework.security.web.FilterChainProxy.doFilterInternal(FilterChainProxy.java:233) ~[spring-security-web-6.4.5.jar:6.4.5]
	at org.springframework.security.web.FilterChainProxy.doFilter(FilterChainProxy.java:191) ~[spring-security-web-6.4.5.jar:6.4.5]
	at org.springframework.web.filter.CompositeFilter$VirtualFilterChain.doFilter(CompositeFilter.java:113) ~[spring-web-6.2.6.jar:6.2.6]
	at org.springframework.web.servlet.handler.HandlerMappingIntrospector.lambda$createCacheFilter$3(HandlerMappingIntrospector.java:243) ~[spring-webmvc-6.2.6.jar:6.2.6]
	at org.springframework.web.filter.CompositeFilter$VirtualFilterChain.doFilter(CompositeFilter.java:113) ~[spring-web-6.2.6.jar:6.2.6]
	at org.springframework.web.filter.CompositeFilter.doFilter(CompositeFilter.java:74) ~[spring-web-6.2.6.jar:6.2.6]
	at org.springframework.security.config.annotation.web.configuration.WebMvcSecurityConfiguration$CompositeFilterChainProxy.doFilter(WebMvcSecurityConfiguration.java:238) ~[spring-security-config-6.4.5.jar:6.4.5]
	at org.springframework.web.filter.DelegatingFilterProxy.invokeDelegate(DelegatingFilterProxy.java:362) ~[spring-web-6.2.6.jar:6.2.6]
	at org.springframework.web.filter.DelegatingFilterProxy.doFilter(DelegatingFilterProxy.java:278) ~[spring-web-6.2.6.jar:6.2.6]
	at org.apache.catalina.core.ApplicationFilterChain.internalDoFilter(ApplicationFilterChain.java:164) ~[tomcat-embed-core-10.1.40.jar:10.1.40]
	at org.apache.catalina.core.ApplicationFilterChain.doFilter(ApplicationFilterChain.java:140) ~[tomcat-embed-core-10.1.40.jar:10.1.40]
	at org.springframework.web.filter.RequestContextFilter.doFilterInternal(RequestContextFilter.java:100) ~[spring-web-6.2.6.jar:6.2.6]
	at org.springframework.web.filter.OncePerRequestFilter.doFilter(OncePerRequestFilter.java:116) ~[spring-web-6.2.6.jar:6.2.6]
	at org.apache.catalina.core.ApplicationFilterChain.internalDoFilter(ApplicationFilterChain.java:164) ~[tomcat-embed-core-10.1.40.jar:10.1.40]
	at org.apache.catalina.core.ApplicationFilterChain.doFilter(ApplicationFilterChain.java:140) ~[tomcat-embed-core-10.1.40.jar:10.1.40]
	at org.springframework.web.filter.FormContentFilter.doFilterInternal(FormContentFilter.java:93) ~[spring-web-6.2.6.jar:6.2.6]
	at org.springframework.web.filter.OncePerRequestFilter.doFilter(OncePerRequestFilter.java:116) ~[spring-web-6.2.6.jar:6.2.6]
	at org.apache.catalina.core.ApplicationFilterChain.internalDoFilter(ApplicationFilterChain.java:164) ~[tomcat-embed-core-10.1.40.jar:10.1.40]
	at org.apache.catalina.core.ApplicationFilterChain.doFilter(ApplicationFilterChain.java:140) ~[tomcat-embed-core-10.1.40.jar:10.1.40]
	at org.springframework.web.filter.ServerHttpObservationFilter.doFilterInternal(ServerHttpObservationFilter.java:114) ~[spring-web-6.2.6.jar:6.2.6]
	at org.springframework.web.filter.OncePerRequestFilter.doFilter(OncePerRequestFilter.java:116) ~[spring-web-6.2.6.jar:6.2.6]
	at org.apache.catalina.core.ApplicationFilterChain.internalDoFilter(ApplicationFilterChain.java:164) ~[tomcat-embed-core-10.1.40.jar:10.1.40]
	at org.apache.catalina.core.ApplicationFilterChain.doFilter(ApplicationFilterChain.java:140) ~[tomcat-embed-core-10.1.40.jar:10.1.40]
	at org.springframework.web.filter.CharacterEncodingFilter.doFilterInternal(CharacterEncodingFilter.java:201) ~[spring-web-6.2.6.jar:6.2.6]
	at org.springframework.web.filter.OncePerRequestFilter.doFilter(OncePerRequestFilter.java:116) ~[spring-web-6.2.6.jar:6.2.6]
	at org.apache.catalina.core.ApplicationFilterChain.internalDoFilter(ApplicationFilterChain.java:164) ~[tomcat-embed-core-10.1.40.jar:10.1.40]
	at org.apache.catalina.core.ApplicationFilterChain.doFilter(ApplicationFilterChain.java:140) ~[tomcat-embed-core-10.1.40.jar:10.1.40]
	at org.apache.catalina.core.StandardWrapperValve.invoke(StandardWrapperValve.java:167) ~[tomcat-embed-core-10.1.40.jar:10.1.40]
	at org.apache.catalina.core.StandardContextValve.invoke(StandardContextValve.java:90) ~[tomcat-embed-core-10.1.40.jar:10.1.40]
	at org.apache.catalina.authenticator.AuthenticatorBase.invoke(AuthenticatorBase.java:483) ~[tomcat-embed-core-10.1.40.jar:10.1.40]
	at org.apache.catalina.core.StandardHostValve.invoke(StandardHostValve.java:116) ~[tomcat-embed-core-10.1.40.jar:10.1.40]
	at org.apache.catalina.valves.ErrorReportValve.invoke(ErrorReportValve.java:93) ~[tomcat-embed-core-10.1.40.jar:10.1.40]
	at org.apache.catalina.core.StandardEngineValve.invoke(StandardEngineValve.java:74) ~[tomcat-embed-core-10.1.40.jar:10.1.40]
	at org.apache.catalina.connector.CoyoteAdapter.service(CoyoteAdapter.java:344) ~[tomcat-embed-core-10.1.40.jar:10.1.40]
	at org.apache.coyote.http11.Http11Processor.service(Http11Processor.java:398) ~[tomcat-embed-core-10.1.40.jar:10.1.40]
	at org.apache.coyote.AbstractProcessorLight.process(AbstractProcessorLight.java:63) ~[tomcat-embed-core-10.1.40.jar:10.1.40]
	at org.apache.coyote.AbstractProtocol$ConnectionHandler.process(AbstractProtocol.java:903) ~[tomcat-embed-core-10.1.40.jar:10.1.40]
	at org.apache.tomcat.util.net.NioEndpoint$SocketProcessor.doRun(NioEndpoint.java:1740) ~[tomcat-embed-core-10.1.40.jar:10.1.40]
	at org.apache.tomcat.util.net.SocketProcessorBase.run(SocketProcessorBase.java:52) ~[tomcat-embed-core-10.1.40.jar:10.1.40]
	at org.apache.tomcat.util.threads.ThreadPoolExecutor.runWorker(ThreadPoolExecutor.java:1189) ~[tomcat-embed-core-10.1.40.jar:10.1.40]
	at org.apache.tomcat.util.threads.ThreadPoolExecutor$Worker.run(ThreadPoolExecutor.java:658) ~[tomcat-embed-core-10.1.40.jar:10.1.40]
	at org.apache.tomcat.util.threads.TaskThread$WrappingRunnable.run(TaskThread.java:63) ~[tomcat-embed-core-10.1.40.jar:10.1.40]
	at java.base/java.lang.Thread.run(Thread.java:842) ~[na:na]
Caused by: org.springframework.dao.DataAccessResourceFailureException: Unable to acquire JDBC Connection [HikariPool-1 - Connection is not available, request timed out after 30000ms (total=0, active=0, idle=0, waiting=0)] [n/a]
	at org.springframework.orm.jpa.vendor.HibernateJpaDialect.convertHibernateAccessException(HibernateJpaDialect.java:278) ~[spring-orm-6.2.6.jar:6.2.6]
	at org.springframework.orm.jpa.vendor.HibernateJpaDialect.convertHibernateAccessException(HibernateJpaDialect.java:256) ~[spring-orm-6.2.6.jar:6.2.6]
	at org.springframework.orm.jpa.vendor.HibernateJpaDialect.translateExceptionIfPossible(HibernateJpaDialect.java:241) ~[spring-orm-6.2.6.jar:6.2.6]
	at org.springframework.orm.jpa.AbstractEntityManagerFactoryBean.translateExceptionIfPossible(AbstractEntityManagerFactoryBean.java:560) ~[spring-orm-6.2.6.jar:6.2.6]
	at org.springframework.dao.support.ChainedPersistenceExceptionTranslator.translateExceptionIfPossible(ChainedPersistenceExceptionTranslator.java:61) ~[spring-tx-6.2.6.jar:6.2.6]
	at org.springframework.dao.support.DataAccessUtils.translateIfNecessary(DataAccessUtils.java:343) ~[spring-tx-6.2.6.jar:6.2.6]
	at org.springframework.dao.support.PersistenceExceptionTranslationInterceptor.invoke(PersistenceExceptionTranslationInterceptor.java:160) ~[spring-tx-6.2.6.jar:6.2.6]
	at org.springframework.aop.framework.ReflectiveMethodInvocation.proceed(ReflectiveMethodInvocation.java:184) ~[spring-aop-6.2.6.jar:6.2.6]
	at org.springframework.data.jpa.repository.support.CrudMethodMetadataPostProcessor$CrudMethodMetadataPopulatingMethodInterceptor.invoke(CrudMethodMetadataPostProcessor.java:136) ~[spring-data-jpa-3.4.5.jar:3.4.5]
	at org.springframework.aop.framework.ReflectiveMethodInvocation.proceed(ReflectiveMethodInvocation.java:184) ~[spring-aop-6.2.6.jar:6.2.6]
	at org.springframework.aop.framework.JdkDynamicAopProxy.invoke(JdkDynamicAopProxy.java:223) ~[spring-aop-6.2.6.jar:6.2.6]
	at jdk.proxy4/jdk.proxy4.$Proxy180.findByCorreo(Unknown Source) ~[na:na]
	at org.proyecto.nvidiacorp.base.controller.services.UsuarioServices.getPersonaLogueada(UsuarioServices.java:214) ~[classes/:na]
	... 126 common frames omitted
Caused by: org.hibernate.exception.JDBCConnectionException: Unable to acquire JDBC Connection [HikariPool-1 - Connection is not available, request timed out after 30000ms (total=0, active=0, idle=0, waiting=0)] [n/a]
	at org.hibernate.exception.internal.SQLExceptionTypeDelegate.convert(SQLExceptionTypeDelegate.java:51) ~[hibernate-core-6.6.13.Final.jar:6.6.13.Final]
	at org.hibernate.exception.internal.StandardSQLExceptionConverter.convert(StandardSQLExceptionConverter.java:58) ~[hibernate-core-6.6.13.Final.jar:6.6.13.Final]
	at org.hibernate.engine.jdbc.spi.SqlExceptionHelper.convert(SqlExceptionHelper.java:108) ~[hibernate-core-6.6.13.Final.jar:6.6.13.Final]
	at org.hibernate.engine.jdbc.spi.SqlExceptionHelper.convert(SqlExceptionHelper.java:94) ~[hibernate-core-6.6.13.Final.jar:6.6.13.Final]
	at org.hibernate.resource.jdbc.internal.LogicalConnectionManagedImpl.acquireConnectionIfNeeded(LogicalConnectionManagedImpl.java:129) ~[hibernate-core-6.6.13.Final.jar:6.6.13.Final]
	at org.hibernate.resource.jdbc.internal.LogicalConnectionManagedImpl.getPhysicalConnection(LogicalConnectionManagedImpl.java:156) ~[hibernate-core-6.6.13.Final.jar:6.6.13.Final]
	at org.hibernate.engine.jdbc.internal.StatementPreparerImpl.connection(StatementPreparerImpl.java:56) ~[hibernate-core-6.6.13.Final.jar:6.6.13.Final]
	at org.hibernate.engine.jdbc.internal.StatementPreparerImpl$4.doPrepare(StatementPreparerImpl.java:151) ~[hibernate-core-6.6.13.Final.jar:6.6.13.Final]
	at org.hibernate.engine.jdbc.internal.StatementPreparerImpl$StatementPreparationTemplate.prepareStatement(StatementPreparerImpl.java:180) ~[hibernate-core-6.6.13.Final.jar:6.6.13.Final]
	at org.hibernate.engine.jdbc.internal.StatementPreparerImpl.prepareQueryStatement(StatementPreparerImpl.java:153) ~[hibernate-core-6.6.13.Final.jar:6.6.13.Final]
	at org.hibernate.sql.exec.internal.StandardStatementCreator.createStatement(StandardStatementCreator.java:49) ~[hibernate-core-6.6.13.Final.jar:6.6.13.Final]
	at org.hibernate.sql.results.jdbc.internal.DeferredResultSetAccess.executeQuery(DeferredResultSetAccess.java:235) ~[hibernate-core-6.6.13.Final.jar:6.6.13.Final]
	at org.hibernate.sql.results.jdbc.internal.DeferredResultSetAccess.getResultSet(DeferredResultSetAccess.java:171) ~[hibernate-core-6.6.13.Final.jar:6.6.13.Final]
	at org.hibernate.sql.results.jdbc.internal.JdbcValuesResultSetImpl.<init>(JdbcValuesResultSetImpl.java:74) ~[hibernate-core-6.6.13.Final.jar:6.6.13.Final]
	at org.hibernate.sql.exec.internal.JdbcSelectExecutorStandardImpl.resolveJdbcValuesSource(JdbcSelectExecutorStandardImpl.java:355) ~[hibernate-core-6.6.13.Final.jar:6.6.13.Final]
	at org.hibernate.sql.exec.internal.JdbcSelectExecutorStandardImpl.doExecuteQuery(JdbcSelectExecutorStandardImpl.java:137) ~[hibernate-core-6.6.13.Final.jar:6.6.13.Final]
	at org.hibernate.sql.exec.internal.JdbcSelectExecutorStandardImpl.executeQuery(JdbcSelectExecutorStandardImpl.java:102) ~[hibernate-core-6.6.13.Final.jar:6.6.13.Final]
	at org.hibernate.sql.exec.spi.JdbcSelectExecutor.executeQuery(JdbcSelectExecutor.java:91) ~[hibernate-core-6.6.13.Final.jar:6.6.13.Final]
	at org.hibernate.sql.exec.spi.JdbcSelectExecutor.list(JdbcSelectExecutor.java:165) ~[hibernate-core-6.6.13.Final.jar:6.6.13.Final]
	at org.hibernate.query.sqm.internal.ConcreteSqmSelectQueryPlan.lambda$new$1(ConcreteSqmSelectQueryPlan.java:152) ~[hibernate-core-6.6.13.Final.jar:6.6.13.Final]
	at org.hibernate.query.sqm.internal.ConcreteSqmSelectQueryPlan.withCacheableSqmInterpretation(ConcreteSqmSelectQueryPlan.java:442) ~[hibernate-core-6.6.13.Final.jar:6.6.13.Final]
	at org.hibernate.query.sqm.internal.ConcreteSqmSelectQueryPlan.performList(ConcreteSqmSelectQueryPlan.java:362) ~[hibernate-core-6.6.13.Final.jar:6.6.13.Final]
	at org.hibernate.query.sqm.internal.QuerySqmImpl.doList(QuerySqmImpl.java:380) ~[hibernate-core-6.6.13.Final.jar:6.6.13.Final]
	at org.hibernate.query.spi.AbstractSelectionQuery.list(AbstractSelectionQuery.java:143) ~[hibernate-core-6.6.13.Final.jar:6.6.13.Final]
	at org.hibernate.query.spi.AbstractSelectionQuery.getSingleResult(AbstractSelectionQuery.java:275) ~[hibernate-core-6.6.13.Final.jar:6.6.13.Final]
	at java.base/jdk.internal.reflect.NativeMethodAccessorImpl.invoke0(Native Method) ~[na:na]
	at java.base/jdk.internal.reflect.NativeMethodAccessorImpl.invoke(NativeMethodAccessorImpl.java:77) ~[na:na]
	at java.base/jdk.internal.reflect.DelegatingMethodAccessorImpl.invoke(DelegatingMethodAccessorImpl.java:43) ~[na:na]
	at java.base/java.lang.reflect.Method.invoke(Method.java:568) ~[na:na]
	at org.springframework.orm.jpa.SharedEntityManagerCreator$DeferredQueryInvocationHandler.invoke(SharedEntityManagerCreator.java:419) ~[spring-orm-6.2.6.jar:6.2.6]
	at jdk.proxy4/jdk.proxy4.$Proxy213.getSingleResult(Unknown Source) ~[na:na]
	at org.springframework.data.jpa.repository.query.JpaQueryExecution$SingleEntityExecution.doExecute(JpaQueryExecution.java:224) ~[spring-data-jpa-3.4.5.jar:3.4.5]
	at org.springframework.data.jpa.repository.query.JpaQueryExecution.execute(JpaQueryExecution.java:93) ~[spring-data-jpa-3.4.5.jar:3.4.5]
	at org.springframework.data.jpa.repository.query.AbstractJpaQuery.doExecute(AbstractJpaQuery.java:152) ~[spring-data-jpa-3.4.5.jar:3.4.5]
	at org.springframework.data.jpa.repository.query.AbstractJpaQuery.execute(AbstractJpaQuery.java:140) ~[spring-data-jpa-3.4.5.jar:3.4.5]
	at org.springframework.data.repository.core.support.RepositoryMethodInvoker.doInvoke(RepositoryMethodInvoker.java:170) ~[spring-data-commons-3.4.5.jar:3.4.5]
	at org.springframework.data.repository.core.support.RepositoryMethodInvoker.invoke(RepositoryMethodInvoker.java:158) ~[spring-data-commons-3.4.5.jar:3.4.5]
	at org.springframework.data.repository.core.support.QueryExecutorMethodInterceptor.doInvoke(QueryExecutorMethodInterceptor.java:170) ~[spring-data-commons-3.4.5.jar:3.4.5]
	at org.springframework.data.repository.core.support.QueryExecutorMethodInterceptor.invoke(QueryExecutorMethodInterceptor.java:149) ~[spring-data-commons-3.4.5.jar:3.4.5]
	at org.springframework.aop.framework.ReflectiveMethodInvocation.proceed(ReflectiveMethodInvocation.java:184) ~[spring-aop-6.2.6.jar:6.2.6]
	at org.springframework.data.projection.DefaultMethodInvokingMethodInterceptor.invoke(DefaultMethodInvokingMethodInterceptor.java:69) ~[spring-data-commons-3.4.5.jar:3.4.5]
	at org.springframework.aop.framework.ReflectiveMethodInvocation.proceed(ReflectiveMethodInvocation.java:184) ~[spring-aop-6.2.6.jar:6.2.6]
	at org.springframework.transaction.interceptor.TransactionAspectSupport.invokeWithinTransaction(TransactionAspectSupport.java:380) ~[spring-tx-6.2.6.jar:6.2.6]
	at org.springframework.transaction.interceptor.TransactionInterceptor.invoke(TransactionInterceptor.java:119) ~[spring-tx-6.2.6.jar:6.2.6]
	at org.springframework.aop.framework.ReflectiveMethodInvocation.proceed(ReflectiveMethodInvocation.java:184) ~[spring-aop-6.2.6.jar:6.2.6]
	at org.springframework.dao.support.PersistenceExceptionTranslationInterceptor.invoke(PersistenceExceptionTranslationInterceptor.java:138) ~[spring-tx-6.2.6.jar:6.2.6]
	... 132 common frames omitted
Caused by: java.sql.SQLTransientConnectionException: HikariPool-1 - Connection is not available, request timed out after 30000ms (total=0, active=0, idle=0, waiting=0)
	at com.zaxxer.hikari.pool.HikariPool.createTimeoutException(HikariPool.java:686) ~[HikariCP-5.1.0.jar:na]
	at com.zaxxer.hikari.pool.HikariPool.getConnection(HikariPool.java:179) ~[HikariCP-5.1.0.jar:na]
	at com.zaxxer.hikari.pool.HikariPool.getConnection(HikariPool.java:144) ~[HikariCP-5.1.0.jar:na]
	at com.zaxxer.hikari.HikariDataSource.getConnection(HikariDataSource.java:127) ~[HikariCP-5.1.0.jar:na]
	at org.hibernate.engine.jdbc.connections.internal.DatasourceConnectionProviderImpl.getConnection(DatasourceConnectionProviderImpl.java:126) ~[hibernate-core-6.6.13.Final.jar:6.6.13.Final]
	at org.hibernate.internal.NonContextualJdbcConnectionAccess.obtainConnection(NonContextualJdbcConnectionAccess.java:46) ~[hibernate-core-6.6.13.Final.jar:6.6.13.Final]
	at org.hibernate.resource.jdbc.internal.LogicalConnectionManagedImpl.acquireConnectionIfNeeded(LogicalConnectionManagedImpl.java:126) ~[hibernate-core-6.6.13.Final.jar:6.6.13.Final]
	... 173 common frames omitted
Caused by: java.sql.SQLNonTransientConnectionException: Socket fail to connect to address=(host=10.20.141.152)(port=3306)(type=primary). Connection timed out: no further information
	at org.mariadb.jdbc.client.impl.ConnectionHelper.connectSocket(ConnectionHelper.java:122) ~[mariadb-java-client-3.4.2.jar:na]
	at org.mariadb.jdbc.client.impl.StandardClient.<init>(StandardClient.java:129) ~[mariadb-java-client-3.4.2.jar:na]
	at org.mariadb.jdbc.Driver.connect(Driver.java:68) ~[mariadb-java-client-3.4.2.jar:na]
	at org.mariadb.jdbc.Driver.connect(Driver.java:92) ~[mariadb-java-client-3.4.2.jar:na]
	at org.mariadb.jdbc.Driver.connect(Driver.java:26) ~[mariadb-java-client-3.4.2.jar:na]
	at com.zaxxer.hikari.util.DriverDataSource.getConnection(DriverDataSource.java:137) ~[HikariCP-5.1.0.jar:na]
	at com.zaxxer.hikari.pool.PoolBase.newConnection(PoolBase.java:360) ~[HikariCP-5.1.0.jar:na]
	at com.zaxxer.hikari.pool.PoolBase.newPoolEntry(PoolBase.java:202) ~[HikariCP-5.1.0.jar:na]
	at com.zaxxer.hikari.pool.HikariPool.createPoolEntry(HikariPool.java:461) ~[HikariCP-5.1.0.jar:na]
	at com.zaxxer.hikari.pool.HikariPool$PoolEntryCreator.call(HikariPool.java:724) ~[HikariCP-5.1.0.jar:na]
	at com.zaxxer.hikari.pool.HikariPool$PoolEntryCreator.call(HikariPool.java:703) ~[HikariCP-5.1.0.jar:na]
	at java.base/java.util.concurrent.FutureTask.run(FutureTask.java:264) ~[na:na]
	at java.base/java.util.concurrent.ThreadPoolExecutor.runWorker(ThreadPoolExecutor.java:1136) ~[na:na]
	at java.base/java.util.concurrent.ThreadPoolExecutor$Worker.run(ThreadPoolExecutor.java:635) ~[na:na]
	... 1 common frames omitted
Caused by: java.net.ConnectException: Connection timed out: no further information
	at java.base/sun.nio.ch.Net.pollConnect(Native Method) ~[na:na]
	at java.base/sun.nio.ch.Net.pollConnectNow(Net.java:672) ~[na:na]
	at java.base/sun.nio.ch.NioSocketImpl.timedFinishConnect(NioSocketImpl.java:554) ~[na:na]
	at java.base/sun.nio.ch.NioSocketImpl.connect(NioSocketImpl.java:602) ~[na:na]
	at java.base/java.net.SocksSocketImpl.connect(SocksSocketImpl.java:327) ~[na:na]
	at java.base/java.net.Socket.connect(Socket.java:633) ~[na:na]
	at org.mariadb.jdbc.client.impl.ConnectionHelper.connectSocket(ConnectionHelper.java:116) ~[mariadb-java-client-3.4.2.jar:na]
	... 14 common frames omitted

2026-01-29T11:30:34.562-05:00  INFO 7564 --- [SpringApplicationShutdownHook] o.s.b.w.e.tomcat.GracefulShutdown        : Commencing graceful shutdown. Waiting for active requests to complete
2026-01-29T11:30:34.636-05:00  INFO 7564 --- [tomcat-shutdown] o.s.b.w.e.tomcat.GracefulShutdown        : Graceful shutdown complete
2026-01-29T11:30:34.652-05:00  INFO 7564 --- [SpringApplicationShutdownHook] j.LocalContainerEntityManagerFactoryBean : Closing JPA EntityManagerFactory for persistence unit 'default'
2026-01-29T11:30:34.655-05:00  INFO 7564 --- [SpringApplicationShutdownHook] com.zaxxer.hikari.HikariDataSource       : HikariPool-1 - Shutdown initiated...
2026-01-29T11:30:34.751-05:00  INFO 7564 --- [SpringApplicationShutdownHook] com.zaxxer.hikari.HikariDataSource       : HikariPool-1 - Shutdown completed.
